Word,Category,Starting_Letter,Length,Is_Compound,Component_Count
آئین‌نامه,Noun/Adjective/Misc,الف,9,1,2
آبادی‌نشین,Noun/Adjective/Misc,الف,10,1,2
آبزی‌پروری,Noun/Adjective/Misc,الف,10,1,2
آبله‌دار,Noun/Adjective/Misc,الف,8,1,2
آبله‌رو,Noun/Adjective/Misc,الف,7,1,2
آبله‌مرغان,Noun/Adjective/Misc,الف,10,1,2
آبله‌کوبی,Noun/Adjective/Misc,الف,9,1,2
آبله‌گون,Noun/Adjective/Misc,الف,8,1,2
آبگوشت‌خور,Noun/Adjective/Misc,الف,10,1,2
آبگوشت‌خوری,Noun/Adjective/Misc,الف,11,1,2
آبی‌پوش,Noun/Adjective/Misc,الف,7,1,2
آب‌انبار,Noun/Adjective/Misc,الف,8,1,2
آب‌اکسیژنه,Noun/Adjective/Misc,الف,10,1,2
آب‌باریکه,Noun/Adjective/Misc,الف,9,1,2
آب‌بازی,Noun/Adjective/Misc,الف,7,1,2
آب‌بند,Noun/Adjective/Misc,الف,6,1,2
آب‌بندی,Noun/Adjective/Misc,الف,7,1,2
آب‌بها,Noun/Adjective/Misc,الف,6,1,2
آب‌تنی,Noun/Adjective/Misc,الف,6,1,2
آب‌جو,Noun/Adjective/Misc,الف,5,1,2
آب‌جوفروش,Noun/Adjective/Misc,الف,9,1,2
آب‌جوفروشی,Noun/Adjective/Misc,الف,10,1,2
آب‌خوری,Noun/Adjective/Misc,الف,7,1,2
آب‌داده,Noun/Adjective/Misc,الف,7,1,2
آب‌درمانی,Noun/Adjective/Misc,الف,9,1,2
آب‌دزدک,Noun/Adjective/Misc,الف,7,1,2
آب‌دیده,Noun/Adjective/Misc,الف,7,1,2
آب‌رسان,Noun/Adjective/Misc,الف,7,1,2
آب‌رسانی,Noun/Adjective/Misc,الف,8,1,2
آب‌رفته,Noun/Adjective/Misc,الف,7,1,2
آب‌روغن,Noun/Adjective/Misc,الف,7,1,2
آب‌زدایی,Noun/Adjective/Misc,الف,8,1,2
آب‌زده,Noun/Adjective/Misc,الف,6,1,2
آب‌زن,Noun/Adjective/Misc,الف,5,1,2
آب‌زیرکاه,Noun/Adjective/Misc,الف,9,1,2
آب‌زیپو,Noun/Adjective/Misc,الف,7,1,2
آب‌سردکن,Noun/Adjective/Misc,الف,8,1,2
آب‌شده,Noun/Adjective/Misc,الف,6,1,2
آب‌شناسی,Noun/Adjective/Misc,الف,8,1,2
آب‌شنگولی,Noun/Adjective/Misc,الف,9,1,2
آب‌شیرین‌کن,Noun/Adjective/Misc,الف,11,1,3
آب‌طلا,Noun/Adjective/Misc,الف,6,1,2
آب‌غوره,Noun/Adjective/Misc,الف,7,1,2
آب‌لمبو,Noun/Adjective/Misc,الف,7,1,2
آب‌لنبو,Noun/Adjective/Misc,الف,7,1,2
آب‌لیمو,Noun/Adjective/Misc,الف,7,1,2
آب‌لیموخوری,Noun/Adjective/Misc,الف,11,1,2
آب‌لیموگیری,Noun/Adjective/Misc,الف,11,1,2
آب‌مروارید,Noun/Adjective/Misc,الف,10,1,2
آب‌میوه,Noun/Adjective/Misc,الف,7,1,2
آب‌میوه‌فروش,Noun/Adjective/Misc,الف,12,1,3
آب‌میوه‌فروشی,Noun/Adjective/Misc,الف,13,1,3
آب‌میوه‌گیری,Noun/Adjective/Misc,الف,12,1,3
آب‌نبات,Noun/Adjective/Misc,الف,7,1,2
آب‌نما,Noun/Adjective/Misc,الف,6,1,2
آب‌نمک,Noun/Adjective/Misc,الف,6,1,2
آب‌وتاب,Noun/Adjective/Misc,الف,7,1,2
آب‌پاش,Noun/Adjective/Misc,الف,6,1,2
آب‌پاشی,Noun/Adjective/Misc,الف,7,1,2
آب‌پز,Noun/Adjective/Misc,الف,5,1,2
آب‌چکان,Noun/Adjective/Misc,الف,7,1,2
آب‌ژاول,Noun/Adjective/Misc,الف,7,1,2
آب‌کردن,Noun/Adjective/Misc,الف,7,1,2
آب‌کردنی,Noun/Adjective/Misc,الف,8,1,2
آب‌کشی,Noun/Adjective/Misc,الف,6,1,2
آب‌کشیده,Noun/Adjective/Misc,الف,8,1,2
آب‌گرفته,Noun/Adjective/Misc,الف,8,1,2
آب‌گرفتگی,Noun/Adjective/Misc,الف,9,1,2
آب‌گرم‌کن,Noun/Adjective/Misc,الف,9,1,3
آب‌گوشت,Noun/Adjective/Misc,الف,7,1,2
آب‌گیری,Noun/Adjective/Misc,الف,7,1,2
آتشین‌مزاج,Noun/Adjective/Misc,الف,10,1,2
آتش‌افروز,Noun/Adjective/Misc,الف,9,1,2
آتش‌افروزی,Noun/Adjective/Misc,الف,10,1,2
آتش‌بار,Noun/Adjective/Misc,الف,7,1,2
آتش‌باران,Noun/Adjective/Misc,الف,9,1,2
آتش‌بازی,Noun/Adjective/Misc,الف,8,1,2
آتش‌بس,Noun/Adjective/Misc,الف,6,1,2
آتش‌بیار,Noun/Adjective/Misc,الف,8,1,2
آتش‌خانه,Noun/Adjective/Misc,الف,8,1,2
آتش‌زا,Noun/Adjective/Misc,الف,6,1,2
آتش‌سوزی,Noun/Adjective/Misc,الف,8,1,2
آتش‌فشان,Noun/Adjective/Misc,الف,8,1,2
آتش‌فشانی,Noun/Adjective/Misc,الف,9,1,2
آتش‌نشان,Noun/Adjective/Misc,الف,8,1,2
آتش‌نشانی,Noun/Adjective/Misc,الف,9,1,2
آتش‌پاره,Noun/Adjective/Misc,الف,8,1,2
آتش‌پرست,Noun/Adjective/Misc,الف,8,1,2
آتش‌پرستی,Noun/Adjective/Misc,الف,9,1,2
آتش‌گردان,Noun/Adjective/Misc,الف,9,1,2
آتش‌گرفته,Noun/Adjective/Misc,الف,9,1,2
آتش‌گیر,Noun/Adjective/Misc,الف,7,1,2
آتل‌بندی,Noun/Adjective/Misc,الف,8,1,2
آتل‌پیچ,Noun/Adjective/Misc,الف,7,1,2
آتیه‌دار,Noun/Adjective/Misc,الف,8,1,2
آتی‌ساز,Noun/Adjective/Misc,الف,7,1,2
آت‌آشغال,Noun/Adjective/Misc,الف,8,1,2
آجیل‌خوری,Noun/Adjective/Misc,الف,9,1,2
آجیل‌فروش,Noun/Adjective/Misc,الف,9,1,2
آجیل‌فروشی,Noun/Adjective/Misc,الف,10,1,2
آخرت‌گرا,Noun/Adjective/Misc,الف,8,1,2
آخ‌واوخ,Noun/Adjective/Misc,الف,7,1,2
آداب‌الصلوه,Noun/Adjective/Misc,الف,11,1,2
آداب‌دان,Noun/Adjective/Misc,الف,8,1,2
آدامس‌فروش,Noun/Adjective/Misc,الف,10,1,2
آدامس‌فروشی,Noun/Adjective/Misc,الف,11,1,2
آدرس‌دهی,Noun/Adjective/Misc,الف,8,1,2
آدرس‌نویسی,Noun/Adjective/Misc,الف,10,1,2
آدم‌آهنی,Noun/Adjective/Misc,الف,8,1,2
آدم‌برفی,Noun/Adjective/Misc,الف,8,1,2
آدم‌خوار,Noun/Adjective/Misc,الف,8,1,2
آدم‌خواری,Noun/Adjective/Misc,الف,9,1,2
آدم‌ربا,Noun/Adjective/Misc,الف,7,1,2
آدم‌ربایی,Noun/Adjective/Misc,الف,9,1,2
آدم‌شناس,Noun/Adjective/Misc,الف,8,1,2
آدم‌فروش,Noun/Adjective/Misc,الف,8,1,2
آدم‌فروشی,Noun/Adjective/Misc,الف,9,1,2
آدم‌ندیده,Noun/Adjective/Misc,الف,9,1,2
آدم‌نما,Noun/Adjective/Misc,الف,7,1,2
آدیس‌آبابا,Noun/Adjective/Misc,الف,10,1,2
آذری‌تبار,Noun/Adjective/Misc,الف,9,1,2
آذری‌زبان,Noun/Adjective/Misc,الف,9,1,2
آذین‌بخش,Noun/Adjective/Misc,الف,8,1,2
آذین‌شده,Noun/Adjective/Misc,الف,8,1,2
آراسته‌شده,Noun/Adjective/Misc,الف,10,1,2
آرامش‌بخش,Noun/Adjective/Misc,الف,9,1,2
آرامش‌دهنده,Noun/Adjective/Misc,الف,11,1,2
آرام‌آرام,Noun/Adjective/Misc,الف,9,1,2
آرام‌بخش,Noun/Adjective/Misc,الف,8,1,2
آرام‌سازی,Noun/Adjective/Misc,الف,9,1,2
آرام‌پز,Noun/Adjective/Misc,الف,7,1,2
آرام‌کننده,Noun/Adjective/Misc,الف,10,1,2
آرام‌گرفته,Noun/Adjective/Misc,الف,10,1,2
آرایش‌شده,Noun/Adjective/Misc,الف,9,1,2
آرایش‌کرده,Noun/Adjective/Misc,الف,10,1,2
آرایه‌شناس,Noun/Adjective/Misc,الف,10,1,2
آرمان‌خواه,Noun/Adjective/Misc,الف,10,1,2
آرمان‌خواهانه,Noun/Adjective/Misc,الف,13,1,2
آرمان‌خواهی,Noun/Adjective/Misc,الف,11,1,2
آرمان‌شهر,Noun/Adjective/Misc,الف,9,1,2
آرمان‌گرا,Noun/Adjective/Misc,الف,9,1,2
آرمان‌گرایانه,Noun/Adjective/Misc,الف,13,1,2
آرمان‌گرایی,Noun/Adjective/Misc,الف,11,1,2
آرواره‌دار,Noun/Adjective/Misc,الف,10,1,2
آرپی‌جی,Noun/Adjective/Misc,الف,7,1,2
آزاده‌پرور,Noun/Adjective/Misc,الف,10,1,2
آزادی‌بخش,Noun/Adjective/Misc,الف,9,1,2
آزادی‌جویانه,Noun/Adjective/Misc,الف,12,1,2
آزادی‌خواه,Noun/Adjective/Misc,الف,10,1,2
آزادی‌خواهانه,Noun/Adjective/Misc,الف,13,1,2
آزادی‌خواهی,Noun/Adjective/Misc,الف,11,1,2
آزادی‌ستیز,Noun/Adjective/Misc,الف,10,1,2
آزادی‌طلب,Noun/Adjective/Misc,الف,9,1,2
آزادی‌طلبی,Noun/Adjective/Misc,الف,10,1,2
آزرده‌خاطر,Noun/Adjective/Misc,الف,10,1,2
آزرده‌دل,Noun/Adjective/Misc,الف,8,1,2
آزمایش‌شده,Noun/Adjective/Misc,الف,10,1,2
آزمایش‌شونده,Noun/Adjective/Misc,الف,12,1,2
آزمایش‌کننده,Noun/Adjective/Misc,الف,12,1,2
آزمون‌پذیر,Noun/Adjective/Misc,الف,10,1,2
آسان‌سازی,Noun/Adjective/Misc,الف,9,1,2
آسان‌فهم,Noun/Adjective/Misc,الف,8,1,2
آسان‌گیری,Noun/Adjective/Misc,الف,9,1,2
آسایش‌طلب,Noun/Adjective/Misc,الف,9,1,2
آسایش‌طلبی,Noun/Adjective/Misc,الف,10,1,2
آستانه‌اشرفیه,Noun/Adjective/Misc,الف,13,1,2
آسفالت‌ریزی,Noun/Adjective/Misc,الف,11,1,2
آسفالت‌کار,Noun/Adjective/Misc,الف,10,1,2
آسفالت‌کاری,Noun/Adjective/Misc,الف,11,1,2
آسمان‌آباد,Noun/Adjective/Misc,الف,10,1,2
آسمان‌جل,Noun/Adjective/Misc,الف,8,1,2
آسمان‌خراش,Noun/Adjective/Misc,الف,10,1,2
آسمان‌غرنبه,Noun/Adjective/Misc,الف,11,1,2
آسمان‌نما,Noun/Adjective/Misc,الف,9,1,2
آسوده‌خاطر,Noun/Adjective/Misc,الف,10,1,2
آسوده‌خیال,Noun/Adjective/Misc,الف,10,1,2
آسوده‌خیالی,Noun/Adjective/Misc,الف,11,1,2
آسوده‌دل,Noun/Adjective/Misc,الف,8,1,2
آسیب‌دیده,Noun/Adjective/Misc,الف,9,1,2
آسیب‌دیدگی,Noun/Adjective/Misc,الف,10,1,2
آسیب‌رسان,Noun/Adjective/Misc,الف,9,1,2
آسیب‌رسانی,Noun/Adjective/Misc,الف,10,1,2
آسیب‌زا,Noun/Adjective/Misc,الف,7,1,2
آسیب‌زده,Noun/Adjective/Misc,الف,8,1,2
آسیب‌زدگی,Noun/Adjective/Misc,الف,9,1,2
آسیب‌زننده,Noun/Adjective/Misc,الف,10,1,2
آسیب‌شناس,Noun/Adjective/Misc,الف,9,1,2
آسیب‌شناسی,Noun/Adjective/Misc,الف,10,1,2
آسیب‌ناپذیر,Noun/Adjective/Misc,الف,11,1,2
آسیب‌ندیده,Noun/Adjective/Misc,الف,10,1,2
آسیب‌پذیر,Noun/Adjective/Misc,الف,9,1,2
آسیب‌پذیری,Noun/Adjective/Misc,الف,10,1,2
آسیمه‌سر,Noun/Adjective/Misc,الف,8,1,2
آس‌وپاس,Noun/Adjective/Misc,الف,7,1,2
آشتی‌جویانه,Noun/Adjective/Misc,الف,11,1,2
آشتی‌جویی,Noun/Adjective/Misc,الف,9,1,2
آشتی‌دهنده,Noun/Adjective/Misc,الف,10,1,2
آشتی‌طلبانه,Noun/Adjective/Misc,الف,11,1,2
آشتی‌ناپذیر,Noun/Adjective/Misc,الف,11,1,2
آشتی‌پذیر,Noun/Adjective/Misc,الف,9,1,2
آشتی‌کن,Noun/Adjective/Misc,الف,7,1,2
آشتی‌کننده,Noun/Adjective/Misc,الف,10,1,2
آشغال‌جمع‌کن,Noun/Adjective/Misc,الف,12,1,3
آشغال‌دان,Noun/Adjective/Misc,الف,9,1,2
آشغال‌فروش,Noun/Adjective/Misc,الف,10,1,2
آشفته‌بازار,Noun/Adjective/Misc,الف,11,1,2
آشفته‌حال,Noun/Adjective/Misc,الف,9,1,2
آشفته‌خاطر,Noun/Adjective/Misc,الف,10,1,2
آشنایی‌زدایی,Noun/Adjective/Misc,الف,12,1,2
آشوب‌آفرینی,Noun/Adjective/Misc,الف,11,1,2
آشوب‌زده,Noun/Adjective/Misc,الف,8,1,2
آشوب‌طلب,Noun/Adjective/Misc,الف,8,1,2
آشوب‌طلبانه,Noun/Adjective/Misc,الف,11,1,2
آش‌خور,Noun/Adjective/Misc,الف,6,1,2
آفتاب‌خورده,Noun/Adjective/Misc,الف,11,1,2
آفتاب‌زده,Noun/Adjective/Misc,الف,9,1,2
آفتاب‌زدگی,Noun/Adjective/Misc,الف,10,1,2
آفتاب‌سوخته,Noun/Adjective/Misc,الف,11,1,2
آفتاب‌سوختگی,Noun/Adjective/Misc,الف,12,1,2
آفتاب‌نزده,Noun/Adjective/Misc,الف,10,1,2
آفتاب‌پرست,Noun/Adjective/Misc,الف,10,1,2
آفتاب‌پرستی,Noun/Adjective/Misc,الف,11,1,2
آفتاب‌گردان,Noun/Adjective/Misc,الف,11,1,2
آفتاب‌گیر,Noun/Adjective/Misc,الف,9,1,2
آفت‌دیده,Noun/Adjective/Misc,الف,8,1,2
آفت‌رسیده,Noun/Adjective/Misc,الف,9,1,2
آفت‌زا,Noun/Adjective/Misc,الف,6,1,2
آفت‌زده,Noun/Adjective/Misc,الف,7,1,2
آفت‌زدگی,Noun/Adjective/Misc,الف,8,1,2
آفت‌پذیر,Noun/Adjective/Misc,الف,8,1,2
آفت‌کش,Noun/Adjective/Misc,الف,6,1,2
آفریده‌شده,Noun/Adjective/Misc,الف,10,1,2
آفریقایی‌تبار,Noun/Adjective/Misc,الف,13,1,2
آفرین‌گو,Noun/Adjective/Misc,الف,8,1,2
آق‌بانو,Noun/Adjective/Misc,الف,7,1,2
آق‌قلا,Noun/Adjective/Misc,الف,6,1,2
آلبالویی‌رنگ,Noun/Adjective/Misc,الف,12,1,2
آلبانیایی‌تبار,Noun/Adjective/Misc,الف,14,1,2
آلبانی‌زبان,Noun/Adjective/Misc,الف,11,1,2
آلرژی‌زا,Noun/Adjective/Misc,الف,8,1,2
آلمانی‌زبان,Noun/Adjective/Misc,الف,11,1,2
آلن‌پو,Noun/Adjective/Misc,الف,6,1,2
آلوده‌دامان,Noun/Adjective/Misc,الف,11,1,2
آلوده‌ساز,Noun/Adjective/Misc,الف,9,1,2
آلوده‌شده,Noun/Adjective/Misc,الف,9,1,2
آلوده‌کننده,Noun/Adjective/Misc,الف,11,1,2
آلودگی‌زدایی,Noun/Adjective/Misc,الف,12,1,2
آلومینیوم‌دار,Noun/Adjective/Misc,الف,13,1,2
آلومینیوم‌سازی,Noun/Adjective/Misc,الف,14,1,2
آل‌بویه,Noun/Adjective/Misc,الف,7,1,2
آل‌زده,Noun/Adjective/Misc,الف,6,1,2
آل‌زدگی,Noun/Adjective/Misc,الف,7,1,2
آل‌عمران,Noun/Adjective/Misc,الف,8,1,2
آل‌پاچینو,Noun/Adjective/Misc,الف,9,1,2
آماده‌باش,Noun/Adjective/Misc,الف,9,1,2
آماده‌ساز,Noun/Adjective/Misc,الف,9,1,2
آماده‌شده,Noun/Adjective/Misc,الف,9,1,2
آمرزش‌خواه,Noun/Adjective/Misc,الف,10,1,2
آمریکایی‌تبار,Noun/Adjective/Misc,الف,13,1,2
آمفی‌تئاتر,Noun/Adjective/Misc,الف,10,1,2
آموخته‌شده,Noun/Adjective/Misc,الف,10,1,2
آموزش‌دهنده,Noun/Adjective/Misc,الف,11,1,2
آموزش‌دیده,Noun/Adjective/Misc,الف,10,1,2
آموزش‌گیرنده,Noun/Adjective/Misc,الف,12,1,2
آموزش‌یافته,Noun/Adjective/Misc,الف,11,1,2
آمپلی‌فایر,Noun/Adjective/Misc,الف,10,1,2
آمپی‌سیلین,Noun/Adjective/Misc,الف,10,1,2
آمیخته‌شده,Noun/Adjective/Misc,الف,10,1,2
آنتیک‌فروش,Noun/Adjective/Misc,الف,10,1,2
آنتیک‌فروشی,Noun/Adjective/Misc,الف,11,1,2
آنتی‌اسید,Noun/Adjective/Misc,الف,9,1,2
آنتی‌بیوتیک‌دار,Noun/Adjective/Misc,الف,15,1,3
آنتی‌توکسین,Noun/Adjective/Misc,الف,11,1,2
آنزیم‌ساز,Noun/Adjective/Misc,الف,9,1,2
آن‌سو,Noun/Adjective/Misc,الف,5,1,2
آن‌طرف,Noun/Adjective/Misc,الف,6,1,2
آن‌طرف‌تر,Noun/Adjective/Misc,الف,9,1,3
آن‌قدر,Noun/Adjective/Misc,الف,6,1,2
آن‌چنان,Noun/Adjective/Misc,الف,7,1,2
آن‌که,Noun/Adjective/Misc,الف,5,1,2
آهسته‌آهسته,Noun/Adjective/Misc,الف,11,1,2
آهنگ‌ساز,Noun/Adjective/Misc,الف,8,1,2
آهنگ‌سازی,Noun/Adjective/Misc,الف,9,1,2
آهنین‌پنجه,Noun/Adjective/Misc,الف,10,1,2
آهن‌آلات,Noun/Adjective/Misc,الف,8,1,2
آهن‌بر,Noun/Adjective/Misc,الف,6,1,2
آهن‌بری,Noun/Adjective/Misc,الف,7,1,2
آهن‌ربا,Noun/Adjective/Misc,الف,7,1,2
آهن‌ربایی,Noun/Adjective/Misc,الف,9,1,2
آهن‌فروش,Noun/Adjective/Misc,الف,8,1,2
آهن‌فروشی,Noun/Adjective/Misc,الف,9,1,2
آهن‌قراضه,Noun/Adjective/Misc,الف,9,1,2
آهن‌پاره,Noun/Adjective/Misc,الف,8,1,2
آهن‌کار,Noun/Adjective/Misc,الف,7,1,2
آهک‌دار,Noun/Adjective/Misc,الف,7,1,2
آوازه‌خوان,Noun/Adjective/Misc,الف,10,1,2
آوازه‌خوانی,Noun/Adjective/Misc,الف,11,1,2
آویشن‌دار,Noun/Adjective/Misc,الف,9,1,2
آپارات‌خانه,Noun/Adjective/Misc,الف,11,1,2
آپارتمان‌ساز,Noun/Adjective/Misc,الف,12,1,2
آپارتمان‌سازی,Noun/Adjective/Misc,الف,13,1,2
آپارتمان‌نشین,Noun/Adjective/Misc,الف,13,1,2
آپارتمان‌نشینی,Noun/Adjective/Misc,الف,14,1,2
آگاهی‌بخش,Noun/Adjective/Misc,الف,9,1,2
آگاهی‌دهنده,Noun/Adjective/Misc,الف,11,1,2
آگاه‌سازنده,Noun/Adjective/Misc,الف,11,1,2
آگاه‌سازی,Noun/Adjective/Misc,الف,9,1,2
آگاه‌کننده,Noun/Adjective/Misc,الف,10,1,2
آگهی‌دهنده,Noun/Adjective/Misc,الف,10,1,2
آگهی‌دهندگان,Noun/Adjective/Misc,الف,12,1,2
آیتم‌سازی,Noun/Adjective/Misc,الف,9,1,2
آیت‌الله,Noun/Adjective/Misc,الف,8,1,2
آیت‌الکرسی,Noun/Adjective/Misc,الف,10,1,2
آینده‌بینی,Noun/Adjective/Misc,الف,10,1,2
آینده‌ساز,Noun/Adjective/Misc,الف,9,1,2
آینده‌نگر,Noun/Adjective/Misc,الف,9,1,2
آینده‌نگرانه,Noun/Adjective/Misc,الف,12,1,2
آینده‌نگری,Noun/Adjective/Misc,الف,10,1,2
آینده‌پژوه,Noun/Adjective/Misc,الف,10,1,2
آینه‌بندان,Noun/Adjective/Misc,الف,10,1,2
آینه‌بندی,Noun/Adjective/Misc,الف,9,1,2
آینه‌کار,Noun/Adjective/Misc,الف,8,1,2
آینه‌کاری,Noun/Adjective/Misc,الف,9,1,2
آیینه‌بندان,Noun/Adjective/Misc,الف,11,1,2
آیینه‌خانه,Noun/Adjective/Misc,الف,10,1,2
آیینه‌کاری,Noun/Adjective/Misc,الف,10,1,2
آیین‌بندی,Noun/Adjective/Misc,الف,9,1,2
آیین‌مند,Noun/Adjective/Misc,الف,8,1,2
آیین‌نامه,Noun/Adjective/Misc,الف,9,1,2
آیین‌پرست,Noun/Adjective/Misc,الف,9,1,2
آی‌دی,Noun/Adjective/Misc,الف,5,1,2
آی‌فون,Noun/Adjective/Misc,الف,6,1,2
آی‌کیو,Noun/Adjective/Misc,الف,6,1,2
ائتلاف‌ساز,Noun/Adjective/Misc,الف,10,1,2
ائتلاف‌سازی,Noun/Adjective/Misc,الف,11,1,2
اباحه‌گر,Noun/Adjective/Misc,الف,8,1,2
ابداع‌شده,Noun/Adjective/Misc,الف,9,1,2
ابداع‌کننده,Noun/Adjective/Misc,الف,11,1,2
ابداع‌گر,Noun/Adjective/Misc,الف,8,1,2
ابراهیم‌آباد,Noun/Adjective/Misc,الف,12,1,2
ابراهیم‌خان,Noun/Adjective/Misc,الف,11,1,2
ابراهیم‌زاده,Noun/Adjective/Misc,الف,12,1,2
ابریشم‌باف,Noun/Adjective/Misc,الف,10,1,2
ابریشم‌بافی,Noun/Adjective/Misc,الف,11,1,2
ابریشم‌دوزی,Noun/Adjective/Misc,الف,11,1,2
ابریشم‌فروش,Noun/Adjective/Misc,الف,11,1,2
ابطال‌شده,Noun/Adjective/Misc,الف,9,1,2
ابطال‌ناپذیر,Noun/Adjective/Misc,الف,12,1,2
ابطال‌ناپذیری,Noun/Adjective/Misc,الف,13,1,2
ابطال‌پذیر,Noun/Adjective/Misc,الف,10,1,2
ابطال‌پذیری,Noun/Adjective/Misc,الف,11,1,2
ابطال‌کننده,Noun/Adjective/Misc,الف,11,1,2
ابطال‌گرا,Noun/Adjective/Misc,الف,9,1,2
ابلاغ‌شده,Noun/Adjective/Misc,الف,9,1,2
ابلاغ‌نامه,Noun/Adjective/Misc,الف,10,1,2
ابنیه‌سازی,Noun/Adjective/Misc,الف,10,1,2
ابن‌الوقت,Noun/Adjective/Misc,الف,9,1,2
ابن‌بابویه,Noun/Adjective/Misc,الف,10,1,2
ابن‌بطوطه,Noun/Adjective/Misc,الف,9,1,2
ابن‌سینا,Noun/Adjective/Misc,الف,8,1,2
ابهام‌آفرین,Noun/Adjective/Misc,الف,11,1,2
ابهام‌آلود,Noun/Adjective/Misc,الف,10,1,2
ابهام‌آمیز,Noun/Adjective/Misc,الف,10,1,2
ابهام‌آور,Noun/Adjective/Misc,الف,9,1,2
ابهام‌انگیز,Noun/Adjective/Misc,الف,11,1,2
ابهام‌برانگیز,Noun/Adjective/Misc,الف,13,1,2
ابهام‌زا,Noun/Adjective/Misc,الف,8,1,2
ابهام‌زدایی,Noun/Adjective/Misc,الف,11,1,2
ابهت‌انگیز,Noun/Adjective/Misc,الف,10,1,2
ابی‌طالب,Noun/Adjective/Misc,الف,8,1,2
ابی‌عبدالله,Noun/Adjective/Misc,الف,11,1,2
اتاق‌خواب,Noun/Adjective/Misc,الف,9,1,2
اتاق‌دار,Noun/Adjective/Misc,الف,8,1,2
اتاق‌سازی,Noun/Adjective/Misc,الف,9,1,2
اتاق‌سرا,Noun/Adjective/Misc,الف,8,1,2
اتحادیه‌گرایی,Noun/Adjective/Misc,الف,13,1,2
اتصال‌پذیر,Noun/Adjective/Misc,الف,10,1,2
اتم‌شکافی,Noun/Adjective/Misc,الف,9,1,2
اتهام‌آمیز,Noun/Adjective/Misc,الف,10,1,2
اتهام‌برانگیز,Noun/Adjective/Misc,الف,13,1,2
اتهام‌نامه,Noun/Adjective/Misc,الف,10,1,2
اتهام‌پراکنی,Noun/Adjective/Misc,الف,12,1,2
اتوبان‌سازی,Noun/Adjective/Misc,الف,11,1,2
اتوبوس‌ران,Noun/Adjective/Misc,الف,10,1,2
اتوبوس‌رانی,Noun/Adjective/Misc,الف,11,1,2
اتوبوس‌سازی,Noun/Adjective/Misc,الف,11,1,2
اتومبیل‌ران,Noun/Adjective/Misc,الف,11,1,2
اتومبیل‌رانی,Noun/Adjective/Misc,الف,12,1,2
اتومبیل‌سازی,Noun/Adjective/Misc,الف,12,1,2
اتومبیل‌سواری,Noun/Adjective/Misc,الف,13,1,2
اتومبیل‌فروشی,Noun/Adjective/Misc,الف,13,1,2
اثاث‌کشی,Noun/Adjective/Misc,الف,8,1,2
اثبات‌شده,Noun/Adjective/Misc,الف,9,1,2
اثبات‌ناپذیر,Noun/Adjective/Misc,الف,12,1,2
اثبات‌نشدن,Noun/Adjective/Misc,الف,10,1,2
اثبات‌کننده,Noun/Adjective/Misc,الف,11,1,2
اثبات‌گرا,Noun/Adjective/Misc,الف,9,1,2
اثبات‌گرایی,Noun/Adjective/Misc,الف,11,1,2
اجابت‌کننده,Noun/Adjective/Misc,الف,11,1,2
اجاره‌بها,Noun/Adjective/Misc,الف,9,1,2
اجاره‌شده,Noun/Adjective/Misc,الف,9,1,2
اجاره‌نامه,Noun/Adjective/Misc,الف,10,1,2
اجاره‌نامچه,Noun/Adjective/Misc,الف,11,1,2
اجاره‌نشین,Noun/Adjective/Misc,الف,10,1,2
اجاره‌نشینی,Noun/Adjective/Misc,الف,11,1,2
اجاره‌کننده,Noun/Adjective/Misc,الف,11,1,2
اجازه‌نامه,Noun/Adjective/Misc,الف,10,1,2
اجاق‌کور,Noun/Adjective/Misc,الف,8,1,2
اجاق‌گاز,Noun/Adjective/Misc,الف,8,1,2
اجتماعی‌سرا,Noun/Adjective/Misc,الف,11,1,2
اجتماع‌پذیری,Noun/Adjective/Misc,الف,12,1,2
اجتماع‌کننده,Noun/Adjective/Misc,الف,12,1,2
اجتناب‌ناپذیر,Noun/Adjective/Misc,الف,13,1,2
اجتناب‌پذیر,Noun/Adjective/Misc,الف,11,1,2
اجتناب‌کننده,Noun/Adjective/Misc,الف,12,1,2
اجرت‌المثل,Noun/Adjective/Misc,الف,10,1,2
اجنبی‌پرست,Noun/Adjective/Misc,الف,10,1,2
احاطه‌شده,Noun/Adjective/Misc,الف,9,1,2
احاطه‌کننده,Noun/Adjective/Misc,الف,11,1,2
احترام‌آمیز,Noun/Adjective/Misc,الف,11,1,2
احترام‌برانگیز,Noun/Adjective/Misc,الف,14,1,2
احترام‌گذاری,Noun/Adjective/Misc,الف,12,1,2
احتیاط‌آمیز,Noun/Adjective/Misc,الف,11,1,2
احتیاط‌کاری,Noun/Adjective/Misc,الف,11,1,2
احداث‌شده,Noun/Adjective/Misc,الف,9,1,2
احداث‌کننده,Noun/Adjective/Misc,الف,11,1,2
احساس‌برانگیز,Noun/Adjective/Misc,الف,13,1,2
احساس‌گرا,Noun/Adjective/Misc,الف,9,1,2
احساس‌گرایانه,Noun/Adjective/Misc,الف,13,1,2
احسان‌بخش,Noun/Adjective/Misc,الف,9,1,2
احمدی‌نژاد,Noun/Adjective/Misc,الف,10,1,2
احوال‌پرسی,Noun/Adjective/Misc,الف,10,1,2
اختراع‌شده,Noun/Adjective/Misc,الف,10,1,2
اختصاص‌یافته,Noun/Adjective/Misc,الف,12,1,2
اختلاف‌آفرینی,Noun/Adjective/Misc,الف,13,1,2
اختلاف‌آمیز,Noun/Adjective/Misc,الف,11,1,2
اختلاف‌افکنی,Noun/Adjective/Misc,الف,12,1,2
اختلاف‌برانگیز,Noun/Adjective/Misc,الف,14,1,2
اخرایی‌رنگ,Noun/Adjective/Misc,الف,10,1,2
اخلاص‌گرایانه,Noun/Adjective/Misc,الف,13,1,2
اخلاق‌مداری,Noun/Adjective/Misc,الف,11,1,2
اخلاق‌گرا,Noun/Adjective/Misc,الف,9,1,2
اخلال‌کننده,Noun/Adjective/Misc,الف,11,1,2
اخلال‌گر,Noun/Adjective/Misc,الف,8,1,2
اخلال‌گری,Noun/Adjective/Misc,الف,9,1,2
اخم‌آلود,Noun/Adjective/Misc,الف,8,1,2
اخم‌وتخم,Noun/Adjective/Misc,الف,8,1,2
اخم‌کرده,Noun/Adjective/Misc,الف,8,1,2
اخوان‌الصفا,Noun/Adjective/Misc,الف,11,1,2
اداره‌جات,Noun/Adjective/Misc,الف,9,1,2
اداره‌کننده,Noun/Adjective/Misc,الف,11,1,2
ادامه‌دار,Noun/Adjective/Misc,الف,9,1,2
ادامه‌دهنده,Noun/Adjective/Misc,الف,11,1,2
ادب‌دان,Noun/Adjective/Misc,الف,7,1,2
ادب‌دوست,Noun/Adjective/Misc,الف,8,1,2
ادب‌شناس,Noun/Adjective/Misc,الف,8,1,2
ادب‌پرور,Noun/Adjective/Misc,الف,8,1,2
ادراک‌شده,Noun/Adjective/Misc,الف,9,1,2
ادراک‌پذیر,Noun/Adjective/Misc,الف,10,1,2
ادراک‌پذیری,Noun/Adjective/Misc,الف,11,1,2
ادراک‌کننده,Noun/Adjective/Misc,الف,11,1,2
ادغام‌شده,Noun/Adjective/Misc,الف,9,1,2
ادویه‌جات,Noun/Adjective/Misc,الف,9,1,2
ادویه‌دار,Noun/Adjective/Misc,الف,9,1,2
ادیب‌السلطنه,Noun/Adjective/Misc,الف,12,1,2
ادیب‌الممالک,Noun/Adjective/Misc,الف,12,1,2
اذان‌گو,Noun/Adjective/Misc,الف,7,1,2
ارائه‌دهنده,Noun/Adjective/Misc,الف,11,1,2
ارائه‌شده,Noun/Adjective/Misc,الف,9,1,2
ارائه‌کننده,Noun/Adjective/Misc,الف,11,1,2
ارابه‌ران,Noun/Adjective/Misc,الف,9,1,2
ارابه‌رو,Noun/Adjective/Misc,الف,8,1,2
ارابه‌چی,Noun/Adjective/Misc,الف,8,1,2
ارادت‌نامه,Noun/Adjective/Misc,الف,10,1,2
ارادت‌پیشه,Noun/Adjective/Misc,الف,10,1,2
اراذل‌واوباش,Noun/Adjective/Misc,الف,12,1,2
ارباب‌رجوع,Noun/Adjective/Misc,الف,10,1,2
ارباب‌رعیتی,Noun/Adjective/Misc,الف,11,1,2
ارباب‌زاده,Noun/Adjective/Misc,الف,10,1,2
ارباب‌منشانه,Noun/Adjective/Misc,الف,12,1,2
ارتباط‌دهنده,Noun/Adjective/Misc,الف,12,1,2
ارث‌بری,Noun/Adjective/Misc,الف,7,1,2
ارجاع‌کننده,Noun/Adjective/Misc,الف,11,1,2
ارحم‌الراحمین,Noun/Adjective/Misc,الف,13,1,2
ارداویراف‌نامه,Noun/Adjective/Misc,الف,14,1,2
ارده‌شیره,Noun/Adjective/Misc,الف,9,1,2
اردک‌ماهی,Noun/Adjective/Misc,الف,9,1,2
اردیبهشت‌ماه,Noun/Adjective/Misc,الف,12,1,2
ارزان‌سازی,Noun/Adjective/Misc,الف,10,1,2
ارزان‌فروش,Noun/Adjective/Misc,الف,10,1,2
ارزان‌فروشی,Noun/Adjective/Misc,الف,11,1,2
ارزان‌قیمت,Noun/Adjective/Misc,الف,10,1,2
ارزشیابی‌کننده,Noun/Adjective/Misc,الف,14,1,2
ارزش‌آفرین,Noun/Adjective/Misc,الف,10,1,2
ارزش‌دهی,Noun/Adjective/Misc,الف,8,1,2
ارزش‌مدار,Noun/Adjective/Misc,الف,9,1,2
ارزش‌مداری,Noun/Adjective/Misc,الف,10,1,2
ارزش‌گذار,Noun/Adjective/Misc,الف,9,1,2
ارزش‌گذاری,Noun/Adjective/Misc,الف,10,1,2
ارزش‌گرا,Noun/Adjective/Misc,الف,8,1,2
ارزش‌گرایانه,Noun/Adjective/Misc,الف,12,1,2
ارزش‌گرایی,Noun/Adjective/Misc,الف,10,1,2
ارزش‌یابی,Noun/Adjective/Misc,الف,9,1,2
ارزیابی‌دهنده,Noun/Adjective/Misc,الف,13,1,2
ارزیابی‌شده,Noun/Adjective/Misc,الف,11,1,2
ارزیابی‌شونده,Noun/Adjective/Misc,الف,13,1,2
ارزیابی‌کننده,Noun/Adjective/Misc,الف,13,1,2
ارسال‌المثل,Noun/Adjective/Misc,الف,11,1,2
ارسال‌شده,Noun/Adjective/Misc,الف,9,1,2
ارسال‌کننده,Noun/Adjective/Misc,الف,11,1,2
اره‌ماهی,Noun/Adjective/Misc,الف,8,1,2
اره‌کشی,Noun/Adjective/Misc,الف,7,1,2
اروپایی‌الاصل,Noun/Adjective/Misc,الف,13,1,2
ازآنجایی‌که,Noun/Adjective/Misc,الف,11,1,2
ازاینجایی‌که,Noun/Adjective/Misc,الف,12,1,2
ازاین‌رو,Noun/Adjective/Misc,الف,8,1,2
ازاین‌روی,Noun/Adjective/Misc,الف,9,1,2
ازدواج‌نکرده,Noun/Adjective/Misc,الف,12,1,2
ازدواج‌کرده,Noun/Adjective/Misc,الف,11,1,2
ازریخت‌افتاده,Noun/Adjective/Misc,الف,13,1,2
اسارت‌بار,Noun/Adjective/Misc,الف,9,1,2
اساس‌نامه,Noun/Adjective/Misc,الف,9,1,2
اسباب‌بازی,Noun/Adjective/Misc,الف,10,1,2
اسباب‌بازی‌فروشی,Noun/Adjective/Misc,الف,16,1,3
اسباب‌فروش,Noun/Adjective/Misc,الف,10,1,2
اسباب‌کشی,Noun/Adjective/Misc,الف,9,1,2
اسب‌دوانی,Noun/Adjective/Misc,الف,9,1,2
اسب‌سوار,Noun/Adjective/Misc,الف,8,1,2
اسب‌سواری,Noun/Adjective/Misc,الف,9,1,2
استحصال‌شده,Noun/Adjective/Misc,الف,11,1,2
استحمام‌کننده,Noun/Adjective/Misc,الف,13,1,2
استحکام‌بخشی,Noun/Adjective/Misc,الف,12,1,2
استخدام‌شده,Noun/Adjective/Misc,الف,11,1,2
استخدام‌کننده,Noun/Adjective/Misc,الف,13,1,2
استخراج‌شده,Noun/Adjective/Misc,الف,11,1,2
استخراج‌نشده,Noun/Adjective/Misc,الف,12,1,2
استخراج‌کننده,Noun/Adjective/Misc,الف,13,1,2
استخوان‌بندی,Noun/Adjective/Misc,الف,12,1,2
استخوان‌درد,Noun/Adjective/Misc,الف,11,1,2
استخوان‌سازی,Noun/Adjective/Misc,الف,12,1,2
استرس‌زا,Noun/Adjective/Misc,الف,8,1,2
استغاثه‌کن,Noun/Adjective/Misc,الف,10,1,2
استفاده‌جو,Noun/Adjective/Misc,الف,10,1,2
استفاده‌شده,Noun/Adjective/Misc,الف,11,1,2
استفاده‌نشده,Noun/Adjective/Misc,الف,12,1,2
استفاده‌پذیر,Noun/Adjective/Misc,الف,12,1,2
استفاده‌کننده,Noun/Adjective/Misc,الف,13,1,2
استقبال‌کننده,Noun/Adjective/Misc,الف,13,1,2
استقلال‌خواه,Noun/Adjective/Misc,الف,12,1,2
استقلال‌خواهی,Noun/Adjective/Misc,الف,13,1,2
استقلال‌طلب,Noun/Adjective/Misc,الف,11,1,2
استقلال‌طلبانه,Noun/Adjective/Misc,الف,14,1,2
استقلال‌طلبی,Noun/Adjective/Misc,الف,12,1,2
استقلال‌یافته,Noun/Adjective/Misc,الف,13,1,2
استنتاج‌گر,Noun/Adjective/Misc,الف,10,1,2
استنشاق‌شده,Noun/Adjective/Misc,الف,11,1,2
استهلاک‌پذیر,Noun/Adjective/Misc,الف,12,1,2
استیضاح‌نامه,Noun/Adjective/Misc,الف,12,1,2
استیضاح‌کننده,Noun/Adjective/Misc,الف,13,1,2
اسراف‌کار,Noun/Adjective/Misc,الف,9,1,2
اسراف‌کارانه,Noun/Adjective/Misc,الف,12,1,2
اسراف‌کاری,Noun/Adjective/Misc,الف,10,1,2
اسراف‌کننده,Noun/Adjective/Misc,الف,11,1,2
اسطوره‌سازی,Noun/Adjective/Misc,الف,11,1,2
اسطوره‌شناختی,Noun/Adjective/Misc,الف,13,1,2
اسطوره‌شناس,Noun/Adjective/Misc,الف,11,1,2
اسطوره‌شناسی,Noun/Adjective/Misc,الف,12,1,2
اسطوره‌وار,Noun/Adjective/Misc,الف,10,1,2
اسفل‌السافلین,Noun/Adjective/Misc,الف,13,1,2
اسف‌انگیز,Noun/Adjective/Misc,الف,9,1,2
اسقف‌نشین,Noun/Adjective/Misc,الف,9,1,2
اسلامی‌شده,Noun/Adjective/Misc,الف,10,1,2
اسلام‌آباد,Noun/Adjective/Misc,الف,10,1,2
اسلام‌آورنده,Noun/Adjective/Misc,الف,12,1,2
اسلام‌خواه,Noun/Adjective/Misc,الف,10,1,2
اسلام‌خواهی,Noun/Adjective/Misc,الف,11,1,2
اسلام‌ستیز,Noun/Adjective/Misc,الف,10,1,2
اسلام‌شناس,Noun/Adjective/Misc,الف,10,1,2
اسلام‌شناسی,Noun/Adjective/Misc,الف,11,1,2
اسلام‌شهر,Noun/Adjective/Misc,الف,9,1,2
اسلام‌پرور,Noun/Adjective/Misc,الف,10,1,2
اسلام‌پناه,Noun/Adjective/Misc,الف,10,1,2
اسلام‌پژوه,Noun/Adjective/Misc,الف,10,1,2
اسلام‌پژوهی,Noun/Adjective/Misc,الف,11,1,2
اسلام‌گرا,Noun/Adjective/Misc,الف,9,1,2
اسلام‌گرایانه,Noun/Adjective/Misc,الف,13,1,2
اسلام‌گرایی,Noun/Adjective/Misc,الف,11,1,2
اسلحه‌خانه,Noun/Adjective/Misc,الف,10,1,2
اسلحه‌ساز,Noun/Adjective/Misc,الف,9,1,2
اسلحه‌سازی,Noun/Adjective/Misc,الف,10,1,2
اسلوب‌شناسی,Noun/Adjective/Misc,الف,11,1,2
اسماعیل‌آباد,Noun/Adjective/Misc,الف,12,1,2
اسماعیل‌خان,Noun/Adjective/Misc,الف,11,1,2
اسماعیل‌زاده,Noun/Adjective/Misc,الف,12,1,2
اسماعیل‌پور,Noun/Adjective/Misc,الف,11,1,2
اسم‌ساز,Noun/Adjective/Misc,الف,7,1,2
اسم‌نویسی,Noun/Adjective/Misc,الف,9,1,2
اسم‌گذاری,Noun/Adjective/Misc,الف,9,1,2
اسپانیایی‌تبار,Noun/Adjective/Misc,الف,14,1,2
اسپانیایی‌زبان,Noun/Adjective/Misc,الف,14,1,2
اسپرم‌ساز,Noun/Adjective/Misc,الف,9,1,2
اسکان‌یافته,Noun/Adjective/Misc,الف,11,1,2
اسکلت‌بندی,Noun/Adjective/Misc,الف,10,1,2
اسکله‌سازی,Noun/Adjective/Misc,الف,10,1,2
اسکن‌کننده,Noun/Adjective/Misc,الف,10,1,2
اسکواش‌باز,Noun/Adjective/Misc,الف,10,1,2
اسکیت‌بازی,Noun/Adjective/Misc,الف,10,1,2
اشاره‌شده,Noun/Adjective/Misc,الف,9,1,2
اشاره‌کرده,Noun/Adjective/Misc,الف,10,1,2
اشاره‌کن,Noun/Adjective/Misc,الف,8,1,2
اشاره‌کننده,Noun/Adjective/Misc,الف,11,1,2
اشاره‌گر,Noun/Adjective/Misc,الف,8,1,2
اشباع‌شده,Noun/Adjective/Misc,الف,9,1,2
اشباع‌نشده,Noun/Adjective/Misc,الف,10,1,2
اشباع‌پذیر,Noun/Adjective/Misc,الف,10,1,2
اشتراک‌سازی,Noun/Adjective/Misc,الف,11,1,2
اشتراک‌پذیری,Noun/Adjective/Misc,الف,12,1,2
اشتراک‌گذار,Noun/Adjective/Misc,الف,11,1,2
اشتعال‌زا,Noun/Adjective/Misc,الف,9,1,2
اشتغال‌زا,Noun/Adjective/Misc,الف,9,1,2
اشتغال‌زایی,Noun/Adjective/Misc,الف,11,1,2
اشتقاق‌پذیر,Noun/Adjective/Misc,الف,11,1,2
اشراف‌زاده,Noun/Adjective/Misc,الف,10,1,2
اشراف‌زادگی,Noun/Adjective/Misc,الف,11,1,2
اشراف‌منشانه,Noun/Adjective/Misc,الف,12,1,2
اشرف‌الدین,Noun/Adjective/Misc,الف,10,1,2
اشعه‌درمان,Noun/Adjective/Misc,الف,10,1,2
اشغال‌شده,Noun/Adjective/Misc,الف,9,1,2
اشغال‌کننده,Noun/Adjective/Misc,الف,11,1,2
اشکال‌تراش,Noun/Adjective/Misc,الف,10,1,2
اشکال‌دار,Noun/Adjective/Misc,الف,9,1,2
اشکال‌زدا,Noun/Adjective/Misc,الف,9,1,2
اشکال‌گیری,Noun/Adjective/Misc,الف,10,1,2
اشکال‌یاب,Noun/Adjective/Misc,الف,9,1,2
اشک‌آلود,Noun/Adjective/Misc,الف,8,1,2
اشک‌آور,Noun/Adjective/Misc,الف,7,1,2
اشک‌بار,Noun/Adjective/Misc,الف,7,1,2
اشک‌ریز,Noun/Adjective/Misc,الف,7,1,2
اصطلاح‌سازی,Noun/Adjective/Misc,الف,11,1,2
اصطلاح‌شناسی,Noun/Adjective/Misc,الف,12,1,2
اصطلاح‌نامه,Noun/Adjective/Misc,الف,11,1,2
اصطلاح‌گزینی,Noun/Adjective/Misc,الف,12,1,2
اصلاح‌اندیش,Noun/Adjective/Misc,الف,11,1,2
اصلاح‌جو,Noun/Adjective/Misc,الف,8,1,2
اصلاح‌شده,Noun/Adjective/Misc,الف,9,1,2
اصلاح‌طلب,Noun/Adjective/Misc,الف,9,1,2
اصلاح‌طلبانه,Noun/Adjective/Misc,الف,12,1,2
اصلاح‌طلبی,Noun/Adjective/Misc,الف,10,1,2
اصلاح‌نامه,Noun/Adjective/Misc,الف,10,1,2
اصلاح‌ناپذیر,Noun/Adjective/Misc,الف,12,1,2
اصلاح‌نشده,Noun/Adjective/Misc,الف,10,1,2
اصلاح‌پذیر,Noun/Adjective/Misc,الف,10,1,2
اصلاح‌کرده,Noun/Adjective/Misc,الف,10,1,2
اصلاح‌کننده,Noun/Adjective/Misc,الف,11,1,2
اصلاح‌گر,Noun/Adjective/Misc,الف,8,1,2
اصلاح‌گرا,Noun/Adjective/Misc,الف,9,1,2
اصلاح‌گرایانه,Noun/Adjective/Misc,الف,13,1,2
اصول‌گرا,Noun/Adjective/Misc,الف,8,1,2
اصول‌گرایانه,Noun/Adjective/Misc,الف,12,1,2
اضافه‌بار,Noun/Adjective/Misc,الف,9,1,2
اضافه‌شده,Noun/Adjective/Misc,الف,9,1,2
اضافه‌وزن,Noun/Adjective/Misc,الف,9,1,2
اضافه‌کار,Noun/Adjective/Misc,الف,9,1,2
اضطراب‌آور,Noun/Adjective/Misc,الف,10,1,2
اطاعت‌پذیری,Noun/Adjective/Misc,الف,11,1,2
اطاعت‌کننده,Noun/Adjective/Misc,الف,11,1,2
اطلاع‌رسان,Noun/Adjective/Misc,الف,10,1,2
اطلاع‌رسانی,Noun/Adjective/Misc,الف,11,1,2
اطلاع‌یابی,Noun/Adjective/Misc,الف,10,1,2
اطلس‌فروش,Noun/Adjective/Misc,الف,9,1,2
اطمینان‌آمیز,Noun/Adjective/Misc,الف,12,1,2
اطمینان‌بخش,Noun/Adjective/Misc,الف,11,1,2
اطمینان‌ساز,Noun/Adjective/Misc,الف,11,1,2
اطمینان‌پذیر,Noun/Adjective/Misc,الف,12,1,2
اعانه‌دهنده,Noun/Adjective/Misc,الف,11,1,2
اعتراض‌آمیز,Noun/Adjective/Misc,الف,11,1,2
اعتراض‌نامه,Noun/Adjective/Misc,الف,11,1,2
اعتراض‌کننده,Noun/Adjective/Misc,الف,12,1,2
اعتراف‌نامه,Noun/Adjective/Misc,الف,11,1,2
اعتراف‌گیرنده,Noun/Adjective/Misc,الف,13,1,2
اعتصاب‌کننده,Noun/Adjective/Misc,الف,12,1,2
اعتصام‌الملک,Noun/Adjective/Misc,الف,12,1,2
اعتمادبه‌نفس,Noun/Adjective/Misc,الف,12,1,2
اعتکاف‌نشین,Noun/Adjective/Misc,الف,11,1,2
اعجاب‌آور,Noun/Adjective/Misc,الف,9,1,2
اعجاب‌انگیز,Noun/Adjective/Misc,الف,11,1,2
اعجاب‌برانگیز,Noun/Adjective/Misc,الف,13,1,2
اعدام‌شده,Noun/Adjective/Misc,الف,9,1,2
اعزام‌شده,Noun/Adjective/Misc,الف,9,1,2
اعصاب‌خردکن,Noun/Adjective/Misc,الف,11,1,2
اعلام‌شده,Noun/Adjective/Misc,الف,9,1,2
اعلام‌نامه,Noun/Adjective/Misc,الف,10,1,2
اعلام‌نشده,Noun/Adjective/Misc,الف,10,1,2
اعلام‌کننده,Noun/Adjective/Misc,الف,11,1,2
اعلان‌شده,Noun/Adjective/Misc,الف,9,1,2
اعلی‌حضرت,Noun/Adjective/Misc,الف,9,1,2
اعمال‌شده,Noun/Adjective/Misc,الف,9,1,2
اعیان‌زاده,Noun/Adjective/Misc,الف,10,1,2
اعیان‌نشین,Noun/Adjective/Misc,الف,10,1,2
اغتشاش‌جویانه,Noun/Adjective/Misc,الف,13,1,2
اغتشاش‌کننده,Noun/Adjective/Misc,الف,12,1,2
اغتشاش‌گر,Noun/Adjective/Misc,الف,9,1,2
اغتشاش‌گران,Noun/Adjective/Misc,الف,11,1,2
اغتشاش‌گرایانه,Noun/Adjective/Misc,الف,14,1,2
اغذیه‌فروش,Noun/Adjective/Misc,الف,10,1,2
اغراق‌آمیز,Noun/Adjective/Misc,الف,10,1,2
اغراق‌انگیز,Noun/Adjective/Misc,الف,11,1,2
اغراق‌شده,Noun/Adjective/Misc,الف,9,1,2
اغراق‌گو,Noun/Adjective/Misc,الف,8,1,2
اغفال‌شده,Noun/Adjective/Misc,الف,9,1,2
اغفال‌کننده,Noun/Adjective/Misc,الف,11,1,2
اغماض‌کننده,Noun/Adjective/Misc,الف,11,1,2
افتاده‌حال,Noun/Adjective/Misc,الف,10,1,2
افتتاح‌شده,Noun/Adjective/Misc,الف,10,1,2
افراطی‌گرایی,Noun/Adjective/Misc,الف,12,1,2
افراطی‌گری,Noun/Adjective/Misc,الف,10,1,2
افراط‌آمیز,Noun/Adjective/Misc,الف,10,1,2
افراط‌کاری,Noun/Adjective/Misc,الف,10,1,2
افراط‌گر,Noun/Adjective/Misc,الف,8,1,2
افراط‌گرا,Noun/Adjective/Misc,الف,9,1,2
افراط‌گرایانه,Noun/Adjective/Misc,الف,13,1,2
افروخته‌شده,Noun/Adjective/Misc,الف,11,1,2
افزایش‌دهنده,Noun/Adjective/Misc,الف,12,1,2
افزایش‌یابنده,Noun/Adjective/Misc,الف,13,1,2
افزایش‌یافته,Noun/Adjective/Misc,الف,12,1,2
افزوده‌شده,Noun/Adjective/Misc,الف,10,1,2
افزون‌خواه,Noun/Adjective/Misc,الف,10,1,2
افزون‌خواهی,Noun/Adjective/Misc,الف,11,1,2
افزون‌شده,Noun/Adjective/Misc,الف,9,1,2
افزون‌طلب,Noun/Adjective/Misc,الف,9,1,2
افزون‌طلبانه,Noun/Adjective/Misc,الف,12,1,2
افزون‌طلبی,Noun/Adjective/Misc,الف,10,1,2
افسانه‌سرا,Noun/Adjective/Misc,الف,10,1,2
افسانه‌پرداز,Noun/Adjective/Misc,الف,12,1,2
افسانه‌پردازی,Noun/Adjective/Misc,الف,13,1,2
افسانه‌گو,Noun/Adjective/Misc,الف,9,1,2
افسرده‌خاطر,Noun/Adjective/Misc,الف,11,1,2
افسرده‌دل,Noun/Adjective/Misc,الف,9,1,2
افسون‌شده,Noun/Adjective/Misc,الف,9,1,2
افیون‌زده,Noun/Adjective/Misc,الف,9,1,2
اف‌اف,Noun/Adjective/Misc,الف,5,1,2
اف‌بی‌آی,Noun/Adjective/Misc,الف,8,1,3
اقامت‌کننده,Noun/Adjective/Misc,الف,11,1,2
اقامه‌شده,Noun/Adjective/Misc,الف,9,1,2
اقبال‌نامه,Noun/Adjective/Misc,الف,10,1,2
اقتباس‌شده,Noun/Adjective/Misc,الف,10,1,2
اقلیم‌شناس,Noun/Adjective/Misc,الف,10,1,2
اقناع‌کننده,Noun/Adjective/Misc,الف,11,1,2
اقیانوس‌شناسی,Noun/Adjective/Misc,الف,13,1,2
اقیانوس‌پیما,Noun/Adjective/Misc,الف,12,1,2
التماس‌کننده,Noun/Adjective/Misc,الف,12,1,2
التهاب‌آمیز,Noun/Adjective/Misc,الف,11,1,2
التیام‌بخش,Noun/Adjective/Misc,الف,10,1,2
التیام‌پذیر,Noun/Adjective/Misc,الف,11,1,2
التیام‌یافته,Noun/Adjective/Misc,الف,12,1,2
الجزایری‌تبار,Noun/Adjective/Misc,الف,13,1,2
الحاح‌کننده,Noun/Adjective/Misc,الف,11,1,2
الزام‌آور,Noun/Adjective/Misc,الف,9,1,2
الله‌آباد,Noun/Adjective/Misc,الف,9,1,2
الله‌اکبر,Noun/Adjective/Misc,الف,9,1,2
الله‌وردی,Noun/Adjective/Misc,الف,9,1,2
الله‌یار,Noun/Adjective/Misc,الف,8,1,2
الماس‌تراش,Noun/Adjective/Misc,الف,10,1,2
الماس‌نشان,Noun/Adjective/Misc,الف,10,1,2
الم‌شنگه,Noun/Adjective/Misc,الف,8,1,2
الهام‌بخش,Noun/Adjective/Misc,الف,9,1,2
الهام‌دهنده,Noun/Adjective/Misc,الف,11,1,2
الهام‌پذیری,Noun/Adjective/Misc,الف,11,1,2
الهام‌گیرنده,Noun/Adjective/Misc,الف,12,1,2
الهام‌یافته,Noun/Adjective/Misc,الف,11,1,2
الهی‌دان,Noun/Adjective/Misc,الف,8,1,2
الهی‌نامه,Noun/Adjective/Misc,الف,9,1,2
الکتروقلب‌نگاره,Noun/Adjective/Misc,الف,15,1,2
الکترون‌خواه,Noun/Adjective/Misc,الف,12,1,2
الک‌دولک,Noun/Adjective/Misc,الف,8,1,2
ال‌جی,Noun/Adjective/Misc,الف,5,1,2
امام‌آباد,Noun/Adjective/Misc,الف,9,1,2
امام‌زاده,Noun/Adjective/Misc,الف,9,1,2
امانت‌داده,Noun/Adjective/Misc,الف,10,1,2
امانت‌دار,Noun/Adjective/Misc,الف,9,1,2
امانت‌داری,Noun/Adjective/Misc,الف,10,1,2
امانت‌دهنده,Noun/Adjective/Misc,الف,11,1,2
امانت‌فروش,Noun/Adjective/Misc,الف,10,1,2
امانت‌فروشی,Noun/Adjective/Misc,الف,11,1,2
امانت‌گرفته,Noun/Adjective/Misc,الف,11,1,2
امانت‌گیرنده,Noun/Adjective/Misc,الف,12,1,2
امان‌الله,Noun/Adjective/Misc,الف,9,1,2
امان‌نامه,Noun/Adjective/Misc,الف,9,1,2
امتحان‌داده,Noun/Adjective/Misc,الف,11,1,2
امتحان‌دهنده,Noun/Adjective/Misc,الف,12,1,2
امشی‌پاش,Noun/Adjective/Misc,الف,8,1,2
امنیت‌جو,Noun/Adjective/Misc,الف,8,1,2
امکان‌سنجی,Noun/Adjective/Misc,الف,10,1,2
امکان‌ناپذیر,Noun/Adjective/Misc,الف,12,1,2
امکان‌پذیر,Noun/Adjective/Misc,الف,10,1,2
امکان‌پذیری,Noun/Adjective/Misc,الف,11,1,2
امکان‌یابی,Noun/Adjective/Misc,الف,10,1,2
امین‌آباد,Noun/Adjective/Misc,الف,9,1,2
امین‌الدوله,Noun/Adjective/Misc,الف,11,1,2
امین‌الله,Noun/Adjective/Misc,الف,9,1,2
ام‌آی‌تی,Noun/Adjective/Misc,الف,8,1,3
ام‌ابیها,Noun/Adjective/Misc,الف,8,1,2
ام‌اس,Noun/Adjective/Misc,الف,5,1,2
ام‌البنین,Noun/Adjective/Misc,الف,9,1,2
ام‌الفساد,Noun/Adjective/Misc,الف,9,1,2
ام‌القری,Noun/Adjective/Misc,الف,8,1,2
ام‌المؤمنین,Noun/Adjective/Misc,الف,11,1,2
ام‌المصائب,Noun/Adjective/Misc,الف,10,1,2
ام‌الکتاب,Noun/Adjective/Misc,الف,9,1,2
ام‌کلثوم,Noun/Adjective/Misc,الف,8,1,2
انباشته‌شده,Noun/Adjective/Misc,الف,11,1,2
انبوه‌ساز,Noun/Adjective/Misc,الف,9,1,2
انبوه‌سازی,Noun/Adjective/Misc,الف,10,1,2
انتخاب‌شده,Noun/Adjective/Misc,الف,10,1,2
انتخاب‌نشده,Noun/Adjective/Misc,الف,11,1,2
انتخاب‌کننده,Noun/Adjective/Misc,الف,12,1,2
انتخاب‌کنندگان,Noun/Adjective/Misc,الف,14,1,2
انتخاب‌گر,Noun/Adjective/Misc,الف,9,1,2
انتقال‌دهنده,Noun/Adjective/Misc,الف,12,1,2
انتقال‌پذیر,Noun/Adjective/Misc,الف,11,1,2
انتقال‌پذیری,Noun/Adjective/Misc,الف,12,1,2
انتقال‌یافته,Noun/Adjective/Misc,الف,12,1,2
انتقام‌جو,Noun/Adjective/Misc,الف,9,1,2
انتقام‌جویانه,Noun/Adjective/Misc,الف,13,1,2
انتقام‌جویی,Noun/Adjective/Misc,الف,11,1,2
انتقام‌کشی,Noun/Adjective/Misc,الف,10,1,2
انتقام‌گیری,Noun/Adjective/Misc,الف,11,1,2
انتگرال‌گیری,Noun/Adjective/Misc,الف,12,1,2
انجام‌دادنی,Noun/Adjective/Misc,الف,11,1,2
انجام‌شدنی,Noun/Adjective/Misc,الف,10,1,2
انجام‌شده,Noun/Adjective/Misc,الف,9,1,2
انجام‌نشده,Noun/Adjective/Misc,الف,10,1,2
انجام‌پذیر,Noun/Adjective/Misc,الف,10,1,2
انجام‌گرفته,Noun/Adjective/Misc,الف,11,1,2
انجام‌یافته,Noun/Adjective/Misc,الف,11,1,2
انجیل‌شناس,Noun/Adjective/Misc,الف,10,1,2
انحطاط‌آمیز,Noun/Adjective/Misc,الف,11,1,2
انحلال‌پذیر,Noun/Adjective/Misc,الف,11,1,2
انداخته‌شده,Noun/Adjective/Misc,الف,11,1,2
اندازه‌گیری,Noun/Adjective/Misc,الف,11,1,2
اندام‌وار,Noun/Adjective/Misc,الف,9,1,2
اندونزی‌تبار,Noun/Adjective/Misc,الف,12,1,2
اندوه‌آور,Noun/Adjective/Misc,الف,9,1,2
اندوه‌بار,Noun/Adjective/Misc,الف,9,1,2
اندوه‌زا,Noun/Adjective/Misc,الف,8,1,2
اندک‌اندک,Noun/Adjective/Misc,الف,9,1,2
اندک‌بین,Noun/Adjective/Misc,الف,8,1,2
اندک‌مایه,Noun/Adjective/Misc,الف,9,1,2
اندیشه‌ساز,Noun/Adjective/Misc,الف,10,1,2
اندیشه‌گر,Noun/Adjective/Misc,الف,9,1,2
اندیشه‌گرایی,Noun/Adjective/Misc,الف,12,1,2
انرژی‌بخش,Noun/Adjective/Misc,الف,9,1,2
انرژی‌درمانی,Noun/Adjective/Misc,الف,12,1,2
انرژی‌دهنده,Noun/Adjective/Misc,الف,11,1,2
انرژی‌رسانی,Noun/Adjective/Misc,الف,11,1,2
انرژی‌زا,Noun/Adjective/Misc,الف,8,1,2
انسان‌دوست,Noun/Adjective/Misc,الف,10,1,2
انسان‌دوستی,Noun/Adjective/Misc,الف,11,1,2
انسان‌ساز,Noun/Adjective/Misc,الف,9,1,2
انسان‌سازی,Noun/Adjective/Misc,الف,10,1,2
انسان‌شناس,Noun/Adjective/Misc,الف,10,1,2
انسان‌شناسی,Noun/Adjective/Misc,الف,11,1,2
انسان‌محور,Noun/Adjective/Misc,الف,10,1,2
انسان‌مدار,Noun/Adjective/Misc,الف,10,1,2
انسان‌مداری,Noun/Adjective/Misc,الف,11,1,2
انسان‌نما,Noun/Adjective/Misc,الف,9,1,2
انسان‌وار,Noun/Adjective/Misc,الف,9,1,2
انسان‌پرست,Noun/Adjective/Misc,الف,10,1,2
انسان‌پرور,Noun/Adjective/Misc,الف,10,1,2
انسان‌گرا,Noun/Adjective/Misc,الف,9,1,2
انسجام‌بخشی,Noun/Adjective/Misc,الف,11,1,2
انسجام‌یافته,Noun/Adjective/Misc,الف,12,1,2
انصاف‌جو,Noun/Adjective/Misc,الف,8,1,2
انصراف‌نامه,Noun/Adjective/Misc,الف,11,1,2
انطباق‌دهنده,Noun/Adjective/Misc,الف,12,1,2
انطباق‌نیافته,Noun/Adjective/Misc,الف,13,1,2
انطباق‌پذیری,Noun/Adjective/Misc,الف,12,1,2
انعطاف‌ناپذیر,Noun/Adjective/Misc,الف,13,1,2
انعطاف‌پذیر,Noun/Adjective/Misc,الف,11,1,2
انعطاف‌پذیری,Noun/Adjective/Misc,الف,12,1,2
انعکاس‌دهنده,Noun/Adjective/Misc,الف,12,1,2
انفیه‌دان,Noun/Adjective/Misc,الف,9,1,2
انقلابی‌گرا,Noun/Adjective/Misc,الف,11,1,2
انگشت‌بلند,Noun/Adjective/Misc,الف,10,1,2
انگشت‌شمار,Noun/Adjective/Misc,الف,10,1,2
انگشت‌نما,Noun/Adjective/Misc,الف,9,1,2
انگشت‌نگاری,Noun/Adjective/Misc,الف,11,1,2
انگشت‌پیچ,Noun/Adjective/Misc,الف,9,1,2
انگلیسی‌تبار,Noun/Adjective/Misc,الف,12,1,2
انگلیسی‌زبان,Noun/Adjective/Misc,الف,12,1,2
انگل‌شناس,Noun/Adjective/Misc,الف,9,1,2
انگل‌شناسی,Noun/Adjective/Misc,الف,10,1,2
انگیزه‌بخش,Noun/Adjective/Misc,الف,10,1,2
انگیزه‌مند,Noun/Adjective/Misc,الف,10,1,2
انیمیشن‌ساز,Noun/Adjective/Misc,الف,11,1,2
انیمیشن‌سازی,Noun/Adjective/Misc,الف,12,1,2
ان‌دماغ,Noun/Adjective/Misc,الف,7,1,2
ان‌شاءالله,Noun/Adjective/Misc,الف,10,1,2
اهانت‌آمیز,Noun/Adjective/Misc,الف,10,1,2
اهانت‌بار,Noun/Adjective/Misc,الف,9,1,2
اهریمن‌آسا,Noun/Adjective/Misc,الف,10,1,2
اهریمن‌خو,Noun/Adjective/Misc,الف,9,1,2
اهلی‌شده,Noun/Adjective/Misc,الف,8,1,2
اهل‌البیت,Noun/Adjective/Misc,الف,9,1,2
اهل‌بیت,Noun/Adjective/Misc,الف,7,1,2
اهل‌حال,Noun/Adjective/Misc,الف,7,1,2
اهل‌خوشی,Noun/Adjective/Misc,الف,8,1,2
اهل‌دل,Noun/Adjective/Misc,الف,6,1,2
اهل‌زاری,Noun/Adjective/Misc,الف,8,1,2
اهل‌معامله,Noun/Adjective/Misc,الف,10,1,2
اهل‌نوشتن,Noun/Adjective/Misc,الف,9,1,2
اهمال‌کار,Noun/Adjective/Misc,الف,9,1,2
اهمال‌کاری,Noun/Adjective/Misc,الف,10,1,2
اهم‌متر,Noun/Adjective/Misc,الف,7,1,2
اوج‌گیرنده,Noun/Adjective/Misc,الف,10,1,2
اوج‌گیری,Noun/Adjective/Misc,الف,8,1,2
اوراق‌شده,Noun/Adjective/Misc,الف,9,1,2
اوزون‌برون,Noun/Adjective/Misc,الف,10,1,2
اولویت‌بخشی,Noun/Adjective/Misc,الف,11,1,2
اولویت‌بندی,Noun/Adjective/Misc,الف,11,1,2
اولویت‌سنجی,Noun/Adjective/Misc,الف,11,1,2
اولویت‌گذاری,Noun/Adjective/Misc,الف,12,1,2
اول‌بار,Noun/Adjective/Misc,الف,7,1,2
اونیفورم‌پوش,Noun/Adjective/Misc,الف,12,1,2
اپی‌گلوت,Noun/Adjective/Misc,الف,8,1,2
اچ‌آی‌وی,Noun/Adjective/Misc,الف,8,1,3
اکثریت‌گرایی,Noun/Adjective/Misc,الف,12,1,2
اکسیژن‌دار,Noun/Adjective/Misc,الف,10,1,2
اکسیژن‌رسانی,Noun/Adjective/Misc,الف,12,1,2
ایاب‌وذهاب,Noun/Adjective/Misc,الف,10,1,2
ایالات‌متحده,Noun/Adjective/Misc,الف,12,1,2
ایام‌الله,Noun/Adjective/Misc,الف,9,1,2
ایجاب‌کننده,Noun/Adjective/Misc,الف,11,1,2
ایدئال‌باور,Noun/Adjective/Misc,الف,11,1,2
ایدئال‌سازی,Noun/Adjective/Misc,الف,11,1,2
ایدئال‌گرا,Noun/Adjective/Misc,الف,10,1,2
ایده‌بخش,Noun/Adjective/Misc,الف,8,1,2
ایرانی‌الاصل,Noun/Adjective/Misc,الف,12,1,2
ایرانی‌تبار,Noun/Adjective/Misc,الف,11,1,2
ایران‌خودرو,Noun/Adjective/Misc,الف,11,1,2
ایران‌زمین,Noun/Adjective/Misc,الف,10,1,2
ایران‌شناس,Noun/Adjective/Misc,الف,10,1,2
ایران‌شناسی,Noun/Adjective/Misc,الف,11,1,2
ایران‌شهر,Noun/Adjective/Misc,الف,9,1,2
ایران‌نژاد,Noun/Adjective/Misc,الف,10,1,2
ایران‌گردی,Noun/Adjective/Misc,الف,10,1,2
ایلام‌شناسی,Noun/Adjective/Misc,الف,11,1,2
ایمنی‌بخش,Noun/Adjective/Misc,الف,9,1,2
ایمن‌ساز,Noun/Adjective/Misc,الف,8,1,2
ایمن‌سازی,Noun/Adjective/Misc,الف,9,1,2
این‌جانب,Noun/Adjective/Misc,الف,8,1,2
این‌جایی,Noun/Adjective/Misc,الف,8,1,2
این‌جهانی,Noun/Adjective/Misc,الف,9,1,2
این‌زمانی,Noun/Adjective/Misc,الف,9,1,2
این‌سان,Noun/Adjective/Misc,الف,7,1,2
این‌سو,Noun/Adjective/Misc,الف,6,1,2
این‌طرف,Noun/Adjective/Misc,الف,7,1,2
این‌طرف‌,Noun/Adjective/Misc,الف,8,1,2
این‌طرف‌تر,Noun/Adjective/Misc,الف,10,1,3
این‌طور,Noun/Adjective/Misc,الف,7,1,2
این‌چنین,Noun/Adjective/Misc,الف,8,1,2
این‌کاره,Noun/Adjective/Misc,الف,8,1,2
این‌که,Noun/Adjective/Misc,الف,6,1,2
این‌گونه,Noun/Adjective/Misc,الف,8,1,2
ایهام‌برانگیز,Noun/Adjective/Misc,الف,13,1,2
ای‌بی‌ام,Noun/Adjective/Misc,الف,8,1,3
ای‌والله,Noun/Adjective/Misc,الف,8,1,2
آب‌خنک‌کن,Noun/Adjective/Misc,الف,9,1,3
آب‌خور,Noun/Adjective/Misc,الف,6,1,2
آب‌ریز,Noun/Adjective/Misc,الف,6,1,2
آب‌فشان,Noun/Adjective/Misc,الف,7,1,2
آب‌معدنی,Noun/Adjective/Misc,الف,8,1,2
آتش‌زننده,Noun/Adjective/Misc,الف,9,1,2
آتش‌زنه,Noun/Adjective/Misc,الف,7,1,2
آتش‌پا,Noun/Adjective/Misc,الف,6,1,2
آجه‌گک,Noun/Adjective/Misc,الف,6,1,2
آخرت‌گرایی,Noun/Adjective/Misc,الف,10,1,2
آخری‌ها,Noun/Adjective/Misc,الف,7,1,2
آدم‌بزرگ,Noun/Adjective/Misc,الف,8,1,2
آدم‌کش,Noun/Adjective/Misc,الف,6,1,2
آسان‌اندیشی,Noun/Adjective/Misc,الف,11,1,2
آسمان‌قرمبه,Noun/Adjective/Misc,الف,11,1,2
آسیب‌پذیرترین,Noun/Adjective/Misc,الف,13,1,2
آش‌پزان,Noun/Adjective/Misc,الف,7,1,2
آلوده‌سازی,Noun/Adjective/Misc,الف,10,1,2
آل‌الله,Noun/Adjective/Misc,الف,7,1,2
آل‌خلیفه,Noun/Adjective/Misc,الف,8,1,2
آماده‌سازی,Noun/Adjective/Misc,الف,10,1,2
آنتی‌اکسیدان,Noun/Adjective/Misc,الف,12,1,2
آنتی‌باکتریال,Noun/Adjective/Misc,الف,13,1,2
آنتی‌بیوتیک,Noun/Adjective/Misc,الف,11,1,2
آنتی‌ویروس,Noun/Adjective/Misc,الف,10,1,2
آژی‌دهاک,Noun/Adjective/Misc,الف,8,1,2
آکوریوم‌دار,Noun/Adjective/Misc,الف,11,1,2
آیه‌الکرسی,Noun/Adjective/Misc,الف,10,1,2
آی‌وی,Noun/Adjective/Misc,الف,5,1,2
آی‌پد,Noun/Adjective/Misc,الف,5,1,2
اباحی‌گری,Noun/Adjective/Misc,الف,9,1,2
ابن‌سیرین,Noun/Adjective/Misc,الف,9,1,2
اتهام‌زنی,Noun/Adjective/Misc,الف,9,1,2
اجل‌برگشته,Noun/Adjective/Misc,الف,10,1,2
اخراجی‌ها,Noun/Adjective/Misc,الف,9,1,2
ادب‌آموز,Noun/Adjective/Misc,الف,8,1,2
ارادت‌سالاری,Noun/Adjective/Misc,الف,12,1,2
ارزش‌زدایی,Noun/Adjective/Misc,الف,10,1,2
استیضاح‌کنندگان,Noun/Adjective/Misc,الف,15,1,2
اسلام‌زدایی,Noun/Adjective/Misc,الف,11,1,2
اسلام‌هراسی,Noun/Adjective/Misc,الف,11,1,2
اسپانیولی‌زبان,Noun/Adjective/Misc,الف,14,1,2
اس‌ام‌اس,Noun/Adjective/Misc,الف,8,1,3
اشتراک‌گذاری,Noun/Adjective/Misc,الف,12,1,2
اشرافی‌گری,Noun/Adjective/Misc,الف,10,1,2
اشراق‌گرایی,Noun/Adjective/Misc,الف,11,1,2
اشکال‌تراشی,Noun/Adjective/Misc,الف,11,1,2
اصالة‌الطهارة,Noun/Adjective/Misc,الف,13,1,2
اصلاح‌خواهی,Noun/Adjective/Misc,الف,11,1,2
اصلاح‌طلبان,Noun/Adjective/Misc,الف,11,1,2
اضافه‌کاری,Noun/Adjective/Misc,الف,10,1,2
افراط‌گرایی,Noun/Adjective/Misc,الف,11,1,2
افراط‌گری,Noun/Adjective/Misc,الف,9,1,2
افیون‌خوری,Noun/Adjective/Misc,الف,10,1,2
ال‌ان‌بی,Noun/Adjective/Misc,الف,8,1,3
ال‌سی,Noun/Adjective/Misc,الف,5,1,2
امام‌جمعه,Noun/Adjective/Misc,الف,9,1,2
امتیاز‌دهی,Noun/Adjective/Misc,الف,10,1,2
امتیاز‌ستانی,Noun/Adjective/Misc,الف,12,1,2
امنیت‌طلبی,Noun/Adjective/Misc,الف,10,1,2
امیرزاده‌ا,Noun/Adjective/Misc,الف,10,1,2
اندوه‌ها,Noun/Adjective/Misc,الف,8,1,2
اندیشه‌ورز,Noun/Adjective/Misc,الف,10,1,2
اندیشه‌ورزی,Noun/Adjective/Misc,الف,11,1,2
انسان‌سان,Noun/Adjective/Misc,الف,9,1,2
انسان‌پرستی,Noun/Adjective/Misc,الف,11,1,2
انسان‌گرایی,Noun/Adjective/Misc,الف,11,1,2
انگ‌پیشگی,Noun/Adjective/Misc,الف,9,1,2
ان‌شاء‌الله,Noun/Adjective/Misc,الف,11,1,3
اهانت‌کنندگان,Noun/Adjective/Misc,الف,13,1,2
اوربیتال‌های,Noun/Adjective/Misc,الف,12,1,2
اورنگ‌آبادی,Noun/Adjective/Misc,الف,11,1,2
اوقات‌تلخی,Noun/Adjective/Misc,الف,10,1,2
اول‌الاوقات,Noun/Adjective/Misc,الف,11,1,2
اپ‌آرت,Noun/Adjective/Misc,الف,6,1,2
اکسیژن‌ساز,Noun/Adjective/Misc,الف,10,1,2
ایده‌آل‌گرایی,Noun/Adjective/Misc,الف,13,1,3
ایمان‌زاده,Noun/Adjective/Misc,الف,10,1,2
اینچه‌برون,Noun/Adjective/Misc,الف,10,1,2
این‌طوری,Noun/Adjective/Misc,الف,8,1,2
این‌قدر,Noun/Adjective/Misc,الف,7,1,2
ای‌کولا,Noun/Adjective/Misc,الف,7,1,2
آب‌باز,Noun/Adjective/Misc,الف,6,1,2
آب‌دهان,Noun/Adjective/Misc,الف,7,1,2
آب‌دهن,Noun/Adjective/Misc,الف,6,1,2
آب‌کوهه,Noun/Adjective/Misc,الف,7,1,2
آب‌گذر,Noun/Adjective/Misc,الف,6,1,2
آب‌ونان‌دار,Noun/Adjective/Misc,الف,11,1,3
آتش‌رنگ,Noun/Adjective/Misc,الف,7,1,2
آتش‌فام,Noun/Adjective/Misc,الف,7,1,2
آتش‌گرفتن,Noun/Adjective/Misc,الف,9,1,2
آتش‌مزاج,Noun/Adjective/Misc,الف,8,1,2
آتشی‌مزاج,Noun/Adjective/Misc,الف,9,1,2
آداب‌دانی,Noun/Adjective/Misc,الف,9,1,2
آذین‌بندی,Noun/Adjective/Misc,الف,9,1,2
آرامش‌طلب,Noun/Adjective/Misc,الف,9,1,2
آسایش‌جو,Noun/Adjective/Misc,الف,8,1,2
آسمان‌غره,Noun/Adjective/Misc,الف,9,1,2
آشتی‌خواه,Noun/Adjective/Misc,الف,9,1,2
آگاه‌کردن,Noun/Adjective/Misc,الف,9,1,2
آلاخون‌والاخون,Noun/Adjective/Misc,الف,14,1,2
آلت‌دست,Noun/Adjective/Misc,الف,7,1,2
آلوده‌دامن,Noun/Adjective/Misc,الف,10,1,2
آموزش‌وپرورش,Noun/Adjective/Misc,الف,12,1,2
آهن‌خشک,Noun/Adjective/Misc,الف,7,1,2
ابواب‌جمعی,Noun/Adjective/Misc,الف,10,1,2
اختلاس‌کننده,Noun/Adjective/Misc,الف,12,1,2
ارادت‌کیش,Noun/Adjective/Misc,الف,9,1,2
اروپایی‌ماب,Noun/Adjective/Misc,الف,11,1,2
ازاین‌گذشته,Noun/Adjective/Misc,الف,11,1,2
ازدست‌رفته,Noun/Adjective/Misc,الف,10,1,2
ازهم‌پاشیدگی,Noun/Adjective/Misc,الف,12,1,2
اسباب‌چینی,Noun/Adjective/Misc,الف,10,1,2
اشاره‌وار,Noun/Adjective/Misc,الف,9,1,2
اشک‌فشان,Noun/Adjective/Misc,الف,8,1,2
اعلام‌خطر,Noun/Adjective/Misc,الف,9,1,2
اله‌بختکی,Noun/Adjective/Misc,الف,9,1,2
امعان‌نظر,Noun/Adjective/Misc,الف,9,1,2
اندک‌سال,Noun/Adjective/Misc,الف,8,1,2
اندوه‌کش,Noun/Adjective/Misc,الف,8,1,2
اوقات‌تلخ,Noun/Adjective/Misc,الف,9,1,2
اهل‌اله,Noun/Adjective/Misc,الف,7,1,2
ای‌دریغ,Noun/Adjective/Misc,الف,7,1,2
این‌دم,Noun/Adjective/Misc,الف,6,1,2
بااصل‌ونسب,Noun/Adjective/Misc,ب,10,1,2
باب‌الحوائج,Noun/Adjective/Misc,ب,11,1,2
باتری‌سازی,Noun/Adjective/Misc,ب,10,1,2
باج‌خواه,Noun/Adjective/Misc,ب,8,1,2
باج‌خواهی,Noun/Adjective/Misc,ب,9,1,2
باج‌دهنده,Noun/Adjective/Misc,ب,9,1,2
باج‌دهی,Noun/Adjective/Misc,ب,7,1,2
باج‌گرفته,Noun/Adjective/Misc,ب,9,1,2
باج‌گیر,Noun/Adjective/Misc,ب,7,1,2
باج‌گیرنده,Noun/Adjective/Misc,ب,10,1,2
باج‌گیری,Noun/Adjective/Misc,ب,8,1,2
بادام‌زمینی,Noun/Adjective/Misc,ب,11,1,2
بادام‌فروش,Noun/Adjective/Misc,ب,10,1,2
بادبادک‌بازی,Noun/Adjective/Misc,ب,12,1,2
بادمجانی‌رنگ,Noun/Adjective/Misc,ب,12,1,2
باده‌خوار,Noun/Adjective/Misc,ب,9,1,2
باده‌فروش,Noun/Adjective/Misc,ب,9,1,2
باده‌فروشی,Noun/Adjective/Misc,ب,10,1,2
باده‌نوش,Noun/Adjective/Misc,ب,8,1,2
باده‌نوشی,Noun/Adjective/Misc,ب,9,1,2
باده‌پرست,Noun/Adjective/Misc,ب,9,1,2
باده‌پرستی,Noun/Adjective/Misc,ب,10,1,2
باده‌پیما,Noun/Adjective/Misc,ب,9,1,2
باده‌گسار,Noun/Adjective/Misc,ب,9,1,2
باده‌گساری,Noun/Adjective/Misc,ب,10,1,2
بادیه‌نشین,Noun/Adjective/Misc,ب,10,1,2
بارانی‌پوش,Noun/Adjective/Misc,ب,10,1,2
باران‌آور,Noun/Adjective/Misc,ب,9,1,2
باران‌خورده,Noun/Adjective/Misc,ب,11,1,2
باران‌خوردگی,Noun/Adjective/Misc,ب,12,1,2
باران‌خیز,Noun/Adjective/Misc,ب,9,1,2
باران‌زا,Noun/Adjective/Misc,ب,8,1,2
باران‌زده,Noun/Adjective/Misc,ب,9,1,2
بارک‌الله,Noun/Adjective/Misc,ب,9,1,2
باریک‌بین,Noun/Adjective/Misc,ب,9,1,2
باریک‌بینانه,Noun/Adjective/Misc,ب,12,1,2
باریک‌بینی,Noun/Adjective/Misc,ب,10,1,2
بازبینی‌شده,Noun/Adjective/Misc,ب,11,1,2
بازتاب‌دهنده,Noun/Adjective/Misc,ب,12,1,2
بازتاب‌کننده,Noun/Adjective/Misc,ب,12,1,2
بازداشت‌شده,Noun/Adjective/Misc,ب,11,1,2
بازرسی‌شده,Noun/Adjective/Misc,ب,10,1,2
بازسازی‌شده,Noun/Adjective/Misc,ب,11,1,2
بازسازی‌کننده,Noun/Adjective/Misc,ب,13,1,2
بازشماری‌شده,Noun/Adjective/Misc,ب,12,1,2
بازپروری‌شده,Noun/Adjective/Misc,ب,12,1,2
بازپس‌گیری,Noun/Adjective/Misc,ب,10,1,2
بازگشایی‌شده,Noun/Adjective/Misc,ب,12,1,2
بازگشت‌ناپذیر,Noun/Adjective/Misc,ب,13,1,2
بازگشت‌پذیر,Noun/Adjective/Misc,ب,11,1,2
بازیکن‌سالاری,Noun/Adjective/Misc,ب,13,1,2
بازی‌ساز,Noun/Adjective/Misc,ب,8,1,2
بازی‌سازی,Noun/Adjective/Misc,ب,9,1,2
بازی‌کننده,Noun/Adjective/Misc,ب,10,1,2
بازی‌گردان,Noun/Adjective/Misc,ب,10,1,2
باستانی‌کار,Noun/Adjective/Misc,ب,11,1,2
باستان‌شناس,Noun/Adjective/Misc,ب,11,1,2
باستان‌شناسانه,Noun/Adjective/Misc,ب,14,1,2
باستان‌شناسی,Noun/Adjective/Misc,ب,12,1,2
باستان‌گرایی,Noun/Adjective/Misc,ب,12,1,2
باسمه‌ای,Noun/Adjective/Misc,ب,8,1,2
باشگاه‌داری,Noun/Adjective/Misc,ب,11,1,2
باطل‌شده,Noun/Adjective/Misc,ب,8,1,2
باغبان‌باشی,Noun/Adjective/Misc,ب,11,1,2
باغچه‌بان,Noun/Adjective/Misc,ب,9,1,2
باغ‌ملک,Noun/Adjective/Misc,ب,7,1,2
باغ‌وحش,Noun/Adjective/Misc,ب,7,1,2
بافته‌شده,Noun/Adjective/Misc,ب,9,1,2
بافت‌شناسی,Noun/Adjective/Misc,ب,10,1,2
باقالی‌پلو,Noun/Adjective/Misc,ب,10,1,2
باقیات‌الصالحات,Noun/Adjective/Misc,ب,15,1,2
باقی‌مانده,Noun/Adjective/Misc,ب,10,1,2
بالن‌سوار,Noun/Adjective/Misc,ب,9,1,2
بالون‌سوار,Noun/Adjective/Misc,ب,10,1,2
بالکن‌دار,Noun/Adjective/Misc,ب,9,1,2
بال‌بال,Noun/Adjective/Misc,ب,7,1,2
بال‌دار,Noun/Adjective/Misc,ب,7,1,2
بال‌زنان,Noun/Adjective/Misc,ب,8,1,2
باندپیچی‌شده,Noun/Adjective/Misc,ب,12,1,2
باکتری‌شناس,Noun/Adjective/Misc,ب,11,1,2
باکتری‌کش,Noun/Adjective/Misc,ب,9,1,2
بایرن‌مونیخ,Noun/Adjective/Misc,ب,11,1,2
بایگانی‌شده,Noun/Adjective/Misc,ب,11,1,2
بای‌سیکل‌ران,Noun/Adjective/Misc,ب,12,1,3
بتن‌آرمه,Noun/Adjective/Misc,ب,8,1,2
بتن‌ریزی,Noun/Adjective/Misc,ب,8,1,2
بتن‌سازی,Noun/Adjective/Misc,ب,8,1,2
بته‌جقه,Noun/Adjective/Misc,ب,7,1,2
بتونه‌کاری,Noun/Adjective/Misc,ب,10,1,2
بتون‌آرمه,Noun/Adjective/Misc,ب,9,1,2
بتون‌ریزی,Noun/Adjective/Misc,ب,9,1,2
بت‌تراش,Noun/Adjective/Misc,ب,7,1,2
بت‌خانه,Noun/Adjective/Misc,ب,7,1,2
بت‌ساز,Noun/Adjective/Misc,ب,6,1,2
بت‌سازی,Noun/Adjective/Misc,ب,7,1,2
بت‌شکن,Noun/Adjective/Misc,ب,6,1,2
بت‌پرست,Noun/Adjective/Misc,ب,7,1,2
بت‌پرستانه,Noun/Adjective/Misc,ب,10,1,2
بت‌پرستی,Noun/Adjective/Misc,ب,8,1,2
بحث‌انگیز,Noun/Adjective/Misc,ب,9,1,2
بحث‌برانگیز,Noun/Adjective/Misc,ب,11,1,2
بحث‌وجدل,Noun/Adjective/Misc,ب,8,1,2
بحران‌آفرین,Noun/Adjective/Misc,ب,11,1,2
بحران‌تراشی,Noun/Adjective/Misc,ب,11,1,2
بحران‌خیز,Noun/Adjective/Misc,ب,9,1,2
بحران‌زا,Noun/Adjective/Misc,ب,8,1,2
بحران‌زدایی,Noun/Adjective/Misc,ب,11,1,2
بحران‌زده,Noun/Adjective/Misc,ب,9,1,2
بحران‌زدگی,Noun/Adjective/Misc,ب,10,1,2
بحران‌ساز,Noun/Adjective/Misc,ب,9,1,2
بخاری‌ساز,Noun/Adjective/Misc,ب,9,1,2
بخاری‌سازی,Noun/Adjective/Misc,ب,10,1,2
بخت‌آزما,Noun/Adjective/Misc,ب,8,1,2
بخت‌آزمایی,Noun/Adjective/Misc,ب,10,1,2
بخت‌النصر,Noun/Adjective/Misc,ب,9,1,2
بخت‌برگشته,Noun/Adjective/Misc,ب,10,1,2
بخت‌برگشتگی,Noun/Adjective/Misc,ب,11,1,2
بخت‌بسته,Noun/Adjective/Misc,ب,8,1,2
بخت‌گشا,Noun/Adjective/Misc,ب,7,1,2
بخت‌گشایی,Noun/Adjective/Misc,ب,9,1,2
بخشش‌خواه,Noun/Adjective/Misc,ب,9,1,2
بخش‌بندی,Noun/Adjective/Misc,ب,8,1,2
بخش‌دار,Noun/Adjective/Misc,ب,7,1,2
بخش‌نامه,Noun/Adjective/Misc,ب,8,1,2
بخش‌ناپذیر,Noun/Adjective/Misc,ب,10,1,2
بخش‌پذیر,Noun/Adjective/Misc,ب,8,1,2
بخش‌پذیری,Noun/Adjective/Misc,ب,9,1,2
بخیه‌زنی,Noun/Adjective/Misc,ب,8,1,2
بداهه‌ساز,Noun/Adjective/Misc,ب,9,1,2
بداهه‌سرایی,Noun/Adjective/Misc,ب,11,1,2
بداهه‌نوازی,Noun/Adjective/Misc,ب,11,1,2
بداهه‌پرداز,Noun/Adjective/Misc,ب,11,1,2
بداهه‌کار,Noun/Adjective/Misc,ب,9,1,2
بداهه‌کاری,Noun/Adjective/Misc,ب,10,1,2
بدعت‌گذار,Noun/Adjective/Misc,ب,9,1,2
بدعت‌گذاری,Noun/Adjective/Misc,ب,10,1,2
بدلی‌فروش,Noun/Adjective/Misc,ب,9,1,2
بدل‌کار,Noun/Adjective/Misc,ب,7,1,2
بدل‌کاری,Noun/Adjective/Misc,ب,8,1,2
بدنه‌ساز,Noun/Adjective/Misc,ب,8,1,2
بدن‌درد,Noun/Adjective/Misc,ب,7,1,2
بدن‌ساز,Noun/Adjective/Misc,ب,7,1,2
بدن‌سازی,Noun/Adjective/Misc,ب,8,1,2
بدن‌نما,Noun/Adjective/Misc,ب,7,1,2
بدیع‌الزمان,Noun/Adjective/Misc,ب,11,1,2
بدین‌سان,Noun/Adjective/Misc,ب,8,1,2
بدیهه‌سرایی,Noun/Adjective/Misc,ب,11,1,2
بدیهه‌نوازی,Noun/Adjective/Misc,ب,11,1,2
بدیهه‌گو,Noun/Adjective/Misc,ب,8,1,2
بدیهه‌گویی,Noun/Adjective/Misc,ب,10,1,2
بذله‌گو,Noun/Adjective/Misc,ب,7,1,2
بذله‌گویی,Noun/Adjective/Misc,ب,9,1,2
برآورده‌کننده,Noun/Adjective/Misc,ب,13,1,2
براق‌کننده,Noun/Adjective/Misc,ب,10,1,2
برانگیخته‌شده,Noun/Adjective/Misc,ب,13,1,2
برتری‌جو,Noun/Adjective/Misc,ب,8,1,2
برتری‌جویی,Noun/Adjective/Misc,ب,10,1,2
برتری‌طلبی,Noun/Adjective/Misc,ب,10,1,2
برجای‌مانده,Noun/Adjective/Misc,ب,11,1,2
برجسته‌سازی,Noun/Adjective/Misc,ب,11,1,2
برجسته‌نمایی,Noun/Adjective/Misc,ب,12,1,2
برجستگی‌های,Noun/Adjective/Misc,ب,11,1,2
برج‌ساز,Noun/Adjective/Misc,ب,7,1,2
برج‌سازی,Noun/Adjective/Misc,ب,8,1,2
برداشته‌شده,Noun/Adjective/Misc,ب,11,1,2
برداشت‌شده,Noun/Adjective/Misc,ب,10,1,2
برداشت‌نشده,Noun/Adjective/Misc,ب,11,1,2
برده‌دار,Noun/Adjective/Misc,ب,8,1,2
برده‌داری,Noun/Adjective/Misc,ب,9,1,2
برده‌صفت,Noun/Adjective/Misc,ب,8,1,2
برده‌فروش,Noun/Adjective/Misc,ب,9,1,2
برده‌فروشی,Noun/Adjective/Misc,ب,10,1,2
برده‌وار,Noun/Adjective/Misc,ب,8,1,2
بررسی‌شده,Noun/Adjective/Misc,ب,9,1,2
بررسی‌کننده,Noun/Adjective/Misc,ب,11,1,2
برشته‌شده,Noun/Adjective/Misc,ب,9,1,2
برشته‌کرده,Noun/Adjective/Misc,ب,10,1,2
برش‌کاری,Noun/Adjective/Misc,ب,8,1,2
برطرف‌کننده,Noun/Adjective/Misc,ب,11,1,2
برعهده‌گرفته,Noun/Adjective/Misc,ب,12,1,2
برف‌بازی,Noun/Adjective/Misc,ب,8,1,2
برف‌روب,Noun/Adjective/Misc,ب,7,1,2
برف‌روبی,Noun/Adjective/Misc,ب,8,1,2
برف‌پاک‌کن,Noun/Adjective/Misc,ب,10,1,3
برق‌آسا,Noun/Adjective/Misc,ب,7,1,2
برق‌رسانی,Noun/Adjective/Misc,ب,9,1,2
برق‌نورد,Noun/Adjective/Misc,ب,8,1,2
برق‌کار,Noun/Adjective/Misc,ب,7,1,2
برق‌کاری,Noun/Adjective/Misc,ب,8,1,2
برق‌کشی,Noun/Adjective/Misc,ب,7,1,2
برق‌گرفته,Noun/Adjective/Misc,ب,9,1,2
برق‌گرفتگی,Noun/Adjective/Misc,ب,10,1,2
برق‌گیر,Noun/Adjective/Misc,ب,7,1,2
برنامه‌ریز,Noun/Adjective/Misc,ب,10,1,2
برنامه‌ریزی,Noun/Adjective/Misc,ب,11,1,2
برنامه‌ریزی‌شده,Noun/Adjective/Misc,ب,15,1,3
برنامه‌ساز,Noun/Adjective/Misc,ب,10,1,2
برنامه‌سازی,Noun/Adjective/Misc,ب,11,1,2
برنامه‌نویس,Noun/Adjective/Misc,ب,11,1,2
برنج‌خیز,Noun/Adjective/Misc,ب,8,1,2
برنج‌زار,Noun/Adjective/Misc,ب,8,1,2
برنج‌فروش,Noun/Adjective/Misc,ب,9,1,2
برنج‌کار,Noun/Adjective/Misc,ب,8,1,2
برنج‌کوب,Noun/Adjective/Misc,ب,8,1,2
برنج‌کوبی,Noun/Adjective/Misc,ب,9,1,2
برنده‌شده,Noun/Adjective/Misc,ب,9,1,2
برنزه‌شده,Noun/Adjective/Misc,ب,9,1,2
برهان‌الدین,Noun/Adjective/Misc,ب,11,1,2
برهم‌خوردگی,Noun/Adjective/Misc,ب,11,1,2
برهم‌کنش,Noun/Adjective/Misc,ب,8,1,2
بره‌کشی,Noun/Adjective/Misc,ب,7,1,2
بروبچه‌,Noun/Adjective/Misc,ب,7,1,1
برون‌رفت,Noun/Adjective/Misc,ب,8,1,2
برون‌سازمانی,Noun/Adjective/Misc,ب,12,1,2
برون‌سو,Noun/Adjective/Misc,ب,7,1,2
برون‌شهری,Noun/Adjective/Misc,ب,9,1,2
برون‌متن,Noun/Adjective/Misc,ب,8,1,2
برون‌متنی,Noun/Adjective/Misc,ب,9,1,2
برون‌مرزی,Noun/Adjective/Misc,ب,9,1,2
برون‌نگر,Noun/Adjective/Misc,ب,8,1,2
برون‌گرا,Noun/Adjective/Misc,ب,8,1,2
برون‌گرایانه,Noun/Adjective/Misc,ب,12,1,2
برون‌یابی,Noun/Adjective/Misc,ب,9,1,2
برچسب‌زن,Noun/Adjective/Misc,ب,8,1,2
برچسب‌زنی,Noun/Adjective/Misc,ب,9,1,2
برچسب‌گذار,Noun/Adjective/Misc,ب,10,1,2
برچسب‌گذاری,Noun/Adjective/Misc,ب,11,1,2
برکت‌خیز,Noun/Adjective/Misc,ب,8,1,2
برگرفته‌شده,Noun/Adjective/Misc,ب,11,1,2
برگزیده‌شده,Noun/Adjective/Misc,ب,11,1,2
برگشت‌خورده,Noun/Adjective/Misc,ب,11,1,2
برگشت‌ناپذیر,Noun/Adjective/Misc,ب,12,1,2
برگشت‌پذیر,Noun/Adjective/Misc,ب,10,1,2
برگه‌دان,Noun/Adjective/Misc,ب,8,1,2
برگ‌بو,Noun/Adjective/Misc,ب,6,1,2
برگ‌دار,Noun/Adjective/Misc,ب,7,1,2
برگ‌ریز,Noun/Adjective/Misc,ب,7,1,2
برگ‌ریزان,Noun/Adjective/Misc,ب,9,1,2
برگ‌پهن,Noun/Adjective/Misc,ب,7,1,2
بریان‌کرده,Noun/Adjective/Misc,ب,10,1,2
بریده‌بریده,Noun/Adjective/Misc,ب,11,1,2
بریده‌شده,Noun/Adjective/Misc,ب,9,1,2
بزرگ‌راه,Noun/Adjective/Misc,ب,8,1,2
بزرگ‌زاده,Noun/Adjective/Misc,ب,9,1,2
بزرگ‌زادگان,Noun/Adjective/Misc,ب,11,1,2
بزرگ‌زادگی,Noun/Adjective/Misc,ب,10,1,2
بزرگ‌سال,Noun/Adjective/Misc,ب,8,1,2
بزرگ‌شده,Noun/Adjective/Misc,ب,8,1,2
بزرگ‌شونده,Noun/Adjective/Misc,ب,10,1,2
بزرگ‌مرتبه,Noun/Adjective/Misc,ب,10,1,2
بزرگ‌مرد,Noun/Adjective/Misc,ب,8,1,2
بزرگ‌منش,Noun/Adjective/Misc,ب,8,1,2
بزرگ‌منشانه,Noun/Adjective/Misc,ب,11,1,2
بزرگ‌منشی,Noun/Adjective/Misc,ب,9,1,2
بزرگ‌نمایی,Noun/Adjective/Misc,ب,10,1,2
بزرگ‌نویسی,Noun/Adjective/Misc,ب,10,1,2
بزرگ‌همت,Noun/Adjective/Misc,ب,8,1,2
بزم‌آرا,Noun/Adjective/Misc,ب,7,1,2
بزن‌بهادر,Noun/Adjective/Misc,ب,9,1,2
بزه‌کار,Noun/Adjective/Misc,ب,7,1,2
بزک‌کرده,Noun/Adjective/Misc,ب,8,1,2
بستان‌آباد,Noun/Adjective/Misc,ب,10,1,2
بستری‌شده,Noun/Adjective/Misc,ب,9,1,2
بستنی‌خوری,Noun/Adjective/Misc,ب,10,1,2
بستنی‌ساز,Noun/Adjective/Misc,ب,9,1,2
بستنی‌سازی,Noun/Adjective/Misc,ب,10,1,2
بستنی‌فروش,Noun/Adjective/Misc,ب,10,1,2
بستنی‌فروشی,Noun/Adjective/Misc,ب,11,1,2
بسته‌ای,Noun/Adjective/Misc,ب,7,1,2
بسته‌بند,Noun/Adjective/Misc,ب,8,1,2
بسته‌بندی‌شده,Noun/Adjective/Misc,ب,13,1,3
بسته‌شده,Noun/Adjective/Misc,ب,8,1,2
بسم‌الله,Noun/Adjective/Misc,ب,8,1,2
بسیط‌گونه,Noun/Adjective/Misc,ب,9,1,2
بشارت‌دهنده,Noun/Adjective/Misc,ب,11,1,2
بشارت‌نامه,Noun/Adjective/Misc,ب,10,1,2
بشقاب‌پرنده,Noun/Adjective/Misc,ب,11,1,2
بغض‌آلود,Noun/Adjective/Misc,ب,8,1,2
بغض‌کرده,Noun/Adjective/Misc,ب,8,1,2
بغل‌دستی,Noun/Adjective/Misc,ب,8,1,2
بغ‌بغو,Noun/Adjective/Misc,ب,6,1,2
بقیة‌الله,Noun/Adjective/Misc,ب,9,1,2
بلبان‌آباد,Noun/Adjective/Misc,ب,10,1,2
بلبل‌زبان,Noun/Adjective/Misc,ب,9,1,2
بلعیده‌شده,Noun/Adjective/Misc,ب,10,1,2
بله‌بران,Noun/Adjective/Misc,ب,8,1,2
بله‌قربان‌گو,Noun/Adjective/Misc,ب,12,1,3
بلوغ‌یافته,Noun/Adjective/Misc,ب,10,1,2
بلوچ‌نشین,Noun/Adjective/Misc,ب,9,1,2
بلوکه‌شده,Noun/Adjective/Misc,ب,9,1,2
بلوک‌بندی,Noun/Adjective/Misc,ب,9,1,2
بلیت‌فروش,Noun/Adjective/Misc,ب,9,1,2
بلیت‌فروشی,Noun/Adjective/Misc,ب,10,1,2
بمباران‌شده,Noun/Adjective/Misc,ب,11,1,2
بمب‌افکن,Noun/Adjective/Misc,ب,8,1,2
بمب‌گذار,Noun/Adjective/Misc,ب,8,1,2
بمب‌گذاری‌شده,Noun/Adjective/Misc,ب,13,1,3
بنده‌زاده,Noun/Adjective/Misc,ب,9,1,2
بنده‌نواز,Noun/Adjective/Misc,ب,9,1,2
بنده‌نوازی,Noun/Adjective/Misc,ب,10,1,2
بنده‌پرور,Noun/Adjective/Misc,ب,9,1,2
بنده‌پروری,Noun/Adjective/Misc,ب,10,1,2
بنزین‌فروش,Noun/Adjective/Misc,ب,10,1,2
بنفشه‌زار,Noun/Adjective/Misc,ب,9,1,2
بنفش‌پوش,Noun/Adjective/Misc,ب,8,1,2
بنگاه‌دار,Noun/Adjective/Misc,ب,9,1,2
بنیان‌برانداز,Noun/Adjective/Misc,ب,13,1,2
بنیان‌کن,Noun/Adjective/Misc,ب,8,1,2
بنیان‌گذار,Noun/Adjective/Misc,ب,10,1,2
بنیان‌گذاری,Noun/Adjective/Misc,ب,11,1,2
بنیان‌گرایی,Noun/Adjective/Misc,ب,11,1,2
بنی‌آدم,Noun/Adjective/Misc,ب,7,1,2
بنی‌اسرائیل,Noun/Adjective/Misc,ب,11,1,2
بنی‌امیه,Noun/Adjective/Misc,ب,8,1,2
بنی‌بشر,Noun/Adjective/Misc,ب,7,1,2
بنی‌صدر,Noun/Adjective/Misc,ب,7,1,2
بنی‌عباس,Noun/Adjective/Misc,ب,8,1,2
بنی‌هاشم,Noun/Adjective/Misc,ب,8,1,2
بن‌بست,Noun/Adjective/Misc,ب,6,1,2
بن‌لادن,Noun/Adjective/Misc,ب,7,1,2
بن‌مایه,Noun/Adjective/Misc,ب,7,1,2
بهانه‌تراش,Noun/Adjective/Misc,ب,10,1,2
بهانه‌تراشی,Noun/Adjective/Misc,ب,11,1,2
بهانه‌جو,Noun/Adjective/Misc,ب,8,1,2
بهانه‌جویی,Noun/Adjective/Misc,ب,10,1,2
بهانه‌گیر,Noun/Adjective/Misc,ب,9,1,2
بهانه‌گیری,Noun/Adjective/Misc,ب,10,1,2
بهت‌آور,Noun/Adjective/Misc,ب,7,1,2
بهت‌انگیز,Noun/Adjective/Misc,ب,9,1,2
بهت‌زده,Noun/Adjective/Misc,ب,7,1,2
بهت‌زدگی,Noun/Adjective/Misc,ب,8,1,2
بهجت‌آباد,Noun/Adjective/Misc,ب,9,1,2
بهداشت‌یار,Noun/Adjective/Misc,ب,10,1,2
بهرام‌آباد,Noun/Adjective/Misc,ب,10,1,2
بهره‌بردار,Noun/Adjective/Misc,ب,10,1,2
بهره‌برداری,Noun/Adjective/Misc,ب,11,1,2
بهره‌جو,Noun/Adjective/Misc,ب,7,1,2
بهره‌جویی,Noun/Adjective/Misc,ب,9,1,2
بهره‌دهی,Noun/Adjective/Misc,ب,8,1,2
بهره‌رسانی,Noun/Adjective/Misc,ب,10,1,2
بهره‌مند,Noun/Adjective/Misc,ب,8,1,2
بهره‌مندی,Noun/Adjective/Misc,ب,9,1,2
بهره‌ور,Noun/Adjective/Misc,ب,7,1,2
بهره‌وری,Noun/Adjective/Misc,ب,8,1,2
بهره‌کشی,Noun/Adjective/Misc,ب,8,1,2
بهره‌گیری,Noun/Adjective/Misc,ب,9,1,2
بهشت‌آباد,Noun/Adjective/Misc,ب,9,1,2
بهشت‌آیین,Noun/Adjective/Misc,ب,9,1,2
بهشت‌زهرا,Noun/Adjective/Misc,ب,9,1,2
بهمن‌شیر,Noun/Adjective/Misc,ب,8,1,2
بهمن‌ماه,Noun/Adjective/Misc,ب,8,1,2
بهینه‌ساز,Noun/Adjective/Misc,ب,9,1,2
بهینه‌سازی,Noun/Adjective/Misc,ب,10,1,2
بهینه‌شده,Noun/Adjective/Misc,ب,9,1,2
به‌آب‌اندازی,Noun/Adjective/Misc,ب,12,1,3
به‌آرامی,Noun/Adjective/Misc,ب,8,1,2
به‌آسانی,Noun/Adjective/Misc,ب,8,1,2
به‌آفرید,Noun/Adjective/Misc,ب,8,1,2
به‌احتمال‌زیاد,Noun/Adjective/Misc,ب,14,1,3
به‌احتمال‌قوی,Noun/Adjective/Misc,ب,13,1,3
به‌اختصار,Noun/Adjective/Misc,ب,9,1,2
به‌اشتباه,Noun/Adjective/Misc,ب,9,1,2
به‌اندازه,Noun/Adjective/Misc,ب,9,1,2
به‌این‌علت,Noun/Adjective/Misc,ب,10,1,3
به‌به,Noun/Adjective/Misc,ب,5,1,2
به‌بیان‌دیگر,Noun/Adjective/Misc,ب,12,1,3
به‌تبع,Noun/Adjective/Misc,ب,6,1,2
به‌تحقیر,Noun/Adjective/Misc,ب,8,1,2
به‌تفصیل,Noun/Adjective/Misc,ب,8,1,2
به‌تقریب,Noun/Adjective/Misc,ب,8,1,2
به‌تندی,Noun/Adjective/Misc,ب,7,1,2
به‌تنهایی,Noun/Adjective/Misc,ب,9,1,2
به‌توسط,Noun/Adjective/Misc,ب,7,1,2
به‌جامانده,Noun/Adjective/Misc,ب,10,1,2
به‌حساب,Noun/Adjective/Misc,ب,7,1,2
به‌دست‌آمده,Noun/Adjective/Misc,ب,11,1,3
به‌دفعات,Noun/Adjective/Misc,ب,8,1,2
به‌دلایلی‌چند,Noun/Adjective/Misc,ب,13,1,3
به‌دلخواه,Noun/Adjective/Misc,ب,9,1,2
به‌دوراز,Noun/Adjective/Misc,ب,8,1,2
به‌راستی,Noun/Adjective/Misc,ب,8,1,2
به‌راستی‌که,Noun/Adjective/Misc,ب,11,1,3
به‌ردیف,Noun/Adjective/Misc,ب,7,1,2
به‌روز,Noun/Adjective/Misc,ب,6,1,2
به‌روزرسانی,Noun/Adjective/Misc,ب,11,1,2
به‌روشنی,Noun/Adjective/Misc,ب,8,1,2
به‌زایی,Noun/Adjective/Misc,ب,7,1,2
به‌زوروضرب,Noun/Adjective/Misc,ب,10,1,2
به‌سادگی,Noun/Adjective/Misc,ب,8,1,2
به‌سان,Noun/Adjective/Misc,ب,6,1,2
به‌شخصه,Noun/Adjective/Misc,ب,7,1,2
به‌شدت,Noun/Adjective/Misc,ب,6,1,2
به‌شرط‌چاقو,Noun/Adjective/Misc,ب,11,1,3
به‌صرفه,Noun/Adjective/Misc,ب,7,1,2
به‌طریق‌اولی,Noun/Adjective/Misc,ب,12,1,3
به‌طعنه,Noun/Adjective/Misc,ب,7,1,2
به‌طور,Noun/Adjective/Misc,ب,6,1,2
به‌طورمعمول,Noun/Adjective/Misc,ب,11,1,2
به‌طورکلی,Noun/Adjective/Misc,ب,9,1,2
به‌ظاهر,Noun/Adjective/Misc,ب,7,1,2
به‌ظاهرشرعی,Noun/Adjective/Misc,ب,11,1,2
به‌عمل‌آمده,Noun/Adjective/Misc,ب,11,1,3
به‌عنوان‌مثال,Noun/Adjective/Misc,ب,13,1,3
به‌غفلت,Noun/Adjective/Misc,ب,7,1,2
به‌غلط,Noun/Adjective/Misc,ب,6,1,2
به‌فایده,Noun/Adjective/Misc,ب,8,1,2
به‌فرمان,Noun/Adjective/Misc,ب,8,1,2
به‌قاعده,Noun/Adjective/Misc,ب,8,1,2
به‌لیمو,Noun/Adjective/Misc,ب,7,1,2
به‌مثابه,Noun/Adjective/Misc,ب,8,1,2
به‌مرورزمان,Noun/Adjective/Misc,ب,11,1,2
به‌معنی‌عام‌کلمه,Noun/Adjective/Misc,ب,16,1,4
به‌ملایمت,Noun/Adjective/Misc,ب,9,1,2
به‌موقع,Noun/Adjective/Misc,ب,7,1,2
به‌ناحق,Noun/Adjective/Misc,ب,7,1,2
به‌ناچار,Noun/Adjective/Misc,ب,8,1,2
به‌ندرت,Noun/Adjective/Misc,ب,7,1,2
به‌نما,Noun/Adjective/Misc,ب,6,1,2
به‌نوعی,Noun/Adjective/Misc,ب,7,1,2
به‌هرروی,Noun/Adjective/Misc,ب,8,1,2
به‌هم‌بافته,Noun/Adjective/Misc,ب,11,1,3
به‌هم‌خورده,Noun/Adjective/Misc,ب,11,1,3
به‌هم‌ریخته,Noun/Adjective/Misc,ب,11,1,3
به‌هم‌ریختگی,Noun/Adjective/Misc,ب,12,1,3
به‌هم‌پیوسته,Noun/Adjective/Misc,ب,12,1,3
به‌هم‌پیچیده,Noun/Adjective/Misc,ب,12,1,3
به‌هیجان‌آمده,Noun/Adjective/Misc,ب,13,1,3
به‌هیچ‌عنوان,Noun/Adjective/Misc,ب,12,1,3
به‌واقع,Noun/Adjective/Misc,ب,7,1,2
به‌وصال‌نرسیده,Noun/Adjective/Misc,ب,14,1,3
به‌وضوح,Noun/Adjective/Misc,ب,7,1,2
به‌وفور,Noun/Adjective/Misc,ب,7,1,2
به‌وقت‌ایران,Noun/Adjective/Misc,ب,12,1,3
به‌وقت‌تهران,Noun/Adjective/Misc,ب,12,1,3
به‌پاس,Noun/Adjective/Misc,ب,6,1,2
به‌چشم‌آمدنی,Noun/Adjective/Misc,ب,12,1,3
به‌کارآمده,Noun/Adjective/Misc,ب,10,1,2
به‌کارانداخته,Noun/Adjective/Misc,ب,13,1,2
به‌کاراندازی,Noun/Adjective/Misc,ب,12,1,2
به‌کاربرده,Noun/Adjective/Misc,ب,10,1,2
به‌کاربرنده,Noun/Adjective/Misc,ب,11,1,2
به‌کاررفته,Noun/Adjective/Misc,ب,10,1,2
به‌کارگماری,Noun/Adjective/Misc,ب,11,1,2
به‌کارگماشته,Noun/Adjective/Misc,ب,12,1,2
به‌کارگیر,Noun/Adjective/Misc,ب,9,1,2
به‌کارگیرنده,Noun/Adjective/Misc,ب,12,1,2
به‌کارگیری,Noun/Adjective/Misc,ب,10,1,2
به‌کفایت,Noun/Adjective/Misc,ب,8,1,2
به‌کل,Noun/Adjective/Misc,ب,5,1,2
به‌گزین,Noun/Adjective/Misc,ب,7,1,2
به‌گل‌نشسته,Noun/Adjective/Misc,ب,11,1,3
به‌گونه‌ای,Noun/Adjective/Misc,ب,10,1,3
به‌یادماندنی,Noun/Adjective/Misc,ب,12,1,2
به‌یقین,Noun/Adjective/Misc,ب,7,1,2
به‌یک‌باره,Noun/Adjective/Misc,ب,10,1,3
بوئین‌زهرا,Noun/Adjective/Misc,ب,10,1,2
بوته‌زار,Noun/Adjective/Misc,ب,8,1,2
بودجه‌بندی,Noun/Adjective/Misc,ب,10,1,2
بودجه‌ریزی,Noun/Adjective/Misc,ب,10,1,2
بورس‌بازی,Noun/Adjective/Misc,ب,9,1,2
بوسه‌باران,Noun/Adjective/Misc,ب,10,1,2
بوقلمون‌صفت,Noun/Adjective/Misc,ب,11,1,2
بولتن‌سازی,Noun/Adjective/Misc,ب,10,1,2
بومی‌سازی,Noun/Adjective/Misc,ب,9,1,2
بومی‌نشین,Noun/Adjective/Misc,ب,9,1,2
بومی‌گرایی,Noun/Adjective/Misc,ب,10,1,2
بوم‌شناسی,Noun/Adjective/Misc,ب,9,1,2
بویین‌زهرا,Noun/Adjective/Misc,ب,10,1,2
بچه‌باز,Noun/Adjective/Misc,ب,7,1,2
بچه‌بازی,Noun/Adjective/Misc,ب,8,1,2
بچه‌دار,Noun/Adjective/Misc,ب,7,1,2
بچه‌داری,Noun/Adjective/Misc,ب,8,1,2
بچه‌دوست,Noun/Adjective/Misc,ب,8,1,2
بچه‌زا,Noun/Adjective/Misc,ب,6,1,2
بچه‌مدرسه‌ای,Noun/Adjective/Misc,ب,12,1,3
بچه‌گانه,Noun/Adjective/Misc,ب,8,1,2
بچه‌گربه,Noun/Adjective/Misc,ب,8,1,2
بک‌گراند,Noun/Adjective/Misc,ب,8,1,2
بیابان‌زایی,Noun/Adjective/Misc,ب,11,1,2
بیابان‌زدا,Noun/Adjective/Misc,ب,10,1,2
بیابان‌زدایی,Noun/Adjective/Misc,ب,12,1,2
بیابان‌نشین,Noun/Adjective/Misc,ب,11,1,2
بیابان‌نورد,Noun/Adjective/Misc,ب,11,1,2
بیابان‌گرد,Noun/Adjective/Misc,ب,10,1,2
بیابان‌گردی,Noun/Adjective/Misc,ب,11,1,2
بیان‌شده,Noun/Adjective/Misc,ب,8,1,2
بیان‌نشده,Noun/Adjective/Misc,ب,9,1,2
بیان‌کننده,Noun/Adjective/Misc,ب,10,1,2
بیان‌گر,Noun/Adjective/Misc,ب,7,1,2
بیت‌الحرام,Noun/Adjective/Misc,ب,10,1,2
بیت‌الله,Noun/Adjective/Misc,ب,8,1,2
بیت‌المال,Noun/Adjective/Misc,ب,9,1,2
بیت‌المعمور,Noun/Adjective/Misc,ب,11,1,2
بیت‌المقدس,Noun/Adjective/Misc,ب,10,1,2
بیجن‌خان,Noun/Adjective/Misc,ب,8,1,2
بیرون‌زدگی,Noun/Adjective/Misc,ب,10,1,2
بیزاری‌جویی,Noun/Adjective/Misc,ب,11,1,2
بیست‌بخشی,Noun/Adjective/Misc,ب,9,1,2
بیست‌به‌بیست,Noun/Adjective/Misc,ب,12,1,3
بیست‌تا,Noun/Adjective/Misc,ب,7,1,2
بیست‌تابیست‌تا,Noun/Adjective/Misc,ب,14,1,3
بیست‌تایی,Noun/Adjective/Misc,ب,9,1,2
بیست‌تومانی,Noun/Adjective/Misc,ب,11,1,2
بیست‌ثانیه‌ای,Noun/Adjective/Misc,ب,13,1,3
بیست‌جانبه,Noun/Adjective/Misc,ب,10,1,2
بیست‌جلدی,Noun/Adjective/Misc,ب,9,1,2
بیست‌حالته,Noun/Adjective/Misc,ب,10,1,2
بیست‌حالتی,Noun/Adjective/Misc,ب,10,1,2
بیست‌حرفی,Noun/Adjective/Misc,ب,9,1,2
بیست‌دانه‌ای,Noun/Adjective/Misc,ب,12,1,3
بیست‌درصدی,Noun/Adjective/Misc,ب,10,1,2
بیست‌دقیقه‌ای,Noun/Adjective/Misc,ب,13,1,3
بیست‌دلاری,Noun/Adjective/Misc,ب,10,1,2
بیست‌رقمی,Noun/Adjective/Misc,ب,9,1,2
بیست‌روزه,Noun/Adjective/Misc,ب,9,1,2
بیست‌ساعته,Noun/Adjective/Misc,ب,10,1,2
بیست‌ساعتی,Noun/Adjective/Misc,ب,10,1,2
بیست‌ساله,Noun/Adjective/Misc,ب,9,1,2
بیست‌سالگی,Noun/Adjective/Misc,ب,10,1,2
بیست‌صفحه‌ای,Noun/Adjective/Misc,ب,12,1,3
بیست‌قسمته,Noun/Adjective/Misc,ب,10,1,2
بیست‌قسمتی,Noun/Adjective/Misc,ب,10,1,2
بیست‌ماهه,Noun/Adjective/Misc,ب,9,1,2
بیست‌ماهگی,Noun/Adjective/Misc,ب,10,1,2
بیست‌متری,Noun/Adjective/Misc,ب,9,1,2
بیست‌میلیاردی,Noun/Adjective/Misc,ب,13,1,2
بیست‌میلیونی,Noun/Adjective/Misc,ب,12,1,2
بیست‌میلیون‌نفره,Noun/Adjective/Misc,ب,16,1,3
بیست‌میلیون‌نفری,Noun/Adjective/Misc,ب,16,1,3
بیست‌نفره,Noun/Adjective/Misc,ب,9,1,2
بیست‌نفری,Noun/Adjective/Misc,ب,9,1,2
بیست‌هجایی,Noun/Adjective/Misc,ب,10,1,2
بیست‌هزارساله,Noun/Adjective/Misc,ب,13,1,2
بیست‌هزارسالگی,Noun/Adjective/Misc,ب,14,1,2
بیست‌هزارنفره,Noun/Adjective/Misc,ب,13,1,2
بیست‌هزارنفری,Noun/Adjective/Misc,ب,13,1,2
بیست‌هزاری,Noun/Adjective/Misc,ب,10,1,2
بیست‌هفته‌ای,Noun/Adjective/Misc,ب,12,1,3
بیست‌ودو,Noun/Adjective/Misc,ب,8,1,2
بیست‌ودوساله,Noun/Adjective/Misc,ب,12,1,2
بیست‌ودوسالگی,Noun/Adjective/Misc,ب,13,1,2
بیست‌وسه,Noun/Adjective/Misc,ب,8,1,2
بیست‌وسه‌ساله,Noun/Adjective/Misc,ب,13,1,3
بیست‌وسه‌سالگی,Noun/Adjective/Misc,ب,14,1,3
بیست‌وشش,Noun/Adjective/Misc,ب,8,1,2
بیست‌وشش‌ساله,Noun/Adjective/Misc,ب,13,1,3
بیست‌وشش‌سالگی,Noun/Adjective/Misc,ب,14,1,3
بیست‌ونه,Noun/Adjective/Misc,ب,8,1,2
بیست‌ونه‌ساله,Noun/Adjective/Misc,ب,13,1,3
بیست‌ونه‌سالگی,Noun/Adjective/Misc,ب,14,1,3
بیست‌وهشت,Noun/Adjective/Misc,ب,9,1,2
بیست‌وهشت‌ساله,Noun/Adjective/Misc,ب,14,1,3
بیست‌وهشت‌سالگی,Noun/Adjective/Misc,ب,15,1,3
بیست‌وهفت,Noun/Adjective/Misc,ب,9,1,2
بیست‌وهفت‌ساله,Noun/Adjective/Misc,ب,14,1,3
بیست‌وهفت‌سالگی,Noun/Adjective/Misc,ب,15,1,3
بیست‌وپنج,Noun/Adjective/Misc,ب,9,1,2
بیست‌وپنج‌ساله,Noun/Adjective/Misc,ب,14,1,3
بیست‌وپنج‌سالگی,Noun/Adjective/Misc,ب,15,1,3
بیست‌وچند,Noun/Adjective/Misc,ب,9,1,2
بیست‌وچندساله,Noun/Adjective/Misc,ب,13,1,2
بیست‌وچندسالگی,Noun/Adjective/Misc,ب,14,1,2
بیست‌وچهار,Noun/Adjective/Misc,ب,10,1,2
بیست‌وچهارساله,Noun/Adjective/Misc,ب,14,1,2
بیست‌وچهارسالگی,Noun/Adjective/Misc,ب,15,1,2
بیست‌ویک,Noun/Adjective/Misc,ب,8,1,2
بیست‌ویک‌ساله,Noun/Adjective/Misc,ب,13,1,3
بیست‌ویک‌سالگی,Noun/Adjective/Misc,ب,14,1,3
بیست‌کاره,Noun/Adjective/Misc,ب,9,1,2
بیست‌کلمه‌ای,Noun/Adjective/Misc,ب,12,1,3
بیست‌گانه,Noun/Adjective/Misc,ب,9,1,2
بیست‌یورویی,Noun/Adjective/Misc,ب,11,1,2
بیسکویت‌سازی,Noun/Adjective/Misc,ب,12,1,2
بیس‌بال,Noun/Adjective/Misc,ب,7,1,2
بیشه‌زار,Noun/Adjective/Misc,ب,8,1,2
بیش‌ازاندازه,Noun/Adjective/Misc,ب,12,1,2
بیش‌فعال,Noun/Adjective/Misc,ب,8,1,2
بیضه‌بند,Noun/Adjective/Misc,ب,8,1,2
بیعت‌نامه,Noun/Adjective/Misc,ب,9,1,2
بیعت‌کننده,Noun/Adjective/Misc,ب,10,1,2
بیغوله‌نشین,Noun/Adjective/Misc,ب,11,1,2
بیف‌استروگانف,Noun/Adjective/Misc,ب,13,1,2
بیل‌زن,Noun/Adjective/Misc,ب,6,1,2
بیماری‌زا,Noun/Adjective/Misc,ب,9,1,2
بیمه‌شده,Noun/Adjective/Misc,ب,8,1,2
بیمه‌نامه,Noun/Adjective/Misc,ب,9,1,2
بیمه‌کننده,Noun/Adjective/Misc,ب,10,1,2
بیمه‌گذار,Noun/Adjective/Misc,ب,9,1,2
بیمه‌گر,Noun/Adjective/Misc,ب,7,1,2
بیم‌رسان,Noun/Adjective/Misc,ب,8,1,2
بیم‌زده,Noun/Adjective/Misc,ب,7,1,2
بینایی‌سنجی,Noun/Adjective/Misc,ب,11,1,2
بین‌الحرمین,Noun/Adjective/Misc,ب,11,1,2
بین‌الدول,Noun/Adjective/Misc,ب,9,1,2
بین‌المجالس,Noun/Adjective/Misc,ب,11,1,2
بین‌الملل,Noun/Adjective/Misc,ب,9,1,2
بین‌المللی,Noun/Adjective/Misc,ب,10,1,2
بین‌النهرین,Noun/Adjective/Misc,ب,11,1,2
بین‌بانکی,Noun/Adjective/Misc,ب,9,1,2
بین‌رشته‌ای,Noun/Adjective/Misc,ب,11,1,3
بین‌قاره‌ای,Noun/Adjective/Misc,ب,11,1,3
بیهوده‌کار,Noun/Adjective/Misc,ب,10,1,2
بیوه‌زن,Noun/Adjective/Misc,ب,7,1,2
بیکینگ‌پودر,Noun/Adjective/Misc,ب,11,1,2
بیگانه‌دوست,Noun/Adjective/Misc,ب,11,1,2
بیگانه‌ستیز,Noun/Adjective/Misc,ب,11,1,2
بیگانه‌وار,Noun/Adjective/Misc,ب,10,1,2
بیگانه‌پرست,Noun/Adjective/Misc,ب,11,1,2
بی‌آب,Noun/Adjective/Misc,ب,5,1,2
بی‌آبرو,Noun/Adjective/Misc,ب,7,1,2
بی‌آتیه,Noun/Adjective/Misc,ب,7,1,2
بی‌آرام,Noun/Adjective/Misc,ب,7,1,2
بی‌آرم,Noun/Adjective/Misc,ب,6,1,2
بی‌آزار,Noun/Adjective/Misc,ب,7,1,2
بی‌آستین,Noun/Adjective/Misc,ب,8,1,2
بی‌آشیان,Noun/Adjective/Misc,ب,8,1,2
بی‌آلایش,Noun/Adjective/Misc,ب,8,1,2
بی‌آهنگ,Noun/Adjective/Misc,ب,7,1,2
بی‌ابتکار,Noun/Adjective/Misc,ب,9,1,2
بی‌ابتکاری,Noun/Adjective/Misc,ب,10,1,2
بی‌ابهام,Noun/Adjective/Misc,ب,8,1,2
بی‌اثر,Noun/Adjective/Misc,ب,6,1,2
بی‌اجازه,Noun/Adjective/Misc,ب,8,1,2
بی‌اجر,Noun/Adjective/Misc,ب,6,1,2
بی‌احترامی,Noun/Adjective/Misc,ب,10,1,2
بی‌احتیاط,Noun/Adjective/Misc,ب,9,1,2
بی‌احتیاطانه,Noun/Adjective/Misc,ب,12,1,2
بی‌احتیاطی,Noun/Adjective/Misc,ب,10,1,2
بی‌احساس,Noun/Adjective/Misc,ب,8,1,2
بی‌اختیار,Noun/Adjective/Misc,ب,9,1,2
بی‌اخلاص,Noun/Adjective/Misc,ب,8,1,2
بی‌اخلاق,Noun/Adjective/Misc,ب,8,1,2
بی‌ادب,Noun/Adjective/Misc,ب,6,1,2
بی‌ادبانه,Noun/Adjective/Misc,ب,9,1,2
بی‌ادعا,Noun/Adjective/Misc,ب,7,1,2
بی‌اراده,Noun/Adjective/Misc,ب,8,1,2
بی‌ارادگی,Noun/Adjective/Misc,ب,9,1,2
بی‌ارباب,Noun/Adjective/Misc,ب,8,1,2
بی‌ارتباط,Noun/Adjective/Misc,ب,9,1,2
بی‌ارزش,Noun/Adjective/Misc,ب,7,1,2
بی‌اساس,Noun/Adjective/Misc,ب,7,1,2
بی‌استثنا,Noun/Adjective/Misc,ب,9,1,2
بی‌استعداد,Noun/Adjective/Misc,ب,10,1,2
بی‌استفاده,Noun/Adjective/Misc,ب,10,1,2
بی‌اشتها,Noun/Adjective/Misc,ب,8,1,2
بی‌اشتهایی,Noun/Adjective/Misc,ب,10,1,2
بی‌اشکال,Noun/Adjective/Misc,ب,8,1,2
بی‌اصل,Noun/Adjective/Misc,ب,6,1,2
بی‌اطلاع,Noun/Adjective/Misc,ب,8,1,2
بی‌اعتبار,Noun/Adjective/Misc,ب,9,1,2
بی‌اعتقاد,Noun/Adjective/Misc,ب,9,1,2
بی‌اعتماد,Noun/Adjective/Misc,ب,9,1,2
بی‌اعتنا,Noun/Adjective/Misc,ب,8,1,2
بی‌اغراق,Noun/Adjective/Misc,ب,8,1,2
بی‌اغماض,Noun/Adjective/Misc,ب,8,1,2
بی‌اقبال,Noun/Adjective/Misc,ب,8,1,2
بی‌التفات,Noun/Adjective/Misc,ب,9,1,2
بی‌التهاب,Noun/Adjective/Misc,ب,9,1,2
بی‌امان,Noun/Adjective/Misc,ب,7,1,2
بی‌امتیاز,Noun/Adjective/Misc,ب,9,1,2
بی‌انتها,Noun/Adjective/Misc,ب,8,1,2
بی‌اندازه,Noun/Adjective/Misc,ب,9,1,2
بی‌اندیشه,Noun/Adjective/Misc,ب,9,1,2
بی‌انسجام,Noun/Adjective/Misc,ب,9,1,2
بی‌انصاف,Noun/Adjective/Misc,ب,8,1,2
بی‌انضباط,Noun/Adjective/Misc,ب,9,1,2
بی‌انعطاف,Noun/Adjective/Misc,ب,9,1,2
بی‌انقطاع,Noun/Adjective/Misc,ب,9,1,2
بی‌انگیزه,Noun/Adjective/Misc,ب,9,1,2
بی‌انگیزگی,Noun/Adjective/Misc,ب,10,1,2
بی‌اهمیت,Noun/Adjective/Misc,ب,8,1,2
بی‌ایمان,Noun/Adjective/Misc,ب,8,1,2
بی‌اینکه,Noun/Adjective/Misc,ب,8,1,2
بی‌بار,Noun/Adjective/Misc,ب,6,1,2
بی‌باران,Noun/Adjective/Misc,ب,8,1,2
بی‌بازده,Noun/Adjective/Misc,ب,8,1,2
بی‌بازگشت,Noun/Adjective/Misc,ب,9,1,2
بی‌بال,Noun/Adjective/Misc,ب,6,1,2
بی‌باک,Noun/Adjective/Misc,ب,6,1,2
بی‌باکانه,Noun/Adjective/Misc,ب,9,1,2
بی‌بته,Noun/Adjective/Misc,ب,6,1,2
بی‌بخار,Noun/Adjective/Misc,ب,7,1,2
بی‌بدل,Noun/Adjective/Misc,ب,6,1,2
بی‌بدیل,Noun/Adjective/Misc,ب,7,1,2
بی‌بر,Noun/Adjective/Misc,ب,5,1,2
بی‌برنامه,Noun/Adjective/Misc,ب,9,1,2
بی‌برنامگی,Noun/Adjective/Misc,ب,10,1,2
بی‌برکت,Noun/Adjective/Misc,ب,7,1,2
بی‌برگ,Noun/Adjective/Misc,ب,6,1,2
بی‌برگشت,Noun/Adjective/Misc,ب,8,1,2
بی‌بضاعت,Noun/Adjective/Misc,ب,8,1,2
بی‌بعد,Noun/Adjective/Misc,ب,6,1,2
بی‌بلا,Noun/Adjective/Misc,ب,6,1,2
بی‌بندوباری,Noun/Adjective/Misc,ب,11,1,2
بی‌بنیاد,Noun/Adjective/Misc,ب,8,1,2
بی‌بنیان,Noun/Adjective/Misc,ب,8,1,2
بی‌بنیه,Noun/Adjective/Misc,ب,7,1,2
بی‌بنیگی,Noun/Adjective/Misc,ب,8,1,2
بی‌بها,Noun/Adjective/Misc,ب,6,1,2
بی‌بهره,Noun/Adjective/Misc,ب,7,1,2
بی‌بو,Noun/Adjective/Misc,ب,5,1,2
بی‌بی,Noun/Adjective/Misc,ب,5,1,2
بی‌بی‌سی,Noun/Adjective/Misc,ب,8,1,3
بی‌تأثیر,Noun/Adjective/Misc,ب,8,1,2
بی‌تا,Noun/Adjective/Misc,ب,5,1,2
بی‌تاب,Noun/Adjective/Misc,ب,6,1,2
بی‌تجربه,Noun/Adjective/Misc,ب,8,1,2
بی‌تجربگی,Noun/Adjective/Misc,ب,9,1,2
بی‌تحرک,Noun/Adjective/Misc,ب,7,1,2
بی‌تحمل,Noun/Adjective/Misc,ب,7,1,2
بی‌تخلف,Noun/Adjective/Misc,ب,7,1,2
بی‌تدبیر,Noun/Adjective/Misc,ب,8,1,2
بی‌تربیت,Noun/Adjective/Misc,ب,8,1,2
بی‌تردید,Noun/Adjective/Misc,ب,8,1,2
بی‌ترس,Noun/Adjective/Misc,ب,6,1,2
بی‌تشدید,Noun/Adjective/Misc,ب,8,1,2
بی‌تظاهر,Noun/Adjective/Misc,ب,8,1,2
بی‌تعادل,Noun/Adjective/Misc,ب,8,1,2
بی‌تعصب,Noun/Adjective/Misc,ب,7,1,2
بی‌تعطیلات,Noun/Adjective/Misc,ب,10,1,2
بی‌تغییر,Noun/Adjective/Misc,ب,8,1,2
بی‌تفاوت,Noun/Adjective/Misc,ب,8,1,2
بی‌تفکر,Noun/Adjective/Misc,ب,7,1,2
بی‌تقصیر,Noun/Adjective/Misc,ب,8,1,2
بی‌تقلا,Noun/Adjective/Misc,ب,7,1,2
بی‌تقوا,Noun/Adjective/Misc,ب,7,1,2
بی‌تلاش,Noun/Adjective/Misc,ب,7,1,2
بی‌تمایل,Noun/Adjective/Misc,ب,8,1,2
بی‌تمدن,Noun/Adjective/Misc,ب,7,1,2
بی‌تناسب,Noun/Adjective/Misc,ب,8,1,2
بی‌توازن,Noun/Adjective/Misc,ب,8,1,2
بی‌توجه,Noun/Adjective/Misc,ب,7,1,2
بی‌توجهی,Noun/Adjective/Misc,ب,8,1,2
بی‌توشه,Noun/Adjective/Misc,ب,7,1,2
بی‌توفیق,Noun/Adjective/Misc,ب,8,1,2
بی‌تکلف,Noun/Adjective/Misc,ب,7,1,2
بی‌ثبات,Noun/Adjective/Misc,ب,7,1,2
بی‌ثبات‌سازی,Noun/Adjective/Misc,ب,12,1,3
بی‌ثمر,Noun/Adjective/Misc,ب,6,1,2
بی‌جا,Noun/Adjective/Misc,ب,5,1,2
بی‌جان,Noun/Adjective/Misc,ب,6,1,2
بی‌جانشین,Noun/Adjective/Misc,ب,9,1,2
بی‌جایگاه,Noun/Adjective/Misc,ب,9,1,2
بی‌جربزه,Noun/Adjective/Misc,ب,8,1,2
بی‌جرم,Noun/Adjective/Misc,ب,6,1,2
بی‌جزبره,Noun/Adjective/Misc,ب,8,1,2
بی‌جنبه,Noun/Adjective/Misc,ب,7,1,2
بی‌جهت,Noun/Adjective/Misc,ب,6,1,2
بی‌جواب,Noun/Adjective/Misc,ب,7,1,2
بی‌جواز,Noun/Adjective/Misc,ب,7,1,2
بی‌حاصل,Noun/Adjective/Misc,ب,7,1,2
بی‌حال,Noun/Adjective/Misc,ب,6,1,2
بی‌حالت,Noun/Adjective/Misc,ب,7,1,2
بی‌حجاب,Noun/Adjective/Misc,ب,7,1,2
بی‌حد,Noun/Adjective/Misc,ب,5,1,2
بی‌حدومرز,Noun/Adjective/Misc,ب,9,1,2
بی‌حرف,Noun/Adjective/Misc,ب,6,1,2
بی‌حرمت,Noun/Adjective/Misc,ب,7,1,2
بی‌حرکت,Noun/Adjective/Misc,ب,7,1,2
بی‌حس,Noun/Adjective/Misc,ب,5,1,2
بی‌حساب,Noun/Adjective/Misc,ب,7,1,2
بی‌حس‌کننده,Noun/Adjective/Misc,ب,11,1,3
بی‌حشمت,Noun/Adjective/Misc,ب,7,1,2
بی‌حفاظ,Noun/Adjective/Misc,ب,7,1,2
بی‌حمیت,Noun/Adjective/Misc,ب,7,1,2
بی‌حمیتی,Noun/Adjective/Misc,ب,8,1,2
بی‌حواس,Noun/Adjective/Misc,ب,7,1,2
بی‌حوصله,Noun/Adjective/Misc,ب,8,1,2
بی‌حوصلگی,Noun/Adjective/Misc,ب,9,1,2
بی‌حکمت,Noun/Adjective/Misc,ب,7,1,2
بی‌حیا,Noun/Adjective/Misc,ب,6,1,2
بی‌حیثیت,Noun/Adjective/Misc,ب,8,1,2
بی‌خار,Noun/Adjective/Misc,ب,6,1,2
بی‌خاصیت,Noun/Adjective/Misc,ب,8,1,2
بی‌خانمان,Noun/Adjective/Misc,ب,9,1,2
بی‌خانه,Noun/Adjective/Misc,ب,7,1,2
بی‌خبر,Noun/Adjective/Misc,ب,6,1,2
بی‌خدا,Noun/Adjective/Misc,ب,6,1,2
بی‌خدشه,Noun/Adjective/Misc,ب,7,1,2
بی‌خرد,Noun/Adjective/Misc,ب,6,1,2
بی‌خردانه,Noun/Adjective/Misc,ب,9,1,2
بی‌خس,Noun/Adjective/Misc,ب,5,1,2
بی‌خسارت,Noun/Adjective/Misc,ب,8,1,2
بی‌خستگی,Noun/Adjective/Misc,ب,8,1,2
بی‌خطا,Noun/Adjective/Misc,ب,6,1,2
بی‌خطر,Noun/Adjective/Misc,ب,6,1,2
بی‌خلاف,Noun/Adjective/Misc,ب,7,1,2
بی‌خلل,Noun/Adjective/Misc,ب,6,1,2
بی‌خواب,Noun/Adjective/Misc,ب,7,1,2
بی‌خود,Noun/Adjective/Misc,ب,6,1,2
بی‌خون,Noun/Adjective/Misc,ب,6,1,2
بی‌خیال,Noun/Adjective/Misc,ب,7,1,2
بی‌دانش,Noun/Adjective/Misc,ب,7,1,2
بی‌دانه,Noun/Adjective/Misc,ب,7,1,2
بی‌درآمد,Noun/Adjective/Misc,ب,8,1,2
بی‌درد,Noun/Adjective/Misc,ب,6,1,2
بی‌دردسر,Noun/Adjective/Misc,ب,8,1,2
بی‌درمان,Noun/Adjective/Misc,ب,8,1,2
بی‌درنگ,Noun/Adjective/Misc,ب,7,1,2
بی‌دریغ,Noun/Adjective/Misc,ب,7,1,2
بی‌دست‌وپا,Noun/Adjective/Misc,ب,10,1,3
بی‌دغدغه,Noun/Adjective/Misc,ب,8,1,2
بی‌دفاع,Noun/Adjective/Misc,ب,7,1,2
بی‌دقت,Noun/Adjective/Misc,ب,6,1,2
بی‌دلیل,Noun/Adjective/Misc,ب,7,1,2
بی‌دندان,Noun/Adjective/Misc,ب,8,1,2
بی‌دوا,Noun/Adjective/Misc,ب,6,1,2
بی‌دیانت,Noun/Adjective/Misc,ب,8,1,2
بی‌دین,Noun/Adjective/Misc,ب,6,1,2
بی‌ذوق,Noun/Adjective/Misc,ب,6,1,2
بی‌راه,Noun/Adjective/Misc,ب,6,1,2
بی‌راهه,Noun/Adjective/Misc,ب,7,1,2
بی‌ربط,Noun/Adjective/Misc,ب,6,1,2
بی‌ربط‌گو,Noun/Adjective/Misc,ب,9,1,3
بی‌رحم,Noun/Adjective/Misc,ب,6,1,2
بی‌رحمانه,Noun/Adjective/Misc,ب,9,1,2
بی‌رغبت,Noun/Adjective/Misc,ب,7,1,2
بی‌رقیب,Noun/Adjective/Misc,ب,7,1,2
بی‌رمق,Noun/Adjective/Misc,ب,6,1,2
بی‌رنج,Noun/Adjective/Misc,ب,6,1,2
بی‌رنگ,Noun/Adjective/Misc,ب,6,1,2
بی‌رنگ‌کننده,Noun/Adjective/Misc,ب,12,1,3
بی‌رهنما,Noun/Adjective/Misc,ب,8,1,2
بی‌روح,Noun/Adjective/Misc,ب,6,1,2
بی‌روحیه,Noun/Adjective/Misc,ب,8,1,2
بی‌رودربایستی,Noun/Adjective/Misc,ب,13,1,2
بی‌رونق,Noun/Adjective/Misc,ب,7,1,2
بی‌رویه,Noun/Adjective/Misc,ب,7,1,2
بی‌رگ,Noun/Adjective/Misc,ب,5,1,2
بی‌ریا,Noun/Adjective/Misc,ب,6,1,2
بی‌ریخت,Noun/Adjective/Misc,ب,7,1,2
بی‌ریش,Noun/Adjective/Misc,ب,6,1,2
بی‌ریشه,Noun/Adjective/Misc,ب,7,1,2
بی‌ریشگی,Noun/Adjective/Misc,ب,8,1,2
بی‌زبان,Noun/Adjective/Misc,ب,7,1,2
بی‌زحمت,Noun/Adjective/Misc,ب,7,1,2
بی‌زمان,Noun/Adjective/Misc,ب,7,1,2
بی‌زهر,Noun/Adjective/Misc,ب,6,1,2
بی‌زوال,Noun/Adjective/Misc,ب,7,1,2
بی‌زیان,Noun/Adjective/Misc,ب,7,1,2
بی‌زینت,Noun/Adjective/Misc,ب,7,1,2
بی‌سابقه,Noun/Adjective/Misc,ب,8,1,2
بی‌ساحل,Noun/Adjective/Misc,ب,7,1,2
بی‌سامان,Noun/Adjective/Misc,ب,8,1,2
بی‌سبب,Noun/Adjective/Misc,ب,6,1,2
بی‌ستاره,Noun/Adjective/Misc,ب,8,1,2
بی‌سخاوت,Noun/Adjective/Misc,ب,8,1,2
بی‌سخن,Noun/Adjective/Misc,ب,6,1,2
بی‌سر,Noun/Adjective/Misc,ب,5,1,2
بی‌سرانجام,Noun/Adjective/Misc,ب,10,1,2
بی‌سررشته,Noun/Adjective/Misc,ب,9,1,2
بی‌سرزبان,Noun/Adjective/Misc,ب,9,1,2
بی‌سرزمین,Noun/Adjective/Misc,ب,9,1,2
بی‌سرمایه,Noun/Adjective/Misc,ب,9,1,2
بی‌سرنشین,Noun/Adjective/Misc,ب,9,1,2
بی‌سروته,Noun/Adjective/Misc,ب,8,1,2
بی‌سرپرست,Noun/Adjective/Misc,ب,9,1,2
بی‌سرپناه,Noun/Adjective/Misc,ب,9,1,2
بی‌سعادت,Noun/Adjective/Misc,ب,8,1,2
بی‌سلاح,Noun/Adjective/Misc,ب,7,1,2
بی‌سلیقه,Noun/Adjective/Misc,ب,8,1,2
بی‌سلیقگی,Noun/Adjective/Misc,ب,9,1,2
بی‌سنگ,Noun/Adjective/Misc,ب,6,1,2
بی‌سواد,Noun/Adjective/Misc,ب,7,1,2
بی‌سیاست,Noun/Adjective/Misc,ب,8,1,2
بی‌سیرت,Noun/Adjective/Misc,ب,7,1,2
بی‌سیم,Noun/Adjective/Misc,ب,6,1,2
بی‌سیم‌چی,Noun/Adjective/Misc,ب,9,1,3
بی‌شائبه,Noun/Adjective/Misc,ب,8,1,2
بی‌شاخه,Noun/Adjective/Misc,ب,7,1,2
بی‌شباهت,Noun/Adjective/Misc,ب,8,1,2
بی‌شبهه,Noun/Adjective/Misc,ب,7,1,2
بی‌شتاب,Noun/Adjective/Misc,ب,7,1,2
بی‌شخصیت,Noun/Adjective/Misc,ب,8,1,2
بی‌شرافت,Noun/Adjective/Misc,ب,8,1,2
بی‌شرف,Noun/Adjective/Misc,ب,6,1,2
بی‌شرفانه,Noun/Adjective/Misc,ب,9,1,2
بی‌شرم,Noun/Adjective/Misc,ب,6,1,2
بی‌شرمانه,Noun/Adjective/Misc,ب,9,1,2
بی‌شریک,Noun/Adjective/Misc,ب,7,1,2
بی‌شعور,Noun/Adjective/Misc,ب,7,1,2
بی‌شفقت,Noun/Adjective/Misc,ب,7,1,2
بی‌شمار,Noun/Adjective/Misc,ب,7,1,2
بی‌شهامت,Noun/Adjective/Misc,ب,8,1,2
بی‌شوخی,Noun/Adjective/Misc,ب,7,1,2
بی‌شوهر,Noun/Adjective/Misc,ب,7,1,2
بی‌شک,Noun/Adjective/Misc,ب,5,1,2
بی‌شکست,Noun/Adjective/Misc,ب,7,1,2
بی‌شکل,Noun/Adjective/Misc,ب,6,1,2
بی‌شکوه,Noun/Adjective/Misc,ب,7,1,2
بی‌شکیب,Noun/Adjective/Misc,ب,7,1,2
بی‌شیله,Noun/Adjective/Misc,ب,7,1,2
بی‌شیله‌وپیله,Noun/Adjective/Misc,ب,13,1,3
بی‌صاحب,Noun/Adjective/Misc,ب,7,1,2
بی‌صبر,Noun/Adjective/Misc,ب,6,1,2
بی‌صبرانه,Noun/Adjective/Misc,ب,9,1,2
بی‌صدا,Noun/Adjective/Misc,ب,6,1,2
بی‌صداقت,Noun/Adjective/Misc,ب,8,1,2
بی‌صرفه,Noun/Adjective/Misc,ب,7,1,2
بی‌صفا,Noun/Adjective/Misc,ب,6,1,2
بی‌صفت,Noun/Adjective/Misc,ب,6,1,2
بی‌صلاحیت,Noun/Adjective/Misc,ب,9,1,2
بی‌صنعت,Noun/Adjective/Misc,ب,7,1,2
بی‌صورت,Noun/Adjective/Misc,ب,7,1,2
بی‌ضابطه,Noun/Adjective/Misc,ب,8,1,2
بی‌ضابطگی,Noun/Adjective/Misc,ب,9,1,2
بی‌ضرر,Noun/Adjective/Misc,ب,6,1,2
بی‌ضمانت,Noun/Adjective/Misc,ب,8,1,2
بی‌طاقت,Noun/Adjective/Misc,ب,7,1,2
بی‌طالع,Noun/Adjective/Misc,ب,7,1,2
بی‌طراوت,Noun/Adjective/Misc,ب,8,1,2
بی‌طرف,Noun/Adjective/Misc,ب,6,1,2
بی‌طرفانه,Noun/Adjective/Misc,ب,9,1,2
بی‌طعم,Noun/Adjective/Misc,ب,6,1,2
بی‌طمع,Noun/Adjective/Misc,ب,6,1,2
بی‌ظرافت,Noun/Adjective/Misc,ب,8,1,2
بی‌ظرفیت,Noun/Adjective/Misc,ب,8,1,2
بی‌عار,Noun/Adjective/Misc,ب,6,1,2
بی‌عاطفه,Noun/Adjective/Misc,ب,8,1,2
بی‌عاطفگی,Noun/Adjective/Misc,ب,9,1,2
بی‌عدالت,Noun/Adjective/Misc,ب,8,1,2
بی‌عدد,Noun/Adjective/Misc,ب,6,1,2
بی‌عرضه,Noun/Adjective/Misc,ب,7,1,2
بی‌عرضگی,Noun/Adjective/Misc,ب,8,1,2
بی‌عزت,Noun/Adjective/Misc,ب,6,1,2
بی‌عزتی,Noun/Adjective/Misc,ب,7,1,2
بی‌عشق,Noun/Adjective/Misc,ب,6,1,2
بی‌عصمت,Noun/Adjective/Misc,ب,7,1,2
بی‌عفت,Noun/Adjective/Misc,ب,6,1,2
بی‌عقل,Noun/Adjective/Misc,ب,6,1,2
بی‌عقیده,Noun/Adjective/Misc,ب,8,1,2
بی‌علاج,Noun/Adjective/Misc,ب,7,1,2
بی‌علاقه,Noun/Adjective/Misc,ب,8,1,2
بی‌علاقگی,Noun/Adjective/Misc,ب,9,1,2
بی‌علت,Noun/Adjective/Misc,ب,6,1,2
بی‌علم,Noun/Adjective/Misc,ب,6,1,2
بی‌عمل,Noun/Adjective/Misc,ب,6,1,2
بی‌عنایت,Noun/Adjective/Misc,ب,8,1,2
بی‌عنوان,Noun/Adjective/Misc,ب,8,1,2
بی‌عوض,Noun/Adjective/Misc,ب,6,1,2
بی‌عیب,Noun/Adjective/Misc,ب,6,1,2
بی‌غذا,Noun/Adjective/Misc,ب,6,1,2
بی‌غذایی,Noun/Adjective/Misc,ب,8,1,2
بی‌غرض,Noun/Adjective/Misc,ب,6,1,2
بی‌غرضانه,Noun/Adjective/Misc,ب,9,1,2
بی‌غش,Noun/Adjective/Misc,ب,5,1,2
بی‌غم,Noun/Adjective/Misc,ب,5,1,2
بی‌غیرت,Noun/Adjective/Misc,ب,7,1,2
بی‌فاصله,Noun/Adjective/Misc,ب,8,1,2
بی‌فایده,Noun/Adjective/Misc,ب,8,1,2
بی‌فرجام,Noun/Adjective/Misc,ب,8,1,2
بی‌فرزند,Noun/Adjective/Misc,ب,8,1,2
بی‌فرهنگ,Noun/Adjective/Misc,ب,8,1,2
بی‌فروغ,Noun/Adjective/Misc,ب,7,1,2
بی‌فریاد,Noun/Adjective/Misc,ب,8,1,2
بی‌فضل,Noun/Adjective/Misc,ب,6,1,2
بی‌فکر,Noun/Adjective/Misc,ب,6,1,2
بی‌قابلیت,Noun/Adjective/Misc,ب,9,1,2
بی‌قاعده,Noun/Adjective/Misc,ب,8,1,2
بی‌قاعدگی,Noun/Adjective/Misc,ب,9,1,2
بی‌قافیه,Noun/Adjective/Misc,ب,8,1,2
بی‌قانون,Noun/Adjective/Misc,ب,8,1,2
بی‌قدر,Noun/Adjective/Misc,ب,6,1,2
بی‌قدرت,Noun/Adjective/Misc,ب,7,1,2
بی‌قرار,Noun/Adjective/Misc,ب,7,1,2
بی‌قرینه,Noun/Adjective/Misc,ب,8,1,2
بی‌قواره,Noun/Adjective/Misc,ب,8,1,2
بی‌قوت,Noun/Adjective/Misc,ب,6,1,2
بی‌قیاس,Noun/Adjective/Misc,ب,7,1,2
بی‌قید,Noun/Adjective/Misc,ب,6,1,2
بی‌قیمت,Noun/Adjective/Misc,ب,7,1,2
بی‌لطافت,Noun/Adjective/Misc,ب,8,1,2
بی‌لطف,Noun/Adjective/Misc,ب,6,1,2
بی‌لعاب,Noun/Adjective/Misc,ب,7,1,2
بی‌لگام,Noun/Adjective/Misc,ب,7,1,2
بی‌لیاقت,Noun/Adjective/Misc,ب,8,1,2
بی‌مادر,Noun/Adjective/Misc,ب,7,1,2
بی‌مالک,Noun/Adjective/Misc,ب,7,1,2
بی‌مانع,Noun/Adjective/Misc,ب,7,1,2
بی‌مانند,Noun/Adjective/Misc,ب,8,1,2
بی‌ماهیت,Noun/Adjective/Misc,ب,8,1,2
بی‌مایه,Noun/Adjective/Misc,ب,7,1,2
بی‌مایگی,Noun/Adjective/Misc,ب,8,1,2
بی‌مبالات,Noun/Adjective/Misc,ب,9,1,2
بی‌مثال,Noun/Adjective/Misc,ب,7,1,2
بی‌مثل,Noun/Adjective/Misc,ب,6,1,2
بی‌محابا,Noun/Adjective/Misc,ب,8,1,2
بی‌محبتی,Noun/Adjective/Misc,ب,8,1,2
بی‌محتوا,Noun/Adjective/Misc,ب,8,1,2
بی‌محل,Noun/Adjective/Misc,ب,6,1,2
بی‌مخ,Noun/Adjective/Misc,ب,5,1,2
بی‌مخاطب,Noun/Adjective/Misc,ب,8,1,2
بی‌مداوا,Noun/Adjective/Misc,ب,8,1,2
بی‌مدد,Noun/Adjective/Misc,ب,6,1,2
بی‌مدرک,Noun/Adjective/Misc,ب,7,1,2
بی‌مراد,Noun/Adjective/Misc,ب,7,1,2
بی‌مرام,Noun/Adjective/Misc,ب,7,1,2
بی‌مرز,Noun/Adjective/Misc,ب,6,1,2
بی‌مروت,Noun/Adjective/Misc,ب,7,1,2
بی‌مروتی,Noun/Adjective/Misc,ب,8,1,2
بی‌مرگ,Noun/Adjective/Misc,ب,6,1,2
بی‌مرگی,Noun/Adjective/Misc,ب,7,1,2
بی‌مزد,Noun/Adjective/Misc,ب,6,1,2
بی‌مزه,Noun/Adjective/Misc,ب,6,1,2
بی‌مزیت,Noun/Adjective/Misc,ب,7,1,2
بی‌مسئولیت,Noun/Adjective/Misc,ب,10,1,2
بی‌مسما,Noun/Adjective/Misc,ب,7,1,2
بی‌مسکن,Noun/Adjective/Misc,ب,7,1,2
بی‌مشتری,Noun/Adjective/Misc,ب,8,1,2
بی‌مشورت,Noun/Adjective/Misc,ب,8,1,2
بی‌مصرف,Noun/Adjective/Misc,ب,7,1,2
بی‌مضایقه,Noun/Adjective/Misc,ب,9,1,2
بی‌مطالعه,Noun/Adjective/Misc,ب,9,1,2
بی‌معارض,Noun/Adjective/Misc,ب,8,1,2
بی‌معرفت,Noun/Adjective/Misc,ب,8,1,2
بی‌معطلی,Noun/Adjective/Misc,ب,8,1,2
بی‌معنا,Noun/Adjective/Misc,ب,7,1,2
بی‌معنی,Noun/Adjective/Misc,ب,7,1,2
بی‌مغز,Noun/Adjective/Misc,ب,6,1,2
بی‌مفهوم,Noun/Adjective/Misc,ب,8,1,2
بی‌مقدار,Noun/Adjective/Misc,ب,8,1,2
بی‌مقدمه,Noun/Adjective/Misc,ب,8,1,2
بی‌ملاحظه,Noun/Adjective/Misc,ب,9,1,2
بی‌ملاحظگی,Noun/Adjective/Misc,ب,10,1,2
بی‌منازع,Noun/Adjective/Misc,ب,8,1,2
بی‌منازعه,Noun/Adjective/Misc,ب,9,1,2
بی‌مناسبت,Noun/Adjective/Misc,ب,9,1,2
بی‌منت,Noun/Adjective/Misc,ب,6,1,2
بی‌منتها,Noun/Adjective/Misc,ب,8,1,2
بی‌منزلت,Noun/Adjective/Misc,ب,8,1,2
بی‌منطق,Noun/Adjective/Misc,ب,7,1,2
بی‌مهابا,Noun/Adjective/Misc,ب,8,1,2
بی‌مهار,Noun/Adjective/Misc,ب,7,1,2
بی‌مهر,Noun/Adjective/Misc,ب,6,1,2
بی‌مهره,Noun/Adjective/Misc,ب,7,1,2
بی‌مهرگان,Noun/Adjective/Misc,ب,9,1,2
بی‌مو,Noun/Adjective/Misc,ب,5,1,2
بی‌مورد,Noun/Adjective/Misc,ب,7,1,2
بی‌موقع,Noun/Adjective/Misc,ب,7,1,2
بی‌میل,Noun/Adjective/Misc,ب,6,1,2
بی‌نام,Noun/Adjective/Misc,ب,6,1,2
بی‌ناموس,Noun/Adjective/Misc,ب,8,1,2
بی‌نتیجه,Noun/Adjective/Misc,ب,8,1,2
بی‌نزاکت,Noun/Adjective/Misc,ب,8,1,2
بی‌نشاط,Noun/Adjective/Misc,ب,7,1,2
بی‌نشان,Noun/Adjective/Misc,ب,7,1,2
بی‌نشانه,Noun/Adjective/Misc,ب,8,1,2
بی‌نصیب,Noun/Adjective/Misc,ب,7,1,2
بی‌نظر,Noun/Adjective/Misc,ب,6,1,2
بی‌نظم,Noun/Adjective/Misc,ب,6,1,2
بی‌نظیر,Noun/Adjective/Misc,ب,7,1,2
بی‌نظیربوتو,Noun/Adjective/Misc,ب,11,1,2
بی‌نقاب,Noun/Adjective/Misc,ب,7,1,2
بی‌نقص,Noun/Adjective/Misc,ب,6,1,2
بی‌نقصان,Noun/Adjective/Misc,ب,8,1,2
بی‌نقطه,Noun/Adjective/Misc,ب,7,1,2
بی‌نماز,Noun/Adjective/Misc,ب,7,1,2
بی‌نمک,Noun/Adjective/Misc,ب,6,1,2
بی‌نهایت,Noun/Adjective/Misc,ب,8,1,2
بی‌نوا,Noun/Adjective/Misc,ب,6,1,2
بی‌نور,Noun/Adjective/Misc,ب,6,1,2
بی‌نگین,Noun/Adjective/Misc,ب,7,1,2
بی‌نیاز,Noun/Adjective/Misc,ب,7,1,2
بی‌نیش,Noun/Adjective/Misc,ب,6,1,2
بی‌هدف,Noun/Adjective/Misc,ب,6,1,2
بی‌همانند,Noun/Adjective/Misc,ب,9,1,2
بی‌همت,Noun/Adjective/Misc,ب,6,1,2
بی‌همتا,Noun/Adjective/Misc,ب,7,1,2
بی‌همتی,Noun/Adjective/Misc,ب,7,1,2
بی‌همسر,Noun/Adjective/Misc,ب,7,1,2
بی‌همه‌چیز,Noun/Adjective/Misc,ب,10,1,3
بی‌هنجار,Noun/Adjective/Misc,ب,8,1,2
بی‌هنر,Noun/Adjective/Misc,ب,6,1,2
بی‌هنگام,Noun/Adjective/Misc,ب,8,1,2
بی‌هوا,Noun/Adjective/Misc,ب,6,1,2
بی‌هوازی,Noun/Adjective/Misc,ب,8,1,2
بی‌هوش,Noun/Adjective/Misc,ب,6,1,2
بی‌هویت,Noun/Adjective/Misc,ب,7,1,2
بی‌هیاهو,Noun/Adjective/Misc,ب,8,1,2
بی‌وارث,Noun/Adjective/Misc,ب,7,1,2
بی‌واسطه,Noun/Adjective/Misc,ب,8,1,2
بی‌واهمه,Noun/Adjective/Misc,ب,8,1,2
بی‌وجدان,Noun/Adjective/Misc,ب,8,1,2
بی‌وجود,Noun/Adjective/Misc,ب,7,1,2
بی‌وزن,Noun/Adjective/Misc,ب,6,1,2
بی‌وسیله,Noun/Adjective/Misc,ب,8,1,2
بی‌وسیلگی,Noun/Adjective/Misc,ب,9,1,2
بی‌وضو,Noun/Adjective/Misc,ب,6,1,2
بی‌وطن,Noun/Adjective/Misc,ب,6,1,2
بی‌وفا,Noun/Adjective/Misc,ب,6,1,2
بی‌وقت,Noun/Adjective/Misc,ب,6,1,2
بی‌وقفه,Noun/Adjective/Misc,ب,7,1,2
بی‌پاسخ,Noun/Adjective/Misc,ب,7,1,2
بی‌پاسخ‌مانده,Noun/Adjective/Misc,ب,13,1,3
بی‌پایان,Noun/Adjective/Misc,ب,8,1,2
بی‌پایه,Noun/Adjective/Misc,ب,7,1,2
بی‌پایگی,Noun/Adjective/Misc,ب,8,1,2
بی‌پدر,Noun/Adjective/Misc,ب,6,1,2
بی‌پرده,Noun/Adjective/Misc,ب,7,1,2
بی‌پروا,Noun/Adjective/Misc,ب,7,1,2
بی‌پشتوانه,Noun/Adjective/Misc,ب,10,1,2
بی‌پشتوانگی,Noun/Adjective/Misc,ب,11,1,2
بی‌پشتیبان,Noun/Adjective/Misc,ب,10,1,2
بی‌پناه,Noun/Adjective/Misc,ب,7,1,2
بی‌پول,Noun/Adjective/Misc,ب,6,1,2
بی‌پیرایه,Noun/Adjective/Misc,ب,9,1,2
بی‌پیرایگی,Noun/Adjective/Misc,ب,10,1,2
بی‌چاره,Noun/Adjective/Misc,ب,7,1,2
بی‌چربی,Noun/Adjective/Misc,ب,7,1,2
بی‌چون,Noun/Adjective/Misc,ب,6,1,2
بی‌چیز,Noun/Adjective/Misc,ب,6,1,2
بی‌کار,Noun/Adjective/Misc,ب,6,1,2
بی‌کارالدوله,Noun/Adjective/Misc,ب,12,1,2
بی‌کران,Noun/Adjective/Misc,ب,7,1,2
بی‌کرانه,Noun/Adjective/Misc,ب,8,1,2
بی‌کرانگی,Noun/Adjective/Misc,ب,9,1,2
بی‌کربنات,Noun/Adjective/Misc,ب,9,1,2
بی‌کردار,Noun/Adjective/Misc,ب,8,1,2
بی‌کس,Noun/Adjective/Misc,ب,5,1,2
بی‌کفایت,Noun/Adjective/Misc,ب,8,1,2
بی‌کلاس,Noun/Adjective/Misc,ب,7,1,2
بی‌کلام,Noun/Adjective/Misc,ب,7,1,2
بی‌کلاه,Noun/Adjective/Misc,ب,7,1,2
بی‌کله,Noun/Adjective/Misc,ب,6,1,2
بی‌کیفیت,Noun/Adjective/Misc,ب,8,1,2
بی‌کینه,Noun/Adjective/Misc,ب,7,1,2
بی‌گدار,Noun/Adjective/Misc,ب,7,1,2
بی‌گذشت,Noun/Adjective/Misc,ب,7,1,2
بی‌گزند,Noun/Adjective/Misc,ب,7,1,2
بی‌گمان,Noun/Adjective/Misc,ب,7,1,2
بی‌گناه,Noun/Adjective/Misc,ب,7,1,2
بی‌یار,Noun/Adjective/Misc,ب,6,1,2
بی‌یال,Noun/Adjective/Misc,ب,6,1,2
بی‌یاور,Noun/Adjective/Misc,ب,7,1,2
بی‌تابانه,Noun/Adjective/Misc,ب,9,1,2
باد‌رود,Noun/Adjective/Misc,ب,7,1,2
باز‌پرسی,Noun/Adjective/Misc,ب,8,1,2
باغ‌دار,Noun/Adjective/Misc,ب,7,1,2
بانک‌دار,Noun/Adjective/Misc,ب,8,1,2
بانک‌داری,Noun/Adjective/Misc,ب,9,1,2
بایسته‌سالاری,Noun/Adjective/Misc,ب,13,1,2
بحران‌آفرینی,Noun/Adjective/Misc,ب,12,1,2
بحران‌سازی,Noun/Adjective/Misc,ب,10,1,2
برنامه‌نویسی,Noun/Adjective/Misc,ب,12,1,2
برون‌داد,Noun/Adjective/Misc,ب,8,1,2
بر‌پاکننده,Noun/Adjective/Misc,ب,10,1,2
بزرگ‌تر,Noun/Adjective/Misc,ب,7,1,2
بزرگ‌نما,Noun/Adjective/Misc,ب,8,1,2
بزرگ‌پیامبر,Noun/Adjective/Misc,ب,11,1,2
بزن‌بزن,Noun/Adjective/Misc,ب,7,1,2
بسته‌بندی,Noun/Adjective/Misc,ب,9,1,2
بسته‌نگار,Noun/Adjective/Misc,ب,9,1,2
بع‌بع,Noun/Adjective/Misc,ب,5,1,2
بلوچ‌دوز,Noun/Adjective/Misc,ب,8,1,2
بلک‌واتر,Noun/Adjective/Misc,ب,8,1,2
بمب‌گذاری,Noun/Adjective/Misc,ب,9,1,2
بنی‌اسد,Noun/Adjective/Misc,ب,7,1,2
بنی‌اعتماد,Noun/Adjective/Misc,ب,10,1,2
بن‌خلال,Noun/Adjective/Misc,ب,7,1,2
بن‌همام,Noun/Adjective/Misc,ب,7,1,2
به‌سازی,Noun/Adjective/Misc,ب,7,1,2
بچه‌فیل,Noun/Adjective/Misc,ب,7,1,2
بکینگ‌پودر,Noun/Adjective/Misc,ب,10,1,2
بک‌آپ,Noun/Adjective/Misc,ب,5,1,2
بیانیه‌نویس,Noun/Adjective/Misc,ب,11,1,2
بیش‌ترین,Noun/Adjective/Misc,ب,8,1,2
بیش‌فعالی,Noun/Adjective/Misc,ب,9,1,2
بیع‌نامه,Noun/Adjective/Misc,ب,8,1,2
بیهوده‌گویی,Noun/Adjective/Misc,ب,11,1,2
بیگانه‌گویی,Noun/Adjective/Misc,ب,11,1,2
بی‌آبرویی,Noun/Adjective/Misc,ب,9,1,2
بی‌احترام,Noun/Adjective/Misc,ب,9,1,2
بی‌ادبی,Noun/Adjective/Misc,ب,7,1,2
بی‌اطلاعی,Noun/Adjective/Misc,ب,9,1,2
بی‌اعتقادی,Noun/Adjective/Misc,ب,10,1,2
بی‌اعتمادی,Noun/Adjective/Misc,ب,10,1,2
بی‌اعتنائی,Noun/Adjective/Misc,ب,10,1,2
بی‌اعتنایی,Noun/Adjective/Misc,ب,10,1,2
بی‌انصافی,Noun/Adjective/Misc,ب,9,1,2
بی‌ایمانی,Noun/Adjective/Misc,ب,9,1,2
بی‌تابی,Noun/Adjective/Misc,ب,7,1,2
بی‌تحرکی,Noun/Adjective/Misc,ب,8,1,2
بی‌تدبیری,Noun/Adjective/Misc,ب,9,1,2
بی‌ترتیبی,Noun/Adjective/Misc,ب,9,1,2
بی‌تصمیمی,Noun/Adjective/Misc,ب,9,1,2
بی‌تعلقی,Noun/Adjective/Misc,ب,8,1,2
بی‌تفاوتی,Noun/Adjective/Misc,ب,9,1,2
بی‌ثباتی,Noun/Adjective/Misc,ب,8,1,2
بی‌حجابی,Noun/Adjective/Misc,ب,8,1,2
بی‌حرمتی,Noun/Adjective/Misc,ب,8,1,2
بی‌حرکتی,Noun/Adjective/Misc,ب,8,1,2
بی‌حسی,Noun/Adjective/Misc,ب,6,1,2
بی‌حیاگری,Noun/Adjective/Misc,ب,9,1,2
بی‌خبری,Noun/Adjective/Misc,ب,7,1,2
بی‌خدایی,Noun/Adjective/Misc,ب,8,1,2
بی‌خردی,Noun/Adjective/Misc,ب,7,1,2
بی‌خوابی,Noun/Adjective/Misc,ب,8,1,2
بی‌خودی,Noun/Adjective/Misc,ب,7,1,2
بی‌خیالی,Noun/Adjective/Misc,ب,8,1,2
بی‌دردی,Noun/Adjective/Misc,ب,7,1,2
بی‌دقتی,Noun/Adjective/Misc,ب,7,1,2
بی‌دندانی,Noun/Adjective/Misc,ب,9,1,2
بی‌دینی,Noun/Adjective/Misc,ب,7,1,2
بی‌رحمی,Noun/Adjective/Misc,ب,7,1,2
بی‌زبانی,Noun/Adjective/Misc,ب,8,1,2
بی‌سوادی,Noun/Adjective/Misc,ب,8,1,2
بی‌شرافتی,Noun/Adjective/Misc,ب,9,1,2
بی‌صبری,Noun/Adjective/Misc,ب,7,1,2
بی‌صداقتی,Noun/Adjective/Misc,ب,9,1,2
بی‌طرفی,Noun/Adjective/Misc,ب,7,1,2
بی‌عدالتی,Noun/Adjective/Misc,ب,9,1,2
بی‌عفتی,Noun/Adjective/Misc,ب,7,1,2
بی‌قراری,Noun/Adjective/Misc,ب,8,1,2
بی‌لیاقتی,Noun/Adjective/Misc,ب,9,1,2
بی‌ماهیتی,Noun/Adjective/Misc,ب,9,1,2
بی‌مبالاتی,Noun/Adjective/Misc,ب,10,1,2
بی‌مسئولیتی,Noun/Adjective/Misc,ب,11,1,2
بی‌معرفتی,Noun/Adjective/Misc,ب,9,1,2
بی‌مهری,Noun/Adjective/Misc,ب,7,1,2
بی‌میلی,Noun/Adjective/Misc,ب,7,1,2
بی‌نزاکتی,Noun/Adjective/Misc,ب,9,1,2
بی‌نشاطی,Noun/Adjective/Misc,ب,8,1,2
بی‌نظمی,Noun/Adjective/Misc,ب,7,1,2
بی‌نکاح,Noun/Adjective/Misc,ب,7,1,2
بی‌نیازی,Noun/Adjective/Misc,ب,8,1,2
بی‌هویتی,Noun/Adjective/Misc,ب,8,1,2
بی‌وجدانی,Noun/Adjective/Misc,ب,9,1,2
بی‌وزنی,Noun/Adjective/Misc,ب,7,1,2
بی‌وفایی,Noun/Adjective/Misc,ب,8,1,2
بی‌پروایی,Noun/Adjective/Misc,ب,9,1,2
بی‌پناهی,Noun/Adjective/Misc,ب,8,1,2
بی‌پولی,Noun/Adjective/Misc,ب,7,1,2
بی‌کفایتی,Noun/Adjective/Misc,ب,9,1,2
بی‌کفشی,Noun/Adjective/Misc,ب,7,1,2
بی‌گاه,Noun/Adjective/Misc,ب,6,1,2
بی‌گناهی,Noun/Adjective/Misc,ب,8,1,2
باآب‌وتاب,Noun/Adjective/Misc,ب,9,1,2
باآب‌ورنگ,Noun/Adjective/Misc,ب,9,1,2
بااین‌که,Noun/Adjective/Misc,ب,8,1,2
باج‌بگیر,Noun/Adjective/Misc,ب,8,1,2
باج‌ستان,Noun/Adjective/Misc,ب,8,1,2
باج‌ستانی,Noun/Adjective/Misc,ب,9,1,2
بادام‌بن,Noun/Adjective/Misc,ب,8,1,2
بادبه‌دست,Noun/Adjective/Misc,ب,9,1,2
باسمه‌چی,Noun/Adjective/Misc,ب,8,1,2
باطل‌سازی,Noun/Adjective/Misc,ب,9,1,2
باطل‌کننده,Noun/Adjective/Misc,ب,10,1,2
باطل‌نما,Noun/Adjective/Misc,ب,8,1,2
باعث‌وبانی,Noun/Adjective/Misc,ب,10,1,2
بامبول‌باز,Noun/Adjective/Misc,ب,10,1,2
بث‌الشکوی,Noun/Adjective/Misc,ب,9,1,2
بچاپ‌بچاپ,Noun/Adjective/Misc,ب,9,1,2
بچه‌خوره,Noun/Adjective/Misc,ب,8,1,2
بچه‌دان,Noun/Adjective/Misc,ب,7,1,2
بچه‌سال,Noun/Adjective/Misc,ب,7,1,2
بچه‌محل,Noun/Adjective/Misc,ب,7,1,2
بچه‌مدرسه,Noun/Adjective/Misc,ب,9,1,2
بچه‌ننه,Noun/Adjective/Misc,ب,7,1,2
بخش‌بخش,Noun/Adjective/Misc,ب,7,1,2
بخش‌یاب,Noun/Adjective/Misc,ب,7,1,2
بدنام‌سازی,Noun/Adjective/Misc,ب,10,1,2
بده‌وبستان,Noun/Adjective/Misc,ب,10,1,2
بدین‌سبب,Noun/Adjective/Misc,ب,8,1,2
بدین‌طریق,Noun/Adjective/Misc,ب,9,1,2
برتری‌طلب,Noun/Adjective/Misc,ب,9,1,2
برج‌وبارو,Noun/Adjective/Misc,ب,9,1,2
برحسب‌ظاهر,Noun/Adjective/Misc,ب,10,1,2
برودت‌زا,Noun/Adjective/Misc,ب,8,1,2
بریشم‌نواز,Noun/Adjective/Misc,ب,10,1,2
بزرگ‌جثه,Noun/Adjective/Misc,ب,8,1,2
بسنده‌کار,Noun/Adjective/Misc,ب,9,1,2
بسنده‌کاری,Noun/Adjective/Misc,ب,10,1,2
بطی‌الانتقال,Noun/Adjective/Misc,ب,12,1,2
بطی‌ء,Noun/Adjective/Misc,ب,5,1,2
بغل‌خواب,Noun/Adjective/Misc,ب,8,1,2
بغل‌خوابی,Noun/Adjective/Misc,ب,9,1,2
بکش‌بکش,Noun/Adjective/Misc,ب,7,1,2
بکش‌واکش,Noun/Adjective/Misc,ب,8,1,2
بلبل‌زبانی,Noun/Adjective/Misc,ب,10,1,2
بلم‌ران,Noun/Adjective/Misc,ب,7,1,2
بوکس‌باز,Noun/Adjective/Misc,ب,8,1,2
بوم‌شناس,Noun/Adjective/Misc,ب,8,1,2
بوم‌وبر,Noun/Adjective/Misc,ب,7,1,2
بوی‌خوش,Noun/Adjective/Misc,ب,7,1,2
بوی‌سوز,Noun/Adjective/Misc,ب,7,1,2
به‌اندام,Noun/Adjective/Misc,ب,8,1,2
بهت‌آمیز,Noun/Adjective/Misc,ب,8,1,2
به‌تدریج,Noun/Adjective/Misc,ب,8,1,2
به‌تعجیل,Noun/Adjective/Misc,ب,8,1,2
بهجت‌اثر,Noun/Adjective/Misc,ب,8,1,2
بهجت‌افزا,Noun/Adjective/Misc,ب,9,1,2
به‌جز,Noun/Adjective/Misc,ب,5,1,2
به‌خصوص,Noun/Adjective/Misc,ب,7,1,2
به‌دردنخور,Noun/Adjective/Misc,ب,10,1,2
به‌درستی,Noun/Adjective/Misc,ب,8,1,2
بهره‌خوار,Noun/Adjective/Misc,ب,9,1,2
بهره‌دار,Noun/Adjective/Misc,ب,8,1,2
بهره‌گیر,Noun/Adjective/Misc,ب,8,1,2
به‌زودی,Noun/Adjective/Misc,ب,7,1,2
به‌زور,Noun/Adjective/Misc,ب,6,1,2
به‌سبب,Noun/Adjective/Misc,ب,6,1,2
به‌کرات,Noun/Adjective/Misc,ب,7,1,2
به‌ویژه,Noun/Adjective/Misc,ب,7,1,2
به‌هرجهت,Noun/Adjective/Misc,ب,8,1,2
به‌هیچ‌وجه,Noun/Adjective/Misc,ب,10,1,3
بی‌آبی,Noun/Adjective/Misc,ب,6,1,2
بی‌آزرم,Noun/Adjective/Misc,ب,7,1,2
بی‌آزرمی,Noun/Adjective/Misc,ب,8,1,2
بی‌آغاز,Noun/Adjective/Misc,ب,7,1,2
بی‌آمیغ,Noun/Adjective/Misc,ب,7,1,2
بی‌آن‌که,Noun/Adjective/Misc,ب,8,1,3
بی‌ارج,Noun/Adjective/Misc,ب,6,1,2
بی‌اسم‌ورسم,Noun/Adjective/Misc,ب,11,1,3
بی‌اصل‌ونسب,Noun/Adjective/Misc,ب,11,1,3
بی‌اعتباری,Noun/Adjective/Misc,ب,10,1,2
بی‌التفاوت,Noun/Adjective/Misc,ب,10,1,2
بیان‌نامه,Noun/Adjective/Misc,ب,9,1,2
بی‌باکی,Noun/Adjective/Misc,ب,7,1,2
بی‌برگی,Noun/Adjective/Misc,ب,7,1,2
بی‌بری,Noun/Adjective/Misc,ب,6,1,2
بی‌بصیرت,Noun/Adjective/Misc,ب,8,1,2
بی‌بضاعتی,Noun/Adjective/Misc,ب,9,1,2
بی‌بندوبار,Noun/Adjective/Misc,ب,10,1,2
بی‌بهرگی,Noun/Adjective/Misc,ب,8,1,2
بی‌پایاب,Noun/Adjective/Misc,ب,8,1,2
بیت‌الاحزان,Noun/Adjective/Misc,ب,11,1,2
بیت‌اله,Noun/Adjective/Misc,ب,7,1,2
بی‌تاثیر,Noun/Adjective/Misc,ب,8,1,2
بی‌تامل,Noun/Adjective/Misc,ب,7,1,2
بی‌تربیتی,Noun/Adjective/Misc,ب,9,1,2
بی‌ترتیب,Noun/Adjective/Misc,ب,8,1,2
بی‌تشخیص,Noun/Adjective/Misc,ب,8,1,2
بی‌تشویش,Noun/Adjective/Misc,ب,8,1,2
بی‌تعلق,Noun/Adjective/Misc,ب,7,1,2
بی‌تکبر,Noun/Adjective/Misc,ب,7,1,2
بیت‌لطف,Noun/Adjective/Misc,ب,7,1,2
بی‌تمیز,Noun/Adjective/Misc,ب,7,1,2
بی‌توان,Noun/Adjective/Misc,ب,7,1,2
بی‌ثمری,Noun/Adjective/Misc,ب,7,1,2
بی‌جرات,Noun/Adjective/Misc,ب,7,1,2
بی‌جنبش,Noun/Adjective/Misc,ب,7,1,2
بی‌چشم,Noun/Adjective/Misc,ب,6,1,2
بی‌چشم‌ورو,Noun/Adjective/Misc,ب,10,1,3
بی‌چون‌وچرا,Noun/Adjective/Misc,ب,11,1,3
بی‌چیزی,Noun/Adjective/Misc,ب,7,1,2
بی‌حالی,Noun/Adjective/Misc,ب,7,1,2
بی‌حدوحصر,Noun/Adjective/Misc,ب,9,1,2
بی‌حیایی,Noun/Adjective/Misc,ب,8,1,2
بی‌خانمانی,Noun/Adjective/Misc,ب,10,1,2
بیخ‌دار,Noun/Adjective/Misc,ب,7,1,2
بی‌خودانه,Noun/Adjective/Misc,ب,9,1,2
بی‌دانشی,Noun/Adjective/Misc,ب,8,1,2
بی‌درایت,Noun/Adjective/Misc,ب,8,1,2
بی‌دروپیکر,Noun/Adjective/Misc,ب,10,1,2
بی‌دل‌ودماغ,Noun/Adjective/Misc,ب,11,1,3
بی‌دوام,Noun/Adjective/Misc,ب,7,1,2
بی‌دولت,Noun/Adjective/Misc,ب,7,1,2
بی‌دیسیپلین,Noun/Adjective/Misc,ب,11,1,2
بی‌ذکاوت,Noun/Adjective/Misc,ب,8,1,2
بی‌ذوقی,Noun/Adjective/Misc,ب,7,1,2
بی‌رسم,Noun/Adjective/Misc,ب,6,1,2
بی‌رسمی,Noun/Adjective/Misc,ب,7,1,2
بی‌رنگی,Noun/Adjective/Misc,ب,7,1,2
بی‌روزی,Noun/Adjective/Misc,ب,7,1,2
بی‌ریایی,Noun/Adjective/Misc,ب,8,1,2
بی‌زن,Noun/Adjective/Misc,ب,5,1,2
بی‌زنی,Noun/Adjective/Misc,ب,6,1,2
بی‌زور,Noun/Adjective/Misc,ب,6,1,2
بی‌زینهار,Noun/Adjective/Misc,ب,9,1,2
بی‌سامانی,Noun/Adjective/Misc,ب,9,1,2
بی‌سروپا,Noun/Adjective/Misc,ب,8,1,2
بی‌سیرتی,Noun/Adjective/Misc,ب,8,1,2
بی‌شایبه,Noun/Adjective/Misc,ب,8,1,2
بی‌شرفی,Noun/Adjective/Misc,ب,7,1,2
بی‌شرمی,Noun/Adjective/Misc,ب,7,1,2
بی‌شو,Noun/Adjective/Misc,ب,5,1,2
بی‌شیله‌پیله,Noun/Adjective/Misc,ب,12,1,3
بی‌عاری,Noun/Adjective/Misc,ب,7,1,2
بی‌عدیل,Noun/Adjective/Misc,ب,7,1,2
بی‌عرض,Noun/Adjective/Misc,ب,6,1,2
بی‌عصمتی,Noun/Adjective/Misc,ب,8,1,2
بی‌عقلی,Noun/Adjective/Misc,ب,7,1,2
بی‌علمی,Noun/Adjective/Misc,ب,7,1,2
بی‌فراست,Noun/Adjective/Misc,ب,8,1,2
بی‌فرهنگی,Noun/Adjective/Misc,ب,9,1,2
بی‌فضیلت,Noun/Adjective/Misc,ب,8,1,2
بی‌فکری,Noun/Adjective/Misc,ب,7,1,2
بی‌قانونی,Noun/Adjective/Misc,ب,9,1,2
بی‌کارگی,Noun/Adjective/Misc,ب,8,1,2
بی‌کاره,Noun/Adjective/Misc,ب,7,1,2
بی‌کاری,Noun/Adjective/Misc,ب,7,1,2
بی‌کتاب,Noun/Adjective/Misc,ب,7,1,2
بی‌کسی,Noun/Adjective/Misc,ب,6,1,2
بی‌کم‌وکاست,Noun/Adjective/Misc,ب,11,1,3
بی‌کیاست,Noun/Adjective/Misc,ب,8,1,2
بیگانه‌نواز,Noun/Adjective/Misc,ب,11,1,2
بی‌محلی,Noun/Adjective/Misc,ب,7,1,2
بی‌مرادی,Noun/Adjective/Misc,ب,8,1,2
بی‌مزگی,Noun/Adjective/Misc,ب,7,1,2
بی‌معاملگی,Noun/Adjective/Misc,ب,10,1,2
بی‌مویی,Noun/Adjective/Misc,ب,7,1,2
بی‌ناموسی,Noun/Adjective/Misc,ب,9,1,2
بی‌نام‌ونشان,Noun/Adjective/Misc,ب,12,1,3
بی‌نامی,Noun/Adjective/Misc,ب,7,1,2
بی‌نطفه,Noun/Adjective/Misc,ب,7,1,2
بی‌نوایی,Noun/Adjective/Misc,ب,8,1,2
بی‌واک,Noun/Adjective/Misc,ب,6,1,2
بی‌وقار,Noun/Adjective/Misc,ب,7,1,2
بی‌وقر,Noun/Adjective/Misc,ب,6,1,2
بی‌وقوف,Noun/Adjective/Misc,ب,7,1,2
بیهوده‌گرد,Noun/Adjective/Misc,ب,10,1,2
بیهوده‌گو,Noun/Adjective/Misc,ب,9,1,2
بی‌هوشی,Noun/Adjective/Misc,ب,7,1,2
بی‌هیبت,Noun/Adjective/Misc,ب,7,1,2
پائین‌تنه,Noun/Adjective/Misc,پ,9,1,2
پابه‌ماه,Noun/Adjective/Misc,پ,8,1,2
پابه‌پا,Noun/Adjective/Misc,پ,7,1,2
پاداش‌دهنده,Noun/Adjective/Misc,پ,11,1,2
پاراگراف‌بندی,Noun/Adjective/Misc,پ,13,1,2
پارتی‌بازی,Noun/Adjective/Misc,پ,10,1,2
پارسی‌زبان,Noun/Adjective/Misc,پ,10,1,2
پارسی‌ساز,Noun/Adjective/Misc,پ,9,1,2
پارسی‌گو,Noun/Adjective/Misc,پ,8,1,2
پارس‌آباد,Noun/Adjective/Misc,پ,9,1,2
پارس‌خودرو,Noun/Adjective/Misc,پ,10,1,2
پارس‌دارو,Noun/Adjective/Misc,پ,9,1,2
پارس‌مینو,Noun/Adjective/Misc,پ,9,1,2
پاره‌آجر,Noun/Adjective/Misc,پ,8,1,2
پاره‌آهن,Noun/Adjective/Misc,پ,8,1,2
پاره‌خط,Noun/Adjective/Misc,پ,7,1,2
پاره‌سنگ,Noun/Adjective/Misc,پ,8,1,2
پاره‌وقت,Noun/Adjective/Misc,پ,8,1,2
پاره‌پاره,Noun/Adjective/Misc,پ,9,1,2
پاره‌گفتار,Noun/Adjective/Misc,پ,10,1,2
پارچه‌باف,Noun/Adjective/Misc,پ,9,1,2
پارچه‌بافی,Noun/Adjective/Misc,پ,10,1,2
پارچه‌فروش,Noun/Adjective/Misc,پ,10,1,2
پارچه‌نویسی,Noun/Adjective/Misc,پ,11,1,2
پارک‌سوار,Noun/Adjective/Misc,پ,9,1,2
پارک‌نشین,Noun/Adjective/Misc,پ,9,1,2
پارک‌وی,Noun/Adjective/Misc,پ,7,1,2
پارینه‌سنگی,Noun/Adjective/Misc,پ,11,1,2
پاستل‌کاری,Noun/Adjective/Misc,پ,10,1,2
پاسخ‌داده‌شده,Noun/Adjective/Misc,پ,13,1,3
پاسخ‌دهنده,Noun/Adjective/Misc,پ,10,1,2
پاسخ‌دهی,Noun/Adjective/Misc,پ,8,1,2
پاسخ‌نامه,Noun/Adjective/Misc,پ,9,1,2
پاسخ‌گو,Noun/Adjective/Misc,پ,7,1,2
پاسخ‌گویی,Noun/Adjective/Misc,پ,9,1,2
پاسخ‌یابی,Noun/Adjective/Misc,پ,9,1,2
پاس‌بخش,Noun/Adjective/Misc,پ,7,1,2
پاس‌کاری,Noun/Adjective/Misc,پ,8,1,2
پاشنه‌بلند,Noun/Adjective/Misc,پ,10,1,2
پاشنه‌خوابیده,Noun/Adjective/Misc,پ,13,1,2
پاشنه‌دار,Noun/Adjective/Misc,پ,9,1,2
پاشنه‌کش,Noun/Adjective/Misc,پ,8,1,2
پالان‌دوز,Noun/Adjective/Misc,پ,9,1,2
پالایش‌شده,Noun/Adjective/Misc,پ,10,1,2
پالایش‌یافته,Noun/Adjective/Misc,پ,12,1,2
پالوده‌خوری,Noun/Adjective/Misc,پ,11,1,2
پانته‌آ,Noun/Adjective/Misc,پ,7,1,2
پانزده‌بخشی,Noun/Adjective/Misc,پ,11,1,2
پانزده‌تا,Noun/Adjective/Misc,پ,9,1,2
پانزده‌تایی,Noun/Adjective/Misc,پ,11,1,2
پانزده‌ثانیه‌ای,Noun/Adjective/Misc,پ,15,1,3
پانزده‌جلدی,Noun/Adjective/Misc,پ,11,1,2
پانزده‌حالته,Noun/Adjective/Misc,پ,12,1,2
پانزده‌حالتی,Noun/Adjective/Misc,پ,12,1,2
پانزده‌حرفی,Noun/Adjective/Misc,پ,11,1,2
پانزده‌دانه‌ای,Noun/Adjective/Misc,پ,14,1,3
پانزده‌درصدی,Noun/Adjective/Misc,پ,12,1,2
پانزده‌دقیقه‌ای,Noun/Adjective/Misc,پ,15,1,3
پانزده‌رقمی,Noun/Adjective/Misc,پ,11,1,2
پانزده‌روزه,Noun/Adjective/Misc,پ,11,1,2
پانزده‌ساعته,Noun/Adjective/Misc,پ,12,1,2
پانزده‌ساعتی,Noun/Adjective/Misc,پ,12,1,2
پانزده‌ساله,Noun/Adjective/Misc,پ,11,1,2
پانزده‌سالگی,Noun/Adjective/Misc,پ,12,1,2
پانزده‌صفحه‌ای,Noun/Adjective/Misc,پ,14,1,3
پانزده‌قسمته,Noun/Adjective/Misc,پ,12,1,2
پانزده‌قسمتی,Noun/Adjective/Misc,پ,12,1,2
پانزده‌ماهه,Noun/Adjective/Misc,پ,11,1,2
پانزده‌ماهگی,Noun/Adjective/Misc,پ,12,1,2
پانزده‌میلیاردی,Noun/Adjective/Misc,پ,15,1,2
پانزده‌میلیونی,Noun/Adjective/Misc,پ,14,1,2
پانزده‌میلیون‌نفره,Noun/Adjective/Misc,پ,18,1,3
پانزده‌میلیون‌نفری,Noun/Adjective/Misc,پ,18,1,3
پانزده‌نفره,Noun/Adjective/Misc,پ,11,1,2
پانزده‌نفری,Noun/Adjective/Misc,پ,11,1,2
پانزده‌هجایی,Noun/Adjective/Misc,پ,12,1,2
پانزده‌هزارساله,Noun/Adjective/Misc,پ,15,1,2
پانزده‌هزارسالگی,Noun/Adjective/Misc,پ,16,1,2
پانزده‌هزارنفره,Noun/Adjective/Misc,پ,15,1,2
پانزده‌هزارنفری,Noun/Adjective/Misc,پ,15,1,2
پانزده‌هفته‌ای,Noun/Adjective/Misc,پ,14,1,3
پانزده‌گانه,Noun/Adjective/Misc,پ,11,1,2
پانصدثانیه‌ای,Noun/Adjective/Misc,پ,13,1,2
پانصددانه‌ای,Noun/Adjective/Misc,پ,12,1,2
پانصددقیقه‌ای,Noun/Adjective/Misc,پ,13,1,2
پانصدصفحه‌ای,Noun/Adjective/Misc,پ,12,1,2
پانصدمیلیون‌نفره,Noun/Adjective/Misc,پ,16,1,2
پانصدمیلیون‌نفری,Noun/Adjective/Misc,پ,16,1,2
پانصدهفته‌ای,Noun/Adjective/Misc,پ,12,1,2
پانصدکلمه‌ای,Noun/Adjective/Misc,پ,12,1,2
پاورچین‌پاورچین,Noun/Adjective/Misc,پ,15,1,2
پاوه‌نژاد,Noun/Adjective/Misc,پ,9,1,2
پاچه‌ورمالیده,Noun/Adjective/Misc,پ,13,1,2
پاکستانی‌الاصل,Noun/Adjective/Misc,پ,14,1,2
پاکیزه‌خو,Noun/Adjective/Misc,پ,9,1,2
پاکیزه‌رو,Noun/Adjective/Misc,پ,9,1,2
پاکیزه‌منش,Noun/Adjective/Misc,پ,10,1,2
پاک‌باخته,Noun/Adjective/Misc,پ,9,1,2
پاک‌باز,Noun/Adjective/Misc,پ,7,1,2
پاک‌خو,Noun/Adjective/Misc,پ,6,1,2
پاک‌دامن,Noun/Adjective/Misc,پ,8,1,2
پاک‌دل,Noun/Adjective/Misc,پ,6,1,2
پاک‌دین,Noun/Adjective/Misc,پ,7,1,2
پاک‌رو,Noun/Adjective/Misc,پ,6,1,2
پاک‌روان,Noun/Adjective/Misc,پ,8,1,2
پاک‌زاد,Noun/Adjective/Misc,پ,7,1,2
پاک‌سازی,Noun/Adjective/Misc,پ,8,1,2
پاک‌سرشت,Noun/Adjective/Misc,پ,8,1,2
پاک‌سیرت,Noun/Adjective/Misc,پ,8,1,2
پاک‌شده,Noun/Adjective/Misc,پ,7,1,2
پاک‌ضمیر,Noun/Adjective/Misc,پ,8,1,2
پاک‌طینت,Noun/Adjective/Misc,پ,8,1,2
پاک‌فطرت,Noun/Adjective/Misc,پ,8,1,2
پاک‌نظر,Noun/Adjective/Misc,پ,7,1,2
پاک‌نفس,Noun/Adjective/Misc,پ,7,1,2
پاک‌نهاد,Noun/Adjective/Misc,پ,8,1,2
پاک‌نویس,Noun/Adjective/Misc,پ,8,1,2
پاک‌نویسی,Noun/Adjective/Misc,پ,9,1,2
پاک‌نیت,Noun/Adjective/Misc,پ,7,1,2
پاک‌چشم,Noun/Adjective/Misc,پ,7,1,2
پاک‌کرده,Noun/Adjective/Misc,پ,8,1,2
پاک‌کن,Noun/Adjective/Misc,پ,6,1,2
پاک‌کننده,Noun/Adjective/Misc,پ,9,1,2
پاک‌کنندگی,Noun/Adjective/Misc,پ,10,1,2
پاک‌یزدان,Noun/Adjective/Misc,پ,9,1,2
پایان‌بخش,Noun/Adjective/Misc,پ,9,1,2
پایان‌نامه,Noun/Adjective/Misc,پ,10,1,2
پایان‌ناپذیر,Noun/Adjective/Misc,پ,12,1,2
پایان‌پذیر,Noun/Adjective/Misc,پ,10,1,2
پایان‌یافته,Noun/Adjective/Misc,پ,11,1,2
پایتخت‌نشین,Noun/Adjective/Misc,پ,11,1,2
پایمال‌سازی,Noun/Adjective/Misc,پ,11,1,2
پایمال‌شده,Noun/Adjective/Misc,پ,10,1,2
پایمال‌کننده,Noun/Adjective/Misc,پ,12,1,2
پایه‌ای,Noun/Adjective/Misc,پ,7,1,2
پایه‌دار,Noun/Adjective/Misc,پ,8,1,2
پایه‌ریزی,Noun/Adjective/Misc,پ,9,1,2
پایه‌گذار,Noun/Adjective/Misc,پ,9,1,2
پایین‌افتادگی,Noun/Adjective/Misc,پ,13,1,2
پایین‌تنه,Noun/Adjective/Misc,پ,9,1,2
پایین‌دست,Noun/Adjective/Misc,پ,9,1,2
پای‌افزار,Noun/Adjective/Misc,پ,9,1,2
پای‌بست,Noun/Adjective/Misc,پ,7,1,2
پای‌بوسی,Noun/Adjective/Misc,پ,8,1,2
پای‌کوب,Noun/Adjective/Misc,پ,7,1,2
پای‌کوبی,Noun/Adjective/Misc,پ,8,1,2
پتانسیل‌یابی,Noun/Adjective/Misc,پ,12,1,2
پخته‌شده,Noun/Adjective/Misc,پ,8,1,2
پخت‌وپز,Noun/Adjective/Misc,پ,7,1,2
پخش‌شده,Noun/Adjective/Misc,پ,7,1,2
پخش‌کن,Noun/Adjective/Misc,پ,6,1,2
پخش‌کننده,Noun/Adjective/Misc,پ,9,1,2
پدیده‌شناسی,Noun/Adjective/Misc,پ,11,1,2
پذیرش‌شده,Noun/Adjective/Misc,پ,9,1,2
پذیرفته‌شدنی,Noun/Adjective/Misc,پ,12,1,2
پذیرفته‌شده,Noun/Adjective/Misc,پ,11,1,2
پذیرفته‌نشده,Noun/Adjective/Misc,پ,12,1,2
پذیره‌نویس,Noun/Adjective/Misc,پ,10,1,2
پراکنده‌دل,Noun/Adjective/Misc,پ,10,1,2
پراکنده‌سازی,Noun/Adjective/Misc,پ,12,1,2
پراکنده‌شده,Noun/Adjective/Misc,پ,11,1,2
پراکنده‌کننده,Noun/Adjective/Misc,پ,13,1,2
پراکنده‌گو,Noun/Adjective/Misc,پ,10,1,2
پرتاب‌شده,Noun/Adjective/Misc,پ,9,1,2
پرتاب‌شونده,Noun/Adjective/Misc,پ,11,1,2
پرتاب‌کننده,Noun/Adjective/Misc,پ,11,1,2
پرتغالی‌زبان,Noun/Adjective/Misc,پ,12,1,2
پرتقالی‌رنگ,Noun/Adjective/Misc,پ,11,1,2
پرت‌افتاده,Noun/Adjective/Misc,پ,10,1,2
پرت‌افتادگی,Noun/Adjective/Misc,پ,11,1,2
پرت‌وپلا,Noun/Adjective/Misc,پ,8,1,2
پرت‌کننده,Noun/Adjective/Misc,پ,9,1,2
پرت‌گو,Noun/Adjective/Misc,پ,6,1,2
پرخاش‌جو,Noun/Adjective/Misc,پ,8,1,2
پرخاش‌جویانه,Noun/Adjective/Misc,پ,12,1,2
پرداخته‌شده,Noun/Adjective/Misc,پ,11,1,2
پرداخت‌شده,Noun/Adjective/Misc,پ,10,1,2
پرداخت‌نشده,Noun/Adjective/Misc,پ,11,1,2
پرداخت‌نموده,Noun/Adjective/Misc,پ,12,1,2
پرداخت‌کننده,Noun/Adjective/Misc,پ,12,1,2
پردازش‌شده,Noun/Adjective/Misc,پ,10,1,2
پردست‌انداز,Noun/Adjective/Misc,پ,11,1,2
پرده‌برداری,Noun/Adjective/Misc,پ,11,1,2
پرده‌خوان,Noun/Adjective/Misc,پ,9,1,2
پرده‌دار,Noun/Adjective/Misc,پ,8,1,2
پرده‌در,Noun/Adjective/Misc,پ,7,1,2
پرده‌دوز,Noun/Adjective/Misc,پ,8,1,2
پرده‌سرا,Noun/Adjective/Misc,پ,8,1,2
پرده‌نشین,Noun/Adjective/Misc,پ,9,1,2
پرده‌پوش,Noun/Adjective/Misc,پ,8,1,2
پرده‌کرکره,Noun/Adjective/Misc,پ,10,1,2
پرده‌گشا,Noun/Adjective/Misc,پ,8,1,2
پرستش‌کننده,Noun/Adjective/Misc,پ,11,1,2
پرستش‌کنندگان,Noun/Adjective/Misc,پ,13,1,2
پرسش‌برانگیز,Noun/Adjective/Misc,پ,12,1,2
پرسش‌نامه,Noun/Adjective/Misc,پ,9,1,2
پرسش‌کننده,Noun/Adjective/Misc,پ,10,1,2
پرسش‌گرانه,Noun/Adjective/Misc,پ,10,1,2
پرسه‌زن,Noun/Adjective/Misc,پ,7,1,2
پرس‌وجو,Noun/Adjective/Misc,پ,7,1,2
پرس‌کار,Noun/Adjective/Misc,پ,7,1,2
پرنده‌باز,Noun/Adjective/Misc,پ,9,1,2
پرنده‌خوار,Noun/Adjective/Misc,پ,10,1,2
پرنده‌شناس,Noun/Adjective/Misc,پ,10,1,2
پرنده‌شناسی,Noun/Adjective/Misc,پ,11,1,2
پروانه‌وار,Noun/Adjective/Misc,پ,10,1,2
پروتئین‌سازی,Noun/Adjective/Misc,پ,12,1,2
پروتگان‌شناس,Noun/Adjective/Misc,پ,12,1,2
پرورش‌دهنده,Noun/Adjective/Misc,پ,11,1,2
پرورش‌یافته,Noun/Adjective/Misc,پ,11,1,2
پروفیل‌سازی,Noun/Adjective/Misc,پ,11,1,2
پرونده‌سازی,Noun/Adjective/Misc,پ,11,1,2
پروژه‌سازی,Noun/Adjective/Misc,پ,10,1,2
پرچم‌دار,Noun/Adjective/Misc,پ,8,1,2
پرچم‌سوزی,Noun/Adjective/Misc,پ,9,1,2
پرچ‌شده,Noun/Adjective/Misc,پ,7,1,2
پریده‌رنگ,Noun/Adjective/Misc,پ,9,1,2
پریشان‌حال,Noun/Adjective/Misc,پ,10,1,2
پریشان‌حواس,Noun/Adjective/Misc,پ,11,1,2
پریشان‌خاطر,Noun/Adjective/Misc,پ,11,1,2
پریشان‌دل,Noun/Adjective/Misc,پ,9,1,2
پری‌آباد,Noun/Adjective/Misc,پ,8,1,2
پری‌رو,Noun/Adjective/Misc,پ,6,1,2
پری‌زاد,Noun/Adjective/Misc,پ,7,1,2
پری‌زاده,Noun/Adjective/Misc,پ,8,1,2
پری‌چهر,Noun/Adjective/Misc,پ,7,1,2
پری‌چهره,Noun/Adjective/Misc,پ,8,1,2
پزشک‌یار,Noun/Adjective/Misc,پ,8,1,2
پساساخت‌باور,Noun/Adjective/Misc,پ,12,1,2
پستان‌بند,Noun/Adjective/Misc,پ,9,1,2
پستان‌درد,Noun/Adjective/Misc,پ,9,1,2
پست‌بانک,Noun/Adjective/Misc,پ,8,1,2
پست‌خانه,Noun/Adjective/Misc,پ,8,1,2
پست‌فطرت,Noun/Adjective/Misc,پ,8,1,2
پست‌مدرن,Noun/Adjective/Misc,پ,8,1,2
پست‌مدرنیته,Noun/Adjective/Misc,پ,11,1,2
پست‌مدرنیست,Noun/Adjective/Misc,پ,11,1,2
پست‌مدرنیسم,Noun/Adjective/Misc,پ,11,1,2
پست‌همت,Noun/Adjective/Misc,پ,7,1,2
پست‌همتی,Noun/Adjective/Misc,پ,8,1,2
پس‌ازآن,Noun/Adjective/Misc,پ,7,1,2
پس‌ازآنکه,Noun/Adjective/Misc,پ,9,1,2
پس‌ازاین,Noun/Adjective/Misc,پ,8,1,2
پس‌ازاینکه,Noun/Adjective/Misc,پ,10,1,2
پس‌افتاده,Noun/Adjective/Misc,پ,9,1,2
پس‌انداز,Noun/Adjective/Misc,پ,8,1,2
پس‌دوزی,Noun/Adjective/Misc,پ,7,1,2
پس‌رو,Noun/Adjective/Misc,پ,5,1,2
پس‌روی,Noun/Adjective/Misc,پ,6,1,2
پس‌زمینه,Noun/Adjective/Misc,پ,8,1,2
پس‌فردا,Noun/Adjective/Misc,پ,7,1,2
پس‌فرداشب,Noun/Adjective/Misc,پ,9,1,2
پس‌لرزه,Noun/Adjective/Misc,پ,7,1,2
پس‌ماند,Noun/Adjective/Misc,پ,7,1,2
پس‌مانده,Noun/Adjective/Misc,پ,8,1,2
پس‌مانده‌خور,Noun/Adjective/Misc,پ,12,1,3
پس‌ماندگی,Noun/Adjective/Misc,پ,9,1,2
پس‌وپیش,Noun/Adjective/Misc,پ,7,1,2
پس‌پریروز,Noun/Adjective/Misc,پ,9,1,2
پس‌پریشب,Noun/Adjective/Misc,پ,8,1,2
پس‌کوچه,Noun/Adjective/Misc,پ,7,1,2
پشتک‌زن,Noun/Adjective/Misc,پ,7,1,2
پشتک‌وارو,Noun/Adjective/Misc,پ,9,1,2
پشتیبانی‌دهنده,Noun/Adjective/Misc,پ,14,1,2
پشتیبانی‌کننده,Noun/Adjective/Misc,پ,14,1,2
پشتی‌بافی,Noun/Adjective/Misc,پ,9,1,2
پشت‌بام,Noun/Adjective/Misc,پ,7,1,2
پشت‌میزنشین,Noun/Adjective/Misc,پ,11,1,2
پشت‌میزنشینی,Noun/Adjective/Misc,پ,12,1,2
پشت‌نویسی,Noun/Adjective/Misc,پ,9,1,2
پشت‌گرم,Noun/Adjective/Misc,پ,7,1,2
پشت‌گرمی,Noun/Adjective/Misc,پ,8,1,2
پشت‌گوش‌اندازی,Noun/Adjective/Misc,پ,14,1,3
پشمینه‌پوش,Noun/Adjective/Misc,پ,10,1,2
پشم‌باف,Noun/Adjective/Misc,پ,7,1,2
پشم‌بافی,Noun/Adjective/Misc,پ,8,1,2
پشم‌ریس,Noun/Adjective/Misc,پ,7,1,2
پشم‌ریسی,Noun/Adjective/Misc,پ,8,1,2
پشم‌شیشه,Noun/Adjective/Misc,پ,8,1,2
پشم‌چینی,Noun/Adjective/Misc,پ,8,1,2
پشه‌بند,Noun/Adjective/Misc,پ,7,1,2
پشه‌بندی,Noun/Adjective/Misc,پ,8,1,2
پشه‌خوار,Noun/Adjective/Misc,پ,8,1,2
پشیمان‌نامه,Noun/Adjective/Misc,پ,11,1,2
پف‌دار,Noun/Adjective/Misc,پ,6,1,2
پف‌کرده,Noun/Adjective/Misc,پ,7,1,2
پلاستیک‌سازی,Noun/Adjective/Misc,پ,12,1,2
پلمب‌شده,Noun/Adjective/Misc,پ,8,1,2
پله‌برقی,Noun/Adjective/Misc,پ,8,1,2
پله‌پله,Noun/Adjective/Misc,پ,7,1,2
پلیس‌راه,Noun/Adjective/Misc,پ,8,1,2
پلی‌آف,Noun/Adjective/Misc,پ,6,1,2
پلی‌اتیلن,Noun/Adjective/Misc,پ,9,1,2
پلی‌استر,Noun/Adjective/Misc,پ,8,1,2
پلی‌استیشن,Noun/Adjective/Misc,پ,10,1,2
پلی‌تکنیک,Noun/Adjective/Misc,پ,9,1,2
پلی‌پروپیلن,Noun/Adjective/Misc,پ,11,1,2
پلی‌کپی,Noun/Adjective/Misc,پ,7,1,2
پل‌دختر,Noun/Adjective/Misc,پ,7,1,2
پل‌سازی,Noun/Adjective/Misc,پ,7,1,2
پمپ‌بنزین,Noun/Adjective/Misc,پ,9,1,2
پمپ‌سازی,Noun/Adjective/Misc,پ,8,1,2
پناه‌جو,Noun/Adjective/Misc,پ,7,1,2
پنبه‌خیز,Noun/Adjective/Misc,پ,8,1,2
پنبه‌دانه,Noun/Adjective/Misc,پ,9,1,2
پنبه‌ریسی,Noun/Adjective/Misc,پ,9,1,2
پنبه‌زار,Noun/Adjective/Misc,پ,8,1,2
پنبه‌زن,Noun/Adjective/Misc,پ,7,1,2
پنبه‌زنی,Noun/Adjective/Misc,پ,8,1,2
پنبه‌فروش,Noun/Adjective/Misc,پ,9,1,2
پنبه‌کار,Noun/Adjective/Misc,پ,8,1,2
پنبه‌کاری,Noun/Adjective/Misc,پ,9,1,2
پنجاه‌بخشی,Noun/Adjective/Misc,پ,10,1,2
پنجاه‌تا,Noun/Adjective/Misc,پ,8,1,2
پنجاه‌تاپنجاه‌تا,Noun/Adjective/Misc,پ,16,1,3
پنجاه‌تایی,Noun/Adjective/Misc,پ,10,1,2
پنجاه‌تومانی,Noun/Adjective/Misc,پ,12,1,2
پنجاه‌ثانیه‌ای,Noun/Adjective/Misc,پ,14,1,3
پنجاه‌جلدی,Noun/Adjective/Misc,پ,10,1,2
پنجاه‌حالته,Noun/Adjective/Misc,پ,11,1,2
پنجاه‌حالتی,Noun/Adjective/Misc,پ,11,1,2
پنجاه‌حرفی,Noun/Adjective/Misc,پ,10,1,2
پنجاه‌دانه‌ای,Noun/Adjective/Misc,پ,13,1,3
پنجاه‌درصدی,Noun/Adjective/Misc,پ,11,1,2
پنجاه‌دقیقه‌ای,Noun/Adjective/Misc,پ,14,1,3
پنجاه‌دلاری,Noun/Adjective/Misc,پ,11,1,2
پنجاه‌رقمی,Noun/Adjective/Misc,پ,10,1,2
پنجاه‌روزه,Noun/Adjective/Misc,پ,10,1,2
پنجاه‌ساعته,Noun/Adjective/Misc,پ,11,1,2
پنجاه‌ساعتی,Noun/Adjective/Misc,پ,11,1,2
پنجاه‌ساله,Noun/Adjective/Misc,پ,10,1,2
پنجاه‌سالگی,Noun/Adjective/Misc,پ,11,1,2
پنجاه‌صفحه‌ای,Noun/Adjective/Misc,پ,13,1,3
پنجاه‌قسمته,Noun/Adjective/Misc,پ,11,1,2
پنجاه‌قسمتی,Noun/Adjective/Misc,پ,11,1,2
پنجاه‌ماهه,Noun/Adjective/Misc,پ,10,1,2
پنجاه‌ماهگی,Noun/Adjective/Misc,پ,11,1,2
پنجاه‌میلیاردی,Noun/Adjective/Misc,پ,14,1,2
پنجاه‌میلیونی,Noun/Adjective/Misc,پ,13,1,2
پنجاه‌میلیون‌نفره,Noun/Adjective/Misc,پ,17,1,3
پنجاه‌میلیون‌نفری,Noun/Adjective/Misc,پ,17,1,3
پنجاه‌نفره,Noun/Adjective/Misc,پ,10,1,2
پنجاه‌نفری,Noun/Adjective/Misc,پ,10,1,2
پنجاه‌هجایی,Noun/Adjective/Misc,پ,11,1,2
پنجاه‌هزارتومانی,Noun/Adjective/Misc,پ,16,1,2
پنجاه‌هزارساله,Noun/Adjective/Misc,پ,14,1,2
پنجاه‌هزارسالگی,Noun/Adjective/Misc,پ,15,1,2
پنجاه‌هزارنفری,Noun/Adjective/Misc,پ,14,1,2
پنجاه‌هزاری,Noun/Adjective/Misc,پ,11,1,2
پنجاه‌هفته‌ای,Noun/Adjective/Misc,پ,13,1,3
پنجاه‌ودو,Noun/Adjective/Misc,پ,9,1,2
پنجاه‌ودوساله,Noun/Adjective/Misc,پ,13,1,2
پنجاه‌ودوسالگی,Noun/Adjective/Misc,پ,14,1,2
پنجاه‌وسه,Noun/Adjective/Misc,پ,9,1,2
پنجاه‌وسه‌ساله,Noun/Adjective/Misc,پ,14,1,3
پنجاه‌وسه‌سالگی,Noun/Adjective/Misc,پ,15,1,3
پنجاه‌وشش,Noun/Adjective/Misc,پ,9,1,2
پنجاه‌وشش‌ساله,Noun/Adjective/Misc,پ,14,1,3
پنجاه‌وشش‌سالگی,Noun/Adjective/Misc,پ,15,1,3
پنجاه‌ونه,Noun/Adjective/Misc,پ,9,1,2
پنجاه‌ونه‌ساله,Noun/Adjective/Misc,پ,14,1,3
پنجاه‌ونه‌سالگی,Noun/Adjective/Misc,پ,15,1,3
پنجاه‌وهشت,Noun/Adjective/Misc,پ,10,1,2
پنجاه‌وهشت‌ساله,Noun/Adjective/Misc,پ,15,1,3
پنجاه‌وهشت‌سالگی,Noun/Adjective/Misc,پ,16,1,3
پنجاه‌وهفت,Noun/Adjective/Misc,پ,10,1,2
پنجاه‌وهفت‌ساله,Noun/Adjective/Misc,پ,15,1,3
پنجاه‌وهفت‌سالگی,Noun/Adjective/Misc,پ,16,1,3
پنجاه‌وپنج,Noun/Adjective/Misc,پ,10,1,2
پنجاه‌وپنج‌ساله,Noun/Adjective/Misc,پ,15,1,3
پنجاه‌وپنج‌سالگی,Noun/Adjective/Misc,پ,16,1,3
پنجاه‌وچند,Noun/Adjective/Misc,پ,10,1,2
پنجاه‌وچندساله,Noun/Adjective/Misc,پ,14,1,2
پنجاه‌وچندسالگی,Noun/Adjective/Misc,پ,15,1,2
پنجاه‌وچهار,Noun/Adjective/Misc,پ,11,1,2
پنجاه‌وچهارساله,Noun/Adjective/Misc,پ,15,1,2
پنجاه‌وچهارسالگی,Noun/Adjective/Misc,پ,16,1,2
پنجاه‌ویک,Noun/Adjective/Misc,پ,9,1,2
پنجاه‌ویک‌ساله,Noun/Adjective/Misc,پ,14,1,3
پنجاه‌ویک‌سالگی,Noun/Adjective/Misc,پ,15,1,3
پنجاه‌کاره,Noun/Adjective/Misc,پ,10,1,2
پنجاه‌کلمه‌ای,Noun/Adjective/Misc,پ,13,1,3
پنجاه‌گانه,Noun/Adjective/Misc,پ,10,1,2
پنجاه‌یورویی,Noun/Adjective/Misc,پ,12,1,2
پنجره‌هزارنفره,Noun/Adjective/Misc,پ,14,1,2
پنجه‌دار,Noun/Adjective/Misc,پ,8,1,2
پنج‌اکتاوی,Noun/Adjective/Misc,پ,10,1,2
پنج‌باره,Noun/Adjective/Misc,پ,8,1,2
پنج‌بخشی,Noun/Adjective/Misc,پ,8,1,2
پنج‌به‌پنج,Noun/Adjective/Misc,پ,10,1,3
پنج‌تا,Noun/Adjective/Misc,پ,6,1,2
پنج‌تاپنج‌تا,Noun/Adjective/Misc,پ,12,1,3
پنج‌تایکی,Noun/Adjective/Misc,پ,9,1,2
پنج‌تایی,Noun/Adjective/Misc,پ,8,1,2
پنج‌تومانی,Noun/Adjective/Misc,پ,10,1,2
پنج‌ثانیه‌ای,Noun/Adjective/Misc,پ,12,1,3
پنج‌جانبه,Noun/Adjective/Misc,پ,9,1,2
پنج‌جلدی,Noun/Adjective/Misc,پ,8,1,2
پنج‌جمله‌ای,Noun/Adjective/Misc,پ,11,1,3
پنج‌حالته,Noun/Adjective/Misc,پ,9,1,2
پنج‌حالتی,Noun/Adjective/Misc,پ,9,1,2
پنج‌حرفی,Noun/Adjective/Misc,پ,8,1,2
پنج‌حزبی,Noun/Adjective/Misc,پ,8,1,2
پنج‌دانه‌ای,Noun/Adjective/Misc,پ,11,1,3
پنج‌در,Noun/Adjective/Misc,پ,6,1,2
پنج‌درجه‌ای,Noun/Adjective/Misc,پ,11,1,3
پنج‌درصدی,Noun/Adjective/Misc,پ,9,1,2
پنج‌دستگی,Noun/Adjective/Misc,پ,9,1,2
پنج‌دقیقه‌ای,Noun/Adjective/Misc,پ,12,1,3
پنج‌دلاری,Noun/Adjective/Misc,پ,9,1,2
پنج‌دهم,Noun/Adjective/Misc,پ,7,1,2
پنج‌دوم,Noun/Adjective/Misc,پ,7,1,2
پنج‌دوّم,Noun/Adjective/Misc,پ,8,1,2
پنج‌رقمی,Noun/Adjective/Misc,پ,8,1,2
پنج‌روزه,Noun/Adjective/Misc,پ,8,1,2
پنج‌ریالی,Noun/Adjective/Misc,پ,9,1,2
پنج‌ساعته,Noun/Adjective/Misc,پ,9,1,2
پنج‌ساعتی,Noun/Adjective/Misc,پ,9,1,2
پنج‌ساله,Noun/Adjective/Misc,پ,8,1,2
پنج‌سالگی,Noun/Adjective/Misc,پ,9,1,2
پنج‌سوم,Noun/Adjective/Misc,پ,7,1,2
پنج‌سوّم,Noun/Adjective/Misc,پ,8,1,2
پنج‌ششم,Noun/Adjective/Misc,پ,7,1,2
پنج‌شش‌روزه,Noun/Adjective/Misc,پ,11,1,3
پنج‌شش‌ساله,Noun/Adjective/Misc,پ,11,1,3
پنج‌شش‌ماهه,Noun/Adjective/Misc,پ,11,1,3
پنج‌شنبه,Noun/Adjective/Misc,پ,8,1,2
پنج‌شنبه‌بازار,Noun/Adjective/Misc,پ,14,1,3
پنج‌شنبه‌شب,Noun/Adjective/Misc,پ,11,1,3
پنج‌صدم,Noun/Adjective/Misc,پ,7,1,2
پنج‌صفحه‌ای,Noun/Adjective/Misc,پ,11,1,3
پنج‌ضربی,Noun/Adjective/Misc,پ,8,1,2
پنج‌ضلعی,Noun/Adjective/Misc,پ,8,1,2
پنج‌قرانی,Noun/Adjective/Misc,پ,9,1,2
پنج‌قسمته,Noun/Adjective/Misc,پ,9,1,2
پنج‌قسمتی,Noun/Adjective/Misc,پ,9,1,2
پنج‌قلو,Noun/Adjective/Misc,پ,7,1,2
پنج‌لو,Noun/Adjective/Misc,پ,6,1,2
پنج‌ماهه,Noun/Adjective/Misc,پ,8,1,2
پنج‌ماهگی,Noun/Adjective/Misc,پ,9,1,2
پنج‌میلیاردنفره,Noun/Adjective/Misc,پ,15,1,2
پنج‌میلیاردنفری,Noun/Adjective/Misc,پ,15,1,2
پنج‌میلیاردی,Noun/Adjective/Misc,پ,12,1,2
پنج‌میلیونی,Noun/Adjective/Misc,پ,11,1,2
پنج‌میلیون‌نفره,Noun/Adjective/Misc,پ,15,1,3
پنج‌میلیون‌نفری,Noun/Adjective/Misc,پ,15,1,3
پنج‌نفره,Noun/Adjective/Misc,پ,8,1,2
پنج‌نفری,Noun/Adjective/Misc,پ,8,1,2
پنج‌نهم,Noun/Adjective/Misc,پ,7,1,2
پنج‌هجایی,Noun/Adjective/Misc,پ,9,1,2
پنج‌هزارتومانی,Noun/Adjective/Misc,پ,14,1,2
پنج‌هزارساله,Noun/Adjective/Misc,پ,12,1,2
پنج‌هزارسالگی,Noun/Adjective/Misc,پ,13,1,2
پنج‌هزارصفحه‌ای,Noun/Adjective/Misc,پ,15,1,3
پنج‌هزارم,Noun/Adjective/Misc,پ,9,1,2
پنج‌هزارنفره,Noun/Adjective/Misc,پ,12,1,2
پنج‌هزارنفری,Noun/Adjective/Misc,پ,12,1,2
پنج‌هزاری,Noun/Adjective/Misc,پ,9,1,2
پنج‌هشتم,Noun/Adjective/Misc,پ,8,1,2
پنج‌هفتم,Noun/Adjective/Misc,پ,8,1,2
پنج‌هفته‌ای,Noun/Adjective/Misc,پ,11,1,3
پنج‌پرده‌ای,Noun/Adjective/Misc,پ,11,1,3
پنج‌پنجم,Noun/Adjective/Misc,پ,8,1,2
پنج‌چرخه,Noun/Adjective/Misc,پ,8,1,2
پنج‌چهارم,Noun/Adjective/Misc,پ,9,1,2
پنج‌کاره,Noun/Adjective/Misc,پ,8,1,2
پنج‌کلمه‌ای,Noun/Adjective/Misc,پ,11,1,3
پنج‌گانه,Noun/Adjective/Misc,پ,8,1,2
پنج‌یورویی,Noun/Adjective/Misc,پ,10,1,2
پنهان‌خانه,Noun/Adjective/Misc,پ,10,1,2
پنهان‌شده,Noun/Adjective/Misc,پ,9,1,2
پنهان‌کاری,Noun/Adjective/Misc,پ,10,1,2
پنی‌سیلین,Noun/Adjective/Misc,پ,9,1,2
پهلوان‌بازی,Noun/Adjective/Misc,پ,11,1,2
پهلوان‌زاده,Noun/Adjective/Misc,پ,11,1,2
پهلوان‌پنبه,Noun/Adjective/Misc,پ,11,1,2
پهن‌برگ,Noun/Adjective/Misc,پ,7,1,2
پهن‌دشت,Noun/Adjective/Misc,پ,7,1,2
پهن‌شده,Noun/Adjective/Misc,پ,7,1,2
پوزش‌خواه,Noun/Adjective/Misc,پ,9,1,2
پوزش‌خواهی,Noun/Adjective/Misc,پ,10,1,2
پوزش‌پذیر,Noun/Adjective/Misc,پ,9,1,2
پوزه‌بند,Noun/Adjective/Misc,پ,8,1,2
پوسته‌پوسته,Noun/Adjective/Misc,پ,11,1,2
پوستین‌دوز,Noun/Adjective/Misc,پ,10,1,2
پوستین‌دوزی,Noun/Adjective/Misc,پ,11,1,2
پوست‌انداخته,Noun/Adjective/Misc,پ,12,1,2
پوست‌اندازی,Noun/Adjective/Misc,پ,11,1,2
پوست‌ماری,Noun/Adjective/Misc,پ,9,1,2
پوست‌نکنده,Noun/Adjective/Misc,پ,10,1,2
پوست‌پیازی‌رنگ,Noun/Adjective/Misc,پ,14,1,3
پوست‌کن,Noun/Adjective/Misc,پ,7,1,2
پوست‌کنده,Noun/Adjective/Misc,پ,9,1,2
پوسیده‌شده,Noun/Adjective/Misc,پ,10,1,2
پوشش‌دهنده,Noun/Adjective/Misc,پ,10,1,2
پولک‌دار,Noun/Adjective/Misc,پ,8,1,2
پولک‌دوزی,Noun/Adjective/Misc,پ,9,1,2
پول‌دار,Noun/Adjective/Misc,پ,7,1,2
پول‌دوست,Noun/Adjective/Misc,پ,8,1,2
پول‌ساز,Noun/Adjective/Misc,پ,7,1,2
پول‌سازی,Noun/Adjective/Misc,پ,8,1,2
پول‌شمار,Noun/Adjective/Misc,پ,8,1,2
پول‌پرست,Noun/Adjective/Misc,پ,8,1,2
پول‌پرستی,Noun/Adjective/Misc,پ,9,1,2
پوچ‌اندیشی,Noun/Adjective/Misc,پ,10,1,2
پوچ‌انگاری,Noun/Adjective/Misc,پ,10,1,2
پوچ‌مغز,Noun/Adjective/Misc,پ,7,1,2
پوچ‌گرا,Noun/Adjective/Misc,پ,7,1,2
پوچ‌گرایانه,Noun/Adjective/Misc,پ,11,1,2
پوچ‌گرایی,Noun/Adjective/Misc,پ,9,1,2
پچ‌پچ,Noun/Adjective/Misc,پ,5,1,2
پژوهش‌نامه,Noun/Adjective/Misc,پ,10,1,2
پژوهش‌گر,Noun/Adjective/Misc,پ,8,1,2
پژوهش‌یار,Noun/Adjective/Misc,پ,9,1,2
پیاده‌رو,Noun/Adjective/Misc,پ,8,1,2
پیاده‌روسازی,Noun/Adjective/Misc,پ,12,1,2
پیاده‌روی,Noun/Adjective/Misc,پ,9,1,2
پیاده‌سازی,Noun/Adjective/Misc,پ,10,1,2
پیاده‌نظام,Noun/Adjective/Misc,پ,10,1,2
پیاله‌دار,Noun/Adjective/Misc,پ,9,1,2
پیاله‌فروش,Noun/Adjective/Misc,پ,10,1,2
پیاله‌فروشی,Noun/Adjective/Misc,پ,11,1,2
پیام‌آور,Noun/Adjective/Misc,پ,8,1,2
پیام‌آورنده,Noun/Adjective/Misc,پ,11,1,2
پیام‌دار,Noun/Adjective/Misc,پ,8,1,2
پیام‌دهنده,Noun/Adjective/Misc,پ,10,1,2
پیام‌رسان,Noun/Adjective/Misc,پ,9,1,2
پیام‌رسانی,Noun/Adjective/Misc,پ,10,1,2
پیام‌گیر,Noun/Adjective/Misc,پ,8,1,2
پیراهن‌دوز,Noun/Adjective/Misc,پ,10,1,2
پیراهن‌دوزی,Noun/Adjective/Misc,پ,11,1,2
پیروزی‌آفرین,Noun/Adjective/Misc,پ,12,1,2
پیروزی‌بخش,Noun/Adjective/Misc,پ,10,1,2
پیروزی‌رسان,Noun/Adjective/Misc,پ,11,1,2
پیروی‌کننده,Noun/Adjective/Misc,پ,11,1,2
پیشاب‌راه,Noun/Adjective/Misc,پ,9,1,2
پیشانی‌بند,Noun/Adjective/Misc,پ,10,1,2
پیشه‌ور,Noun/Adjective/Misc,پ,7,1,2
پیشه‌وری,Noun/Adjective/Misc,پ,8,1,2
پیشگویی‌کننده,Noun/Adjective/Misc,پ,13,1,2
پیشگیری‌کننده,Noun/Adjective/Misc,پ,13,1,2
پیشینه‌دار,Noun/Adjective/Misc,پ,10,1,2
پیش‌آمده,Noun/Adjective/Misc,پ,8,1,2
پیش‌آهنگ,Noun/Adjective/Misc,پ,8,1,2
پیش‌بند,Noun/Adjective/Misc,پ,7,1,2
پیش‌بینی,Noun/Adjective/Misc,پ,8,1,2
پیش‌بینی‌شده,Noun/Adjective/Misc,پ,12,1,3
پیش‌بینی‌ناپذیر,Noun/Adjective/Misc,پ,15,1,3
پیش‌بینی‌نشده,Noun/Adjective/Misc,پ,13,1,3
پیش‌تاخته,Noun/Adjective/Misc,پ,9,1,2
پیش‌تولید,Noun/Adjective/Misc,پ,9,1,2
پیش‌خدمت,Noun/Adjective/Misc,پ,8,1,2
پیش‌خرید,Noun/Adjective/Misc,پ,8,1,2
پیش‌دانشگاهی,Noun/Adjective/Misc,پ,12,1,2
پیش‌داوری,Noun/Adjective/Misc,پ,9,1,2
پیش‌دبستان,Noun/Adjective/Misc,پ,10,1,2
پیش‌دبستانی,Noun/Adjective/Misc,پ,11,1,2
پیش‌درآمد,Noun/Adjective/Misc,پ,9,1,2
پیش‌دستی,Noun/Adjective/Misc,پ,8,1,2
پیش‌رونده,Noun/Adjective/Misc,پ,9,1,2
پیش‌زمینه,Noun/Adjective/Misc,پ,9,1,2
پیش‌ساخته,Noun/Adjective/Misc,پ,9,1,2
پیش‌شرط,Noun/Adjective/Misc,پ,7,1,2
پیش‌شماره,Noun/Adjective/Misc,پ,9,1,2
پیش‌فرض,Noun/Adjective/Misc,پ,7,1,2
پیش‌فروش,Noun/Adjective/Misc,پ,8,1,2
پیش‌قدم,Noun/Adjective/Misc,پ,7,1,2
پیش‌قرارداد,Noun/Adjective/Misc,پ,11,1,2
پیش‌قراول,Noun/Adjective/Misc,پ,9,1,2
پیش‌قسط,Noun/Adjective/Misc,پ,7,1,2
پیش‌لرزه,Noun/Adjective/Misc,پ,8,1,2
پیش‌مرگ,Noun/Adjective/Misc,پ,7,1,2
پیش‌نماز,Noun/Adjective/Misc,پ,8,1,2
پیش‌نمایش,Noun/Adjective/Misc,پ,9,1,2
پیش‌نویس,Noun/Adjective/Misc,پ,8,1,2
پیش‌نیاز,Noun/Adjective/Misc,پ,8,1,2
پیش‌پاافتاده,Noun/Adjective/Misc,پ,12,1,2
پیش‌پرداخت,Noun/Adjective/Misc,پ,10,1,2
پیش‌پردازش,Noun/Adjective/Misc,پ,10,1,2
پیش‌پرده,Noun/Adjective/Misc,پ,8,1,2
پیش‌چسب,Noun/Adjective/Misc,پ,7,1,2
پیش‌کسوت,Noun/Adjective/Misc,پ,8,1,2
پیش‌گام,Noun/Adjective/Misc,پ,7,1,2
پیش‌گرفته,Noun/Adjective/Misc,پ,9,1,2
پیش‌گو,Noun/Adjective/Misc,پ,6,1,2
پیش‌گویانه,Noun/Adjective/Misc,پ,10,1,2
پیش‌گویی,Noun/Adjective/Misc,پ,8,1,2
پیش‌گیرنده,Noun/Adjective/Misc,پ,10,1,2
پیش‌گیری,Noun/Adjective/Misc,پ,8,1,2
پیغام‌ده,Noun/Adjective/Misc,پ,8,1,2
پیغام‌رسان,Noun/Adjective/Misc,پ,10,1,2
پیغام‌گذار,Noun/Adjective/Misc,پ,10,1,2
پیغام‌گیر,Noun/Adjective/Misc,پ,9,1,2
پیله‌ور,Noun/Adjective/Misc,پ,7,1,2
پیمان‌شکن,Noun/Adjective/Misc,پ,9,1,2
پیمان‌شکنی,Noun/Adjective/Misc,پ,10,1,2
پیمان‌نامه,Noun/Adjective/Misc,پ,10,1,2
پیمان‌کار,Noun/Adjective/Misc,پ,9,1,2
پینه‌بسته,Noun/Adjective/Misc,پ,9,1,2
پینه‌دار,Noun/Adjective/Misc,پ,8,1,2
پینه‌دوز,Noun/Adjective/Misc,پ,8,1,2
پینه‌دوزی,Noun/Adjective/Misc,پ,9,1,2
پینگ‌پنگ,Noun/Adjective/Misc,پ,8,1,2
پینگ‌پونگ,Noun/Adjective/Misc,پ,9,1,2
پیه‌دار,Noun/Adjective/Misc,پ,7,1,2
پیه‌سوز,Noun/Adjective/Misc,پ,7,1,2
پیوسته‌ای,Noun/Adjective/Misc,پ,9,1,2
پیوسته‌نویسی,Noun/Adjective/Misc,پ,12,1,2
پیونگ‌یانگ,Noun/Adjective/Misc,پ,10,1,2
پیچ‌اندرپیچ,Noun/Adjective/Misc,پ,11,1,2
پیچ‌خوردگی,Noun/Adjective/Misc,پ,10,1,2
پیچ‌وخم,Noun/Adjective/Misc,پ,7,1,2
پیچ‌گوشتی,Noun/Adjective/Misc,پ,9,1,2
پیکان‌دار,Noun/Adjective/Misc,پ,9,1,2
پیکره‌بندی,Noun/Adjective/Misc,پ,10,1,2
پیکره‌تراشی,Noun/Adjective/Misc,پ,11,1,2
پیکره‌ساز,Noun/Adjective/Misc,پ,9,1,2
پیک‌نیک,Noun/Adjective/Misc,پ,7,1,2
پیک‌نیکی,Noun/Adjective/Misc,پ,8,1,2
پیگیری‌کننده,Noun/Adjective/Misc,پ,12,1,2
پی‌برداری,Noun/Adjective/Misc,پ,9,1,2
پی‌بست,Noun/Adjective/Misc,پ,6,1,2
پی‌جو,Noun/Adjective/Misc,پ,5,1,2
پی‌درپی,Noun/Adjective/Misc,پ,7,1,2
پی‌دی‌اف,Noun/Adjective/Misc,پ,8,1,3
پی‌ریزی,Noun/Adjective/Misc,پ,7,1,2
پی‌سازی,Noun/Adjective/Misc,پ,7,1,2
پی‌نوشت,Noun/Adjective/Misc,پ,7,1,2
پی‌نویس,Noun/Adjective/Misc,پ,7,1,2
پی‌وی‌سی,Noun/Adjective/Misc,پ,8,1,3
پارتیشن‌بندی,Noun/Adjective/Misc,پ,12,1,2
پارس‌شوینده,Noun/Adjective/Misc,پ,11,1,2
پارچه‌نوشته,Noun/Adjective/Misc,پ,11,1,2
پاسخ‌دهندگان,Noun/Adjective/Misc,پ,12,1,2
پان‌ترک,Noun/Adjective/Misc,پ,7,1,2
پان‌ترکیسم,Noun/Adjective/Misc,پ,10,1,2
پایه‌گذاری,Noun/Adjective/Misc,پ,10,1,2
پذیرایی‌کننده,Noun/Adjective/Misc,پ,13,1,2
پراکنده‌گویی,Noun/Adjective/Misc,پ,12,1,2
پرده‌دری,Noun/Adjective/Misc,پ,8,1,2
پرده‌دوزی,Noun/Adjective/Misc,پ,9,1,2
پرده‌پوشی,Noun/Adjective/Misc,پ,9,1,2
پریشان‌حالی,Noun/Adjective/Misc,پ,11,1,2
پزشکی‌سازی,Noun/Adjective/Misc,پ,10,1,2
پست‌اندیشگی,Noun/Adjective/Misc,پ,11,1,2
پشت‌نویس,Noun/Adjective/Misc,پ,8,1,2
پلاتی‌پوس,Noun/Adjective/Misc,پ,9,1,2
پلت‌فرم,Noun/Adjective/Misc,پ,7,1,2
پلیموت‌راک,Noun/Adjective/Misc,پ,10,1,2
پنبه‌چینی,Noun/Adjective/Misc,پ,9,1,2
پوزه‌عقابی,Noun/Adjective/Misc,پ,10,1,2
پول‌شویی,Noun/Adjective/Misc,پ,8,1,2
پیراسته‌جان,Noun/Adjective/Misc,پ,11,1,2
پیس‌میکر,Noun/Adjective/Misc,پ,8,1,2
پیش‌آغاز,Noun/Adjective/Misc,پ,8,1,2
پیش‌آمد,Noun/Adjective/Misc,پ,7,1,2
پیش‌آگاهی,Noun/Adjective/Misc,پ,9,1,2
پیش‌گفتار,Noun/Adjective/Misc,پ,9,1,2
پیکو‌گرم,Noun/Adjective/Misc,پ,8,1,2
پی‌آمد,Noun/Adjective/Misc,پ,6,1,2
پی‌گیری,Noun/Adjective/Misc,پ,7,1,2
پاره‌ای,Noun/Adjective/Misc,پ,7,1,2
پاره‌پوره,Noun/Adjective/Misc,پ,9,1,2
پاره‌دوز,Noun/Adjective/Misc,پ,8,1,2
پاک‌جامه,Noun/Adjective/Misc,پ,8,1,2
پاک‌منشی,Noun/Adjective/Misc,پ,8,1,2
پاک‌نژاد,Noun/Adjective/Misc,پ,8,1,2
پاک‌نژادی,Noun/Adjective/Misc,پ,9,1,2
پراکنده‌خاطر,Noun/Adjective/Misc,پ,12,1,2
پرت‌شدن,Noun/Adjective/Misc,پ,7,1,2
پرچین‌وشکن,Noun/Adjective/Misc,پ,10,1,2
پرسه‌نشین,Noun/Adjective/Misc,پ,9,1,2
پرسه‌نشینی,Noun/Adjective/Misc,پ,10,1,2
پریشان‌گو,Noun/Adjective/Misc,پ,9,1,2
پریشان‌گویی,Noun/Adjective/Misc,پ,11,1,2
پس‌افت,Noun/Adjective/Misc,پ,6,1,2
پس‌افکند,Noun/Adjective/Misc,پ,8,1,2
پس‌درنشین,Noun/Adjective/Misc,پ,9,1,2
پست‌فطرتی,Noun/Adjective/Misc,پ,9,1,2
پشت‌پایی,Noun/Adjective/Misc,پ,8,1,2
پشت‌وپناه,Noun/Adjective/Misc,پ,9,1,2
پشت‌هم‌انداز,Noun/Adjective/Misc,پ,12,1,3
پگاه‌خیز,Noun/Adjective/Misc,پ,8,1,2
پناه‌جویی,Noun/Adjective/Misc,پ,9,1,2
پنهان‌سازی,Noun/Adjective/Misc,پ,10,1,2
پوست‌پیرا,Noun/Adjective/Misc,پ,9,1,2
پوشیده‌رو,Noun/Adjective/Misc,پ,9,1,2
پیاله‌پیما,Noun/Adjective/Misc,پ,10,1,2
پیام‌آوری,Noun/Adjective/Misc,پ,9,1,2
پیام‌گزار,Noun/Adjective/Misc,پ,9,1,2
پی‌جویی,Noun/Adjective/Misc,پ,7,1,2
پیچ‌دار,Noun/Adjective/Misc,پ,7,1,2
پیچ‌درپیچ,Noun/Adjective/Misc,پ,9,1,2
پیروزه‌گون,Noun/Adjective/Misc,پ,10,1,2
پی‌سپار,Noun/Adjective/Misc,پ,7,1,2
پیشاب‌زا,Noun/Adjective/Misc,پ,8,1,2
پیشانی‌بلند,Noun/Adjective/Misc,پ,11,1,2
پیش‌بین,Noun/Adjective/Misc,پ,7,1,2
پی‌شناس,Noun/Adjective/Misc,پ,7,1,2
پیغام‌آور,Noun/Adjective/Misc,پ,9,1,2
پیک‌بهداشت,Noun/Adjective/Misc,پ,10,1,2
پیمانه‌کش,Noun/Adjective/Misc,پ,9,1,2
تأسف‌آور,Noun/Adjective/Misc,ت,8,1,2
تأسف‌انگیز,Noun/Adjective/Misc,ت,10,1,2
تأسف‌بار,Noun/Adjective/Misc,ت,8,1,2
تأسف‌برانگیز,Noun/Adjective/Misc,ت,12,1,2
تأسیس‌شده,Noun/Adjective/Misc,ت,9,1,2
تألم‌برانگیز,Noun/Adjective/Misc,ت,12,1,2
تأمل‌برانگیز,Noun/Adjective/Misc,ت,12,1,2
تأمین‌شده,Noun/Adjective/Misc,ت,9,1,2
تأمین‌کننده,Noun/Adjective/Misc,ت,11,1,2
تأویل‌پذیر,Noun/Adjective/Misc,ت,10,1,2
تابه‌تا,Noun/Adjective/Misc,ت,7,1,2
تابه‌حال,Noun/Adjective/Misc,ت,8,1,2
تابوت‌ساز,Noun/Adjective/Misc,ت,9,1,2
تابوت‌کش,Noun/Adjective/Misc,ت,8,1,2
تابیده‌شده,Noun/Adjective/Misc,ت,10,1,2
تاب‌بازی,Noun/Adjective/Misc,ت,8,1,2
تاب‌خورده,Noun/Adjective/Misc,ت,9,1,2
تاب‌داده,Noun/Adjective/Misc,ت,8,1,2
تاب‌دار,Noun/Adjective/Misc,ت,7,1,2
تاج‌الدین,Noun/Adjective/Misc,ت,9,1,2
تاج‌الملوک,Noun/Adjective/Misc,ت,10,1,2
تاج‌بخش,Noun/Adjective/Misc,ت,7,1,2
تاج‌دار,Noun/Adjective/Misc,ت,7,1,2
تاج‌زاده,Noun/Adjective/Misc,ت,8,1,2
تاج‌محل,Noun/Adjective/Misc,ت,7,1,2
تاج‌گذاری,Noun/Adjective/Misc,ت,9,1,2
تاخت‌وتاز,Noun/Adjective/Misc,ت,9,1,2
تادندان‌مسلح,Noun/Adjective/Misc,ت,12,1,2
تاریخ‌دار,Noun/Adjective/Misc,ت,9,1,2
تاریخ‌دان,Noun/Adjective/Misc,ت,9,1,2
تاریخ‌ساز,Noun/Adjective/Misc,ت,9,1,2
تاریخ‌سازی,Noun/Adjective/Misc,ت,10,1,2
تاریخ‌شناس,Noun/Adjective/Misc,ت,10,1,2
تاریخ‌شناسی,Noun/Adjective/Misc,ت,11,1,2
تاریخ‌مصرف,Noun/Adjective/Misc,ت,10,1,2
تاریخ‌مند,Noun/Adjective/Misc,ت,9,1,2
تاریخ‌نویس,Noun/Adjective/Misc,ت,10,1,2
تاریخ‌نویسی,Noun/Adjective/Misc,ت,11,1,2
تاریخ‌نگار,Noun/Adjective/Misc,ت,10,1,2
تاریخ‌نگاری,Noun/Adjective/Misc,ت,11,1,2
تاریخ‌پژوه,Noun/Adjective/Misc,ت,10,1,2
تاریک‌اندیش,Noun/Adjective/Misc,ت,11,1,2
تاریک‌خانه,Noun/Adjective/Misc,ت,10,1,2
تاریک‌دل,Noun/Adjective/Misc,ت,8,1,2
تازه‌ساخت,Noun/Adjective/Misc,ت,9,1,2
تازه‌نفس,Noun/Adjective/Misc,ت,8,1,2
تازه‌وارد,Noun/Adjective/Misc,ت,9,1,2
تازه‌کار,Noun/Adjective/Misc,ت,8,1,2
تازی‌زبان,Noun/Adjective/Misc,ت,9,1,2
تام‌الاختیار,Noun/Adjective/Misc,ت,12,1,2
تاول‌زده,Noun/Adjective/Misc,ت,8,1,2
تاژک‌دار,Noun/Adjective/Misc,ت,8,1,2
تاکسی‌رانی,Noun/Adjective/Misc,ت,10,1,2
تایپ‌شده,Noun/Adjective/Misc,ت,8,1,2
تبادل‌نظر,Noun/Adjective/Misc,ت,9,1,2
تبارک‌الله,Noun/Adjective/Misc,ت,10,1,2
تباه‌شده,Noun/Adjective/Misc,ت,8,1,2
تباه‌شدگی,Noun/Adjective/Misc,ت,9,1,2
تباه‌کننده,Noun/Adjective/Misc,ت,10,1,2
تبدیل‌شده,Noun/Adjective/Misc,ت,9,1,2
تبدیل‌پذیر,Noun/Adjective/Misc,ت,10,1,2
تبدیل‌کننده,Noun/Adjective/Misc,ت,11,1,2
تبسم‌کنان,Noun/Adjective/Misc,ت,9,1,2
تبعیض‌آمیز,Noun/Adjective/Misc,ت,10,1,2
تبعیض‌گرا,Noun/Adjective/Misc,ت,9,1,2
تبعیض‌گونه,Noun/Adjective/Misc,ت,10,1,2
تبلیغ‌شده,Noun/Adjective/Misc,ت,9,1,2
تبلیغ‌کننده,Noun/Adjective/Misc,ت,11,1,2
تبه‌کار,Noun/Adjective/Misc,ت,7,1,2
تبه‌کاری,Noun/Adjective/Misc,ت,8,1,2
تبیین‌پذیری,Noun/Adjective/Misc,ت,11,1,2
تبیین‌کننده,Noun/Adjective/Misc,ت,11,1,2
تبیین‌گر,Noun/Adjective/Misc,ت,8,1,2
تب‌بر,Noun/Adjective/Misc,ت,5,1,2
تب‌خال,Noun/Adjective/Misc,ت,6,1,2
تب‌دار,Noun/Adjective/Misc,ت,6,1,2
تب‌لرز,Noun/Adjective/Misc,ت,6,1,2
تب‌وتاب,Noun/Adjective/Misc,ت,7,1,2
تثبیت‌شده,Noun/Adjective/Misc,ت,9,1,2
تثبیت‌ناپذیر,Noun/Adjective/Misc,ت,12,1,2
تثبیت‌کننده,Noun/Adjective/Misc,ت,11,1,2
تثبیت‌گرایی,Noun/Adjective/Misc,ت,11,1,2
تجارت‌خانه,Noun/Adjective/Misc,ت,10,1,2
تجاری‌سازی,Noun/Adjective/Misc,ت,10,1,2
تجربه‌آموزی,Noun/Adjective/Misc,ت,11,1,2
تجربه‌اندوزی,Noun/Adjective/Misc,ت,12,1,2
تجربه‌باور,Noun/Adjective/Misc,ت,10,1,2
تجربه‌شده,Noun/Adjective/Misc,ت,9,1,2
تجربه‌گرا,Noun/Adjective/Misc,ت,9,1,2
تجربه‌گرایی,Noun/Adjective/Misc,ت,11,1,2
تجزیه‌شده,Noun/Adjective/Misc,ت,9,1,2
تجزیه‌طلب,Noun/Adjective/Misc,ت,9,1,2
تجزیه‌طلبانه,Noun/Adjective/Misc,ت,12,1,2
تجزیه‌طلبی,Noun/Adjective/Misc,ت,10,1,2
تجزیه‌ناپذیر,Noun/Adjective/Misc,ت,12,1,2
تجزیه‌پذیر,Noun/Adjective/Misc,ت,10,1,2
تجزیه‌کننده,Noun/Adjective/Misc,ت,11,1,2
تجزیه‌گر,Noun/Adjective/Misc,ت,8,1,2
تجسم‌بخشی,Noun/Adjective/Misc,ت,9,1,2
تجسم‌یافته,Noun/Adjective/Misc,ت,10,1,2
تجلی‌بخش,Noun/Adjective/Misc,ت,8,1,2
تجلی‌گاه,Noun/Adjective/Misc,ت,8,1,2
تجلی‌گر,Noun/Adjective/Misc,ت,7,1,2
تجلی‌یافته,Noun/Adjective/Misc,ت,10,1,2
تجمع‌کننده,Noun/Adjective/Misc,ت,10,1,2
تجمل‌طلبی,Noun/Adjective/Misc,ت,9,1,2
تجمل‌پرست,Noun/Adjective/Misc,ت,9,1,2
تجمل‌پرستی,Noun/Adjective/Misc,ت,10,1,2
تجمل‌گرا,Noun/Adjective/Misc,ت,8,1,2
تجمل‌گرایی,Noun/Adjective/Misc,ت,10,1,2
تحت‌الارضی,Noun/Adjective/Misc,ت,10,1,2
تحت‌الحفظ,Noun/Adjective/Misc,ت,9,1,2
تحت‌الحمایه,Noun/Adjective/Misc,ت,11,1,2
تحت‌الشعاع,Noun/Adjective/Misc,ت,10,1,2
تحت‌اللفظ,Noun/Adjective/Misc,ت,9,1,2
تحت‌اللفظی,Noun/Adjective/Misc,ت,10,1,2
تحرک‌بخش,Noun/Adjective/Misc,ت,8,1,2
تحریف‌شده,Noun/Adjective/Misc,ت,9,1,2
تحریف‌نشده,Noun/Adjective/Misc,ت,10,1,2
تحریف‌کننده,Noun/Adjective/Misc,ت,11,1,2
تحریک‌آمیز,Noun/Adjective/Misc,ت,10,1,2
تحریک‌شده,Noun/Adjective/Misc,ت,9,1,2
تحریک‌پذیر,Noun/Adjective/Misc,ت,10,1,2
تحریک‌پذیری,Noun/Adjective/Misc,ت,11,1,2
تحریک‌کننده,Noun/Adjective/Misc,ت,11,1,2
تحسین‌آمیز,Noun/Adjective/Misc,ت,10,1,2
تحسین‌انگیز,Noun/Adjective/Misc,ت,11,1,2
تحسین‌برانگیز,Noun/Adjective/Misc,ت,13,1,2
تحسین‌شده,Noun/Adjective/Misc,ت,9,1,2
تحسین‌کننده,Noun/Adjective/Misc,ت,11,1,2
تحصن‌کننده,Noun/Adjective/Misc,ت,10,1,2
تحصیل‌دار,Noun/Adjective/Misc,ت,9,1,2
تحصیل‌نکرده,Noun/Adjective/Misc,ت,11,1,2
تحصیل‌کرده,Noun/Adjective/Misc,ت,10,1,2
تحقق‌بخش,Noun/Adjective/Misc,ت,8,1,2
تحقق‌نیافتنی,Noun/Adjective/Misc,ت,12,1,2
تحقق‌نیافته,Noun/Adjective/Misc,ت,11,1,2
تحقق‌پذیر,Noun/Adjective/Misc,ت,9,1,2
تحقق‌گرا,Noun/Adjective/Misc,ت,8,1,2
تحقق‌یافتنی,Noun/Adjective/Misc,ت,11,1,2
تحقق‌یافته,Noun/Adjective/Misc,ت,10,1,2
تحقیق‌شده,Noun/Adjective/Misc,ت,9,1,2
تحقیق‌کننده,Noun/Adjective/Misc,ت,11,1,2
تحلیل‌شده,Noun/Adjective/Misc,ت,9,1,2
تحلیل‌نمایی,Noun/Adjective/Misc,ت,11,1,2
تحلیل‌پذیر,Noun/Adjective/Misc,ت,10,1,2
تحلیل‌کننده,Noun/Adjective/Misc,ت,11,1,2
تحلیل‌گر,Noun/Adjective/Misc,ت,8,1,2
تحلیل‌گرا,Noun/Adjective/Misc,ت,9,1,2
تحمل‌ناپذیر,Noun/Adjective/Misc,ت,11,1,2
تحمل‌پذیری,Noun/Adjective/Misc,ت,10,1,2
تحمل‌کردنی,Noun/Adjective/Misc,ت,10,1,2
تحمل‌کننده,Noun/Adjective/Misc,ت,10,1,2
تحمیل‌شدنی,Noun/Adjective/Misc,ت,10,1,2
تحمیل‌شده,Noun/Adjective/Misc,ت,9,1,2
تحمیل‌کننده,Noun/Adjective/Misc,ت,11,1,2
تحول‌آفرین,Noun/Adjective/Misc,ت,10,1,2
تحول‌پذیر,Noun/Adjective/Misc,ت,9,1,2
تحول‌گرا,Noun/Adjective/Misc,ت,8,1,2
تحول‌یافته,Noun/Adjective/Misc,ت,10,1,2
تحویل‌دار,Noun/Adjective/Misc,ت,9,1,2
تحویل‌دهنده,Noun/Adjective/Misc,ت,11,1,2
تحویل‌شده,Noun/Adjective/Misc,ت,9,1,2
تحویل‌گیرنده,Noun/Adjective/Misc,ت,12,1,2
تحکم‌آمیز,Noun/Adjective/Misc,ت,9,1,2
تحکیم‌بخش,Noun/Adjective/Misc,ت,9,1,2
تخته‌بازی,Noun/Adjective/Misc,ت,9,1,2
تخته‌سنگ,Noun/Adjective/Misc,ت,8,1,2
تخته‌سیاه,Noun/Adjective/Misc,ت,9,1,2
تخته‌نرد,Noun/Adjective/Misc,ت,8,1,2
تخته‌پاره,Noun/Adjective/Misc,ت,9,1,2
تخته‌پاک‌کن,Noun/Adjective/Misc,ت,11,1,3
تخته‌گاز,Noun/Adjective/Misc,ت,8,1,2
تخت‌نشین,Noun/Adjective/Misc,ت,8,1,2
تخریب‌شده,Noun/Adjective/Misc,ت,9,1,2
تخریب‌کننده,Noun/Adjective/Misc,ت,11,1,2
تخریب‌گر,Noun/Adjective/Misc,ت,8,1,2
تخصصی‌شده,Noun/Adjective/Misc,ت,9,1,2
تخصص‌یافته,Noun/Adjective/Misc,ت,10,1,2
تخصیص‌یافته,Noun/Adjective/Misc,ت,11,1,2
تخصیص‌یافتگی,Noun/Adjective/Misc,ت,12,1,2
تخلف‌زا,Noun/Adjective/Misc,ت,7,1,2
تخلف‌ناپذیر,Noun/Adjective/Misc,ت,11,1,2
تخلیه‌شده,Noun/Adjective/Misc,ت,9,1,2
تخمه‌فروش,Noun/Adjective/Misc,ت,9,1,2
تخمک‌شمار,Noun/Adjective/Misc,ت,9,1,2
تخمک‌گذاری,Noun/Adjective/Misc,ت,10,1,2
تخم‌افشانی,Noun/Adjective/Misc,ت,10,1,2
تخم‌دان,Noun/Adjective/Misc,ت,7,1,2
تخم‌ریزی,Noun/Adjective/Misc,ت,8,1,2
تخم‌زا,Noun/Adjective/Misc,ت,6,1,2
تخم‌مرغ,Noun/Adjective/Misc,ت,7,1,2
تخم‌مرغی,Noun/Adjective/Misc,ت,8,1,2
تخم‌وترکه,Noun/Adjective/Misc,ت,9,1,2
تخم‌پاشی,Noun/Adjective/Misc,ت,8,1,2
تخم‌گذار,Noun/Adjective/Misc,ت,8,1,2
تخم‌گذاری,Noun/Adjective/Misc,ت,9,1,2
تداعی‌کننده,Noun/Adjective/Misc,ت,11,1,2
تداعی‌گر,Noun/Adjective/Misc,ت,8,1,2
تداوم‌دهنده,Noun/Adjective/Misc,ت,11,1,2
تداوم‌یافته,Noun/Adjective/Misc,ت,11,1,2
تدوین‌شده,Noun/Adjective/Misc,ت,9,1,2
تدوین‌نشده,Noun/Adjective/Misc,ت,10,1,2
تدوین‌کننده,Noun/Adjective/Misc,ت,11,1,2
تدوین‌یافته,Noun/Adjective/Misc,ت,11,1,2
تذهیب‌کار,Noun/Adjective/Misc,ت,9,1,2
تذهیب‌کاری,Noun/Adjective/Misc,ت,10,1,2
تذهیب‌گر,Noun/Adjective/Misc,ت,8,1,2
تذکره‌نویس,Noun/Adjective/Misc,ت,10,1,2
تذکره‌نویسی,Noun/Adjective/Misc,ت,11,1,2
تراس‌بندی,Noun/Adjective/Misc,ت,9,1,2
تراشه‌برداری,Noun/Adjective/Misc,ت,12,1,2
تراش‌خورده,Noun/Adjective/Misc,ت,10,1,2
تراش‌دار,Noun/Adjective/Misc,ت,8,1,2
تراش‌کار,Noun/Adjective/Misc,ت,8,1,2
تراش‌کاری,Noun/Adjective/Misc,ت,9,1,2
ترانه‌ساز,Noun/Adjective/Misc,ت,9,1,2
ترانه‌سرا,Noun/Adjective/Misc,ت,9,1,2
ترانه‌شناس,Noun/Adjective/Misc,ت,10,1,2
ترانه‌وار,Noun/Adjective/Misc,ت,9,1,2
ترانه‌گو,Noun/Adjective/Misc,ت,8,1,2
تراژدی‌پرداز,Noun/Adjective/Misc,ت,12,1,2
تربت‌جام,Noun/Adjective/Misc,ت,8,1,2
تربت‌حیدریه,Noun/Adjective/Misc,ت,11,1,2
تربیت‌شده,Noun/Adjective/Misc,ت,9,1,2
تربیت‌نشده,Noun/Adjective/Misc,ت,10,1,2
تربیت‌پذیر,Noun/Adjective/Misc,ت,10,1,2
تربیت‌کننده,Noun/Adjective/Misc,ت,11,1,2
تربیت‌یافته,Noun/Adjective/Misc,ت,11,1,2
ترتیب‌دهنده,Noun/Adjective/Misc,ت,11,1,2
ترجمه‌شده,Noun/Adjective/Misc,ت,9,1,2
ترجیع‌بند,Noun/Adjective/Misc,ت,9,1,2
ترحم‌آمیز,Noun/Adjective/Misc,ت,9,1,2
ترسیم‌شده,Noun/Adjective/Misc,ت,9,1,2
ترسیم‌کننده,Noun/Adjective/Misc,ت,11,1,2
ترسیم‌گر,Noun/Adjective/Misc,ت,8,1,2
ترس‌آلود,Noun/Adjective/Misc,ت,8,1,2
ترس‌آور,Noun/Adjective/Misc,ت,7,1,2
ترس‌برانگیز,Noun/Adjective/Misc,ت,11,1,2
ترشح‌شده,Noun/Adjective/Misc,ت,8,1,2
ترشح‌کننده,Noun/Adjective/Misc,ت,10,1,2
ترشی‌خوری,Noun/Adjective/Misc,ت,9,1,2
ترشی‌فروش,Noun/Adjective/Misc,ت,9,1,2
ترش‌رو,Noun/Adjective/Misc,ت,6,1,2
ترش‌مزه,Noun/Adjective/Misc,ت,7,1,2
ترغیب‌کننده,Noun/Adjective/Misc,ت,11,1,2
ترقه‌باز,Noun/Adjective/Misc,ت,8,1,2
ترقه‌بازی,Noun/Adjective/Misc,ت,9,1,2
ترقه‌سازی,Noun/Adjective/Misc,ت,9,1,2
ترقی‌خواه,Noun/Adjective/Misc,ت,9,1,2
ترقی‌خواهانه,Noun/Adjective/Misc,ت,12,1,2
ترقی‌گرا,Noun/Adjective/Misc,ت,8,1,2
ترق‌وتوروق,Noun/Adjective/Misc,ت,10,1,2
ترمه‌بافی,Noun/Adjective/Misc,ت,9,1,2
ترمیم‌شده,Noun/Adjective/Misc,ت,9,1,2
ترمیم‌ناپذیر,Noun/Adjective/Misc,ت,12,1,2
ترمیم‌کننده,Noun/Adjective/Misc,ت,11,1,2
ترمیم‌یابی,Noun/Adjective/Misc,ت,10,1,2
ترمیم‌یافته,Noun/Adjective/Misc,ت,11,1,2
تره‌بار,Noun/Adjective/Misc,ت,7,1,2
تره‌فرنگی,Noun/Adjective/Misc,ت,9,1,2
ترویج‌دهنده,Noun/Adjective/Misc,ت,11,1,2
ترویج‌شده,Noun/Adjective/Misc,ت,9,1,2
ترکش‌خورده,Noun/Adjective/Misc,ت,10,1,2
ترکش‌خوردگی,Noun/Adjective/Misc,ت,11,1,2
ترکش‌وار,Noun/Adjective/Misc,ت,8,1,2
ترکمن‌صحرا,Noun/Adjective/Misc,ت,10,1,2
ترکیب‌بند,Noun/Adjective/Misc,ت,9,1,2
ترکیب‌بندی,Noun/Adjective/Misc,ت,10,1,2
ترکیب‌شده,Noun/Adjective/Misc,ت,9,1,2
ترکیب‌شونده,Noun/Adjective/Misc,ت,11,1,2
ترکیب‌کننده,Noun/Adjective/Misc,ت,11,1,2
ترک‌تبار,Noun/Adjective/Misc,ت,8,1,2
ترک‌خورده,Noun/Adjective/Misc,ت,9,1,2
ترک‌خوردگی,Noun/Adjective/Misc,ت,10,1,2
ترک‌دار,Noun/Adjective/Misc,ت,7,1,2
ترک‌زبان,Noun/Adjective/Misc,ت,8,1,2
ترک‌نشین,Noun/Adjective/Misc,ت,8,1,2
ترگل‌ورگل,Noun/Adjective/Misc,ت,9,1,2
تریاک‌سازی,Noun/Adjective/Misc,ت,10,1,2
تریلیون‌تا,Noun/Adjective/Misc,ت,10,1,2
تریلیون‌گانه,Noun/Adjective/Misc,ت,12,1,2
تزریق‌شده,Noun/Adjective/Misc,ت,9,1,2
تزلزل‌ناپذیر,Noun/Adjective/Misc,ت,12,1,2
تزیین‌شده,Noun/Adjective/Misc,ت,9,1,2
تسامح‌جو,Noun/Adjective/Misc,ت,8,1,2
تسبیح‌خوان,Noun/Adjective/Misc,ت,10,1,2
تسبیح‌گو,Noun/Adjective/Misc,ت,8,1,2
تسبیح‌گوی,Noun/Adjective/Misc,ت,9,1,2
تست‌زنی,Noun/Adjective/Misc,ت,7,1,2
تست‌شده,Noun/Adjective/Misc,ت,7,1,2
تسریع‌کننده,Noun/Adjective/Misc,ت,11,1,2
تسلط‌گرایانه,Noun/Adjective/Misc,ت,12,1,2
تسلیت‌نامه,Noun/Adjective/Misc,ت,10,1,2
تسلیت‌گو,Noun/Adjective/Misc,ت,8,1,2
تسلیم‌شده,Noun/Adjective/Misc,ت,9,1,2
تسلیم‌نامه,Noun/Adjective/Misc,ت,10,1,2
تسلیم‌ناپذیر,Noun/Adjective/Misc,ت,12,1,2
تسلیم‌پذیر,Noun/Adjective/Misc,ت,10,1,2
تسلیم‌پذیری,Noun/Adjective/Misc,ت,11,1,2
تسلیم‌کننده,Noun/Adjective/Misc,ت,11,1,2
تسلی‌بخش,Noun/Adjective/Misc,ت,8,1,2
تسلی‌دهنده,Noun/Adjective/Misc,ت,10,1,2
تسمه‌نقاله,Noun/Adjective/Misc,ت,10,1,2
تسمه‌پروانه,Noun/Adjective/Misc,ت,11,1,2
تسهیل‌کننده,Noun/Adjective/Misc,ت,11,1,2
تسهیل‌یافته,Noun/Adjective/Misc,ت,11,1,2
تسکین‌بخش,Noun/Adjective/Misc,ت,9,1,2
تسکین‌دهنده,Noun/Adjective/Misc,ت,11,1,2
تشخیص‌دهنده,Noun/Adjective/Misc,ت,11,1,2
تشخیص‌ناپذیر,Noun/Adjective/Misc,ت,12,1,2
تشریف‌فرما,Noun/Adjective/Misc,ت,10,1,2
تشریف‌فرمایی,Noun/Adjective/Misc,ت,12,1,2
تشنج‌آفرین,Noun/Adjective/Misc,ت,10,1,2
تشنج‌آفرینی,Noun/Adjective/Misc,ت,11,1,2
تشنج‌آمیز,Noun/Adjective/Misc,ت,9,1,2
تشنج‌آور,Noun/Adjective/Misc,ت,8,1,2
تشنج‌زا,Noun/Adjective/Misc,ت,7,1,2
تشنج‌زدا,Noun/Adjective/Misc,ت,8,1,2
تشنج‌زدایی,Noun/Adjective/Misc,ت,10,1,2
تشنه‌لب,Noun/Adjective/Misc,ت,7,1,2
تشنه‌کام,Noun/Adjective/Misc,ت,8,1,2
تشویق‌آمیز,Noun/Adjective/Misc,ت,10,1,2
تشویق‌نامه,Noun/Adjective/Misc,ت,10,1,2
تشویق‌کننده,Noun/Adjective/Misc,ت,11,1,2
تشکل‌گرایی,Noun/Adjective/Misc,ت,10,1,2
تشکل‌یافته,Noun/Adjective/Misc,ت,10,1,2
تشکیل‌دهنده,Noun/Adjective/Misc,ت,11,1,2
تشکیل‌شده,Noun/Adjective/Misc,ت,9,1,2
تشییع‌کننده,Noun/Adjective/Misc,ت,11,1,2
تصاحب‌شده,Noun/Adjective/Misc,ت,9,1,2
تصاحب‌کننده,Noun/Adjective/Misc,ت,11,1,2
تصحیح‌شده,Noun/Adjective/Misc,ت,9,1,2
تصحیح‌نشده,Noun/Adjective/Misc,ت,10,1,2
تصدیق‌آمیز,Noun/Adjective/Misc,ت,10,1,2
تصدیق‌نامه,Noun/Adjective/Misc,ت,10,1,2
تصدیق‌کننده,Noun/Adjective/Misc,ت,11,1,2
تصدی‌گری,Noun/Adjective/Misc,ت,8,1,2
تصرف‌شده,Noun/Adjective/Misc,ت,8,1,2
تصریح‌شده,Noun/Adjective/Misc,ت,9,1,2
تصریف‌شده,Noun/Adjective/Misc,ت,9,1,2
تصریف‌پذیر,Noun/Adjective/Misc,ت,10,1,2
تصریف‌پذیری,Noun/Adjective/Misc,ت,11,1,2
تصفیه‌حساب,Noun/Adjective/Misc,ت,10,1,2
تصفیه‌خانه,Noun/Adjective/Misc,ت,10,1,2
تصفیه‌شده,Noun/Adjective/Misc,ت,9,1,2
تصفیه‌کننده,Noun/Adjective/Misc,ت,11,1,2
تصمیم‌ساز,Noun/Adjective/Misc,ت,9,1,2
تصمیم‌گیرنده,Noun/Adjective/Misc,ت,12,1,2
تصمیم‌گیری,Noun/Adjective/Misc,ت,10,1,2
تصنیف‌خوان,Noun/Adjective/Misc,ت,10,1,2
تصنیف‌خوانی,Noun/Adjective/Misc,ت,11,1,2
تصنیف‌ساز,Noun/Adjective/Misc,ت,9,1,2
تصویب‌شده,Noun/Adjective/Misc,ت,9,1,2
تصویب‌نامه,Noun/Adjective/Misc,ت,10,1,2
تصویب‌کننده,Noun/Adjective/Misc,ت,11,1,2
تضرع‌کنان,Noun/Adjective/Misc,ت,9,1,2
تضعیف‌شده,Noun/Adjective/Misc,ت,9,1,2
تضعیف‌کننده,Noun/Adjective/Misc,ت,11,1,2
تضمین‌شده,Noun/Adjective/Misc,ت,9,1,2
تضمین‌نامه,Noun/Adjective/Misc,ت,10,1,2
تضمین‌کننده,Noun/Adjective/Misc,ت,11,1,2
تضییع‌شده,Noun/Adjective/Misc,ت,9,1,2
تطبیق‌دهنده,Noun/Adjective/Misc,ت,11,1,2
تطبیق‌پذیر,Noun/Adjective/Misc,ت,10,1,2
تظلم‌کنان,Noun/Adjective/Misc,ت,9,1,2
تعادل‌بخش,Noun/Adjective/Misc,ت,9,1,2
تعارف‌بردار,Noun/Adjective/Misc,ت,11,1,2
تعالی‌الله,Noun/Adjective/Misc,ت,10,1,2
تعالی‌بخش,Noun/Adjective/Misc,ت,9,1,2
تعالی‌جو,Noun/Adjective/Misc,ت,8,1,2
تعالی‌یافته,Noun/Adjective/Misc,ت,11,1,2
تعامل‌پذیر,Noun/Adjective/Misc,ت,10,1,2
تعامل‌گرا,Noun/Adjective/Misc,ت,9,1,2
تعامل‌گرایی,Noun/Adjective/Misc,ت,11,1,2
تعبیه‌شده,Noun/Adjective/Misc,ت,9,1,2
تعبیه‌کننده,Noun/Adjective/Misc,ت,11,1,2
تعجب‌آور,Noun/Adjective/Misc,ت,8,1,2
تعجب‌انگیز,Noun/Adjective/Misc,ت,10,1,2
تعجب‌برانگیز,Noun/Adjective/Misc,ت,12,1,2
تعجب‌زده,Noun/Adjective/Misc,ت,8,1,2
تعدیل‌شده,Noun/Adjective/Misc,ت,9,1,2
تعدیل‌پذیر,Noun/Adjective/Misc,ت,10,1,2
تعدیل‌کننده,Noun/Adjective/Misc,ت,11,1,2
تعدی‌کننده,Noun/Adjective/Misc,ت,10,1,2
تعرض‌آمیز,Noun/Adjective/Misc,ت,9,1,2
تعرض‌کننده,Noun/Adjective/Misc,ت,10,1,2
تعرفه‌بندی,Noun/Adjective/Misc,ت,10,1,2
تعریف‌شده,Noun/Adjective/Misc,ت,9,1,2
تعریف‌ناشدنی,Noun/Adjective/Misc,ت,12,1,2
تعریف‌نشده,Noun/Adjective/Misc,ت,10,1,2
تعریف‌کننده,Noun/Adjective/Misc,ت,11,1,2
تعزیت‌نامه,Noun/Adjective/Misc,ت,10,1,2
تعزیه‌خوان,Noun/Adjective/Misc,ت,10,1,2
تعزیه‌خوانی,Noun/Adjective/Misc,ت,11,1,2
تعزیه‌گردان,Noun/Adjective/Misc,ت,11,1,2
تعزیه‌گردانی,Noun/Adjective/Misc,ت,12,1,2
تعصب‌آمیز,Noun/Adjective/Misc,ت,9,1,2
تعصب‌گرا,Noun/Adjective/Misc,ت,8,1,2
تعطیل‌بردار,Noun/Adjective/Misc,ت,11,1,2
تعطیل‌شده,Noun/Adjective/Misc,ت,9,1,2
تعطیل‌نشدنی,Noun/Adjective/Misc,ت,11,1,2
تعقیب‌نامه,Noun/Adjective/Misc,ت,10,1,2
تعقیب‌کننده,Noun/Adjective/Misc,ت,11,1,2
تعلق‌خاطر,Noun/Adjective/Misc,ت,9,1,2
تعلق‌گرفته,Noun/Adjective/Misc,ت,10,1,2
تعلیم‌دهنده,Noun/Adjective/Misc,ت,11,1,2
تعلیم‌دیده,Noun/Adjective/Misc,ت,10,1,2
تعلیم‌یافته,Noun/Adjective/Misc,ت,11,1,2
تعمیم‌پذیر,Noun/Adjective/Misc,ت,10,1,2
تعمیم‌یافته,Noun/Adjective/Misc,ت,11,1,2
تعویض‌پذیر,Noun/Adjective/Misc,ت,10,1,2
تعویض‌کننده,Noun/Adjective/Misc,ت,11,1,2
تعین‌بخش,Noun/Adjective/Misc,ت,8,1,2
تعیین‌شده,Noun/Adjective/Misc,ت,9,1,2
تعیین‌کننده,Noun/Adjective/Misc,ت,11,1,2
تغذیه‌کننده,Noun/Adjective/Misc,ت,11,1,2
تفاهم‌آمیز,Noun/Adjective/Misc,ت,10,1,2
تفاهم‌نامه,Noun/Adjective/Misc,ت,10,1,2
تفت‌داده,Noun/Adjective/Misc,ت,8,1,2
تفحص‌کنان,Noun/Adjective/Misc,ت,9,1,2
تفرج‌کنان,Noun/Adjective/Misc,ت,9,1,2
تفرج‌گاه,Noun/Adjective/Misc,ت,8,1,2
تفرقه‌آمیز,Noun/Adjective/Misc,ت,10,1,2
تفرقه‌افکن,Noun/Adjective/Misc,ت,10,1,2
تفرقه‌افکنانه,Noun/Adjective/Misc,ت,13,1,2
تفرقه‌افکنی,Noun/Adjective/Misc,ت,11,1,2
تفرقه‌انداز,Noun/Adjective/Misc,ت,11,1,2
تفرقه‌انگیز,Noun/Adjective/Misc,ت,11,1,2
تفنگ‌دار,Noun/Adjective/Misc,ت,8,1,2
تفکیک‌شده,Noun/Adjective/Misc,ت,9,1,2
تفکیک‌ناپذیر,Noun/Adjective/Misc,ت,12,1,2
تفکیک‌ناپذیری,Noun/Adjective/Misc,ت,13,1,2
تفکیک‌نشدنی,Noun/Adjective/Misc,ت,11,1,2
تفکیک‌پذیر,Noun/Adjective/Misc,ت,10,1,2
تفکیک‌کننده,Noun/Adjective/Misc,ت,11,1,2
تف‌مالی,Noun/Adjective/Misc,ت,7,1,2
تقدس‌مآبی,Noun/Adjective/Misc,ت,9,1,2
تقدیس‌کننده,Noun/Adjective/Misc,ت,11,1,2
تقرب‌جو,Noun/Adjective/Misc,ت,7,1,2
تقسیم‌بندی,Noun/Adjective/Misc,ت,10,1,2
تقسیم‌شدنی,Noun/Adjective/Misc,ت,10,1,2
تقسیم‌شده,Noun/Adjective/Misc,ت,9,1,2
تقسیم‌نشده,Noun/Adjective/Misc,ت,10,1,2
تقسیم‌پذیر,Noun/Adjective/Misc,ت,10,1,2
تقسیم‌کننده,Noun/Adjective/Misc,ت,11,1,2
تقلیل‌گرا,Noun/Adjective/Misc,ت,9,1,2
تقویت‌شده,Noun/Adjective/Misc,ت,9,1,2
تقویت‌کننده,Noun/Adjective/Misc,ت,11,1,2
تقویت‌کنندگی,Noun/Adjective/Misc,ت,12,1,2
تقوی‌پیشه,Noun/Adjective/Misc,ت,9,1,2
تقوی‌پیشگی,Noun/Adjective/Misc,ت,10,1,2
تقی‌آباد,Noun/Adjective/Misc,ت,8,1,2
تقی‌خان,Noun/Adjective/Misc,ت,7,1,2
تلاش‌گر,Noun/Adjective/Misc,ت,7,1,2
تلافی‌جویانه,Noun/Adjective/Misc,ت,12,1,2
تلافی‌کننده,Noun/Adjective/Misc,ت,11,1,2
تلاقی‌گاه,Noun/Adjective/Misc,ت,9,1,2
تلخ‌آمیز,Noun/Adjective/Misc,ت,8,1,2
تلخ‌زبان,Noun/Adjective/Misc,ت,8,1,2
تلخ‌مزه,Noun/Adjective/Misc,ت,7,1,2
تلخ‌کام,Noun/Adjective/Misc,ت,7,1,2
تلفن‌بانک,Noun/Adjective/Misc,ت,9,1,2
تلفیق‌شده,Noun/Adjective/Misc,ت,9,1,2
تلفیق‌پذیر,Noun/Adjective/Misc,ت,10,1,2
تلف‌شده,Noun/Adjective/Misc,ت,7,1,2
تلقین‌پذیر,Noun/Adjective/Misc,ت,10,1,2
تلقین‌گو,Noun/Adjective/Misc,ت,8,1,2
تلقی‌کننده,Noun/Adjective/Misc,ت,10,1,2
تلمبه‌زنی,Noun/Adjective/Misc,ت,9,1,2
تله‌تئاتر,Noun/Adjective/Misc,ت,9,1,2
تله‌تکس,Noun/Adjective/Misc,ت,7,1,2
تله‌پاتی,Noun/Adjective/Misc,ت,8,1,2
تله‌کابین,Noun/Adjective/Misc,ت,9,1,2
تلگراف‌خانه,Noun/Adjective/Misc,ت,11,1,2
تلگراف‌نامه,Noun/Adjective/Misc,ت,11,1,2
تل‌آویو,Noun/Adjective/Misc,ت,7,1,2
تماس‌گیرنده,Noun/Adjective/Misc,ت,11,1,2
تمامیت‌خواه,Noun/Adjective/Misc,ت,11,1,2
تمامیت‌خواهانه,Noun/Adjective/Misc,ت,14,1,2
تمام‌اتوماتیک,Noun/Adjective/Misc,ت,13,1,2
تمام‌خودکار,Noun/Adjective/Misc,ت,11,1,2
تمام‌رخ,Noun/Adjective/Misc,ت,7,1,2
تمام‌شدنی,Noun/Adjective/Misc,ت,9,1,2
تمام‌شده,Noun/Adjective/Misc,ت,8,1,2
تمام‌عیار,Noun/Adjective/Misc,ت,9,1,2
تمام‌قد,Noun/Adjective/Misc,ت,7,1,2
تمام‌نشدنی,Noun/Adjective/Misc,ت,10,1,2
تمام‌نما,Noun/Adjective/Misc,ت,8,1,2
تمام‌کننده,Noun/Adjective/Misc,ت,10,1,2
تمدن‌آفرین,Noun/Adjective/Misc,ت,10,1,2
تملق‌آمیز,Noun/Adjective/Misc,ت,9,1,2
تملق‌گو,Noun/Adjective/Misc,ت,7,1,2
تملک‌گرایی,Noun/Adjective/Misc,ت,10,1,2
تناقض‌آمیز,Noun/Adjective/Misc,ت,10,1,2
تناقض‌گو,Noun/Adjective/Misc,ت,8,1,2
تنبل‌خانه,Noun/Adjective/Misc,ت,9,1,2
تنبک‌زن,Noun/Adjective/Misc,ت,7,1,2
تنبک‌نواز,Noun/Adjective/Misc,ت,9,1,2
تنبیه‌شده,Noun/Adjective/Misc,ت,9,1,2
تنبیه‌کننده,Noun/Adjective/Misc,ت,11,1,2
تنخواه‌گردان,Noun/Adjective/Misc,ت,12,1,2
تنش‌آفرین,Noun/Adjective/Misc,ت,9,1,2
تنش‌زا,Noun/Adjective/Misc,ت,6,1,2
تنش‌زدا,Noun/Adjective/Misc,ت,7,1,2
تنظیم‌شده,Noun/Adjective/Misc,ت,9,1,2
تنظیم‌نشده,Noun/Adjective/Misc,ت,10,1,2
تنظیم‌کننده,Noun/Adjective/Misc,ت,11,1,2
تنظیم‌گر,Noun/Adjective/Misc,ت,8,1,2
تنوع‌بخشی,Noun/Adjective/Misc,ت,9,1,2
تنوع‌طلب,Noun/Adjective/Misc,ت,8,1,2
تنوع‌پذیر,Noun/Adjective/Misc,ت,9,1,2
تنوع‌گرایی,Noun/Adjective/Misc,ت,10,1,2
تنوین‌دار,Noun/Adjective/Misc,ت,9,1,2
تنگ‌دست,Noun/Adjective/Misc,ت,7,1,2
تنگ‌دل,Noun/Adjective/Misc,ت,6,1,2
تنگ‌شده,Noun/Adjective/Misc,ت,7,1,2
تنگ‌نظر,Noun/Adjective/Misc,ت,7,1,2
تنگ‌نظرانه,Noun/Adjective/Misc,ت,10,1,2
تنگ‌چشم,Noun/Adjective/Misc,ت,7,1,2
تنیس‌باز,Noun/Adjective/Misc,ت,8,1,2
تن‌آسا,Noun/Adjective/Misc,ت,6,1,2
تن‌فروش,Noun/Adjective/Misc,ت,7,1,2
تن‌لرزه,Noun/Adjective/Misc,ت,7,1,2
تن‌نما,Noun/Adjective/Misc,ت,6,1,2
تن‌پرور,Noun/Adjective/Misc,ت,7,1,2
تن‌پرورانه,Noun/Adjective/Misc,ت,10,1,2
تن‌پوش,Noun/Adjective/Misc,ت,6,1,2
تهاجم‌آمیز,Noun/Adjective/Misc,ت,10,1,2
تهران‌نو,Noun/Adjective/Misc,ت,8,1,2
تهران‌پارس,Noun/Adjective/Misc,ت,10,1,2
تهران‌گرد,Noun/Adjective/Misc,ت,9,1,2
تهمت‌زن,Noun/Adjective/Misc,ت,7,1,2
تهنیت‌گو,Noun/Adjective/Misc,ت,8,1,2
تهوع‌آور,Noun/Adjective/Misc,ت,8,1,2
تهیه‌شده,Noun/Adjective/Misc,ت,8,1,2
تهیه‌کرده,Noun/Adjective/Misc,ت,9,1,2
تهیه‌کننده,Noun/Adjective/Misc,ت,10,1,2
تهیه‌کنندگی,Noun/Adjective/Misc,ت,11,1,2
تهی‌دست,Noun/Adjective/Misc,ت,7,1,2
ته‌بندی,Noun/Adjective/Misc,ت,7,1,2
ته‌تغار,Noun/Adjective/Misc,ت,7,1,2
ته‌دیگ,Noun/Adjective/Misc,ت,6,1,2
ته‌ریش,Noun/Adjective/Misc,ت,6,1,2
ته‌لهجه,Noun/Adjective/Misc,ت,7,1,2
ته‌مانده,Noun/Adjective/Misc,ت,8,1,2
ته‌نشین,Noun/Adjective/Misc,ت,7,1,2
ته‌چهره,Noun/Adjective/Misc,ت,7,1,2
ته‌چک,Noun/Adjective/Misc,ت,5,1,2
ته‌چین,Noun/Adjective/Misc,ت,6,1,2
تواشیح‌خوان,Noun/Adjective/Misc,ت,11,1,2
توافق‌نامه,Noun/Adjective/Misc,ت,10,1,2
توان‌بخشی,Noun/Adjective/Misc,ت,9,1,2
توان‌فرسا,Noun/Adjective/Misc,ت,9,1,2
توبه‌شکن,Noun/Adjective/Misc,ت,8,1,2
توبه‌فرما,Noun/Adjective/Misc,ت,9,1,2
توبه‌نامه,Noun/Adjective/Misc,ت,9,1,2
توبه‌کار,Noun/Adjective/Misc,ت,8,1,2
توبه‌کننده,Noun/Adjective/Misc,ت,10,1,2
توبیخ‌نامه,Noun/Adjective/Misc,ت,10,1,2
توتون‌فروش,Noun/Adjective/Misc,ت,10,1,2
توت‌فرنگی,Noun/Adjective/Misc,ت,9,1,2
توجیه‌بردار,Noun/Adjective/Misc,ت,11,1,2
توجیه‌نامه,Noun/Adjective/Misc,ت,10,1,2
توجیه‌ناپذیر,Noun/Adjective/Misc,ت,12,1,2
توجیه‌پذیر,Noun/Adjective/Misc,ت,10,1,2
توجیه‌کننده,Noun/Adjective/Misc,ت,11,1,2
توجیه‌گر,Noun/Adjective/Misc,ت,8,1,2
توده‌وار,Noun/Adjective/Misc,ت,8,1,2
توده‌گرا,Noun/Adjective/Misc,ت,8,1,2
تودیع‌شده,Noun/Adjective/Misc,ت,9,1,2
تورم‌زا,Noun/Adjective/Misc,ت,7,1,2
توزیع‌شده,Noun/Adjective/Misc,ت,9,1,2
توزیع‌شدگی,Noun/Adjective/Misc,ت,10,1,2
توزیع‌پذیر,Noun/Adjective/Misc,ت,10,1,2
توزیع‌کننده,Noun/Adjective/Misc,ت,11,1,2
توسری‌خور,Noun/Adjective/Misc,ت,9,1,2
توسعه‌خواه,Noun/Adjective/Misc,ت,10,1,2
توسعه‌دهنده,Noun/Adjective/Misc,ت,11,1,2
توسعه‌ساز,Noun/Adjective/Misc,ت,9,1,2
توسعه‌طلب,Noun/Adjective/Misc,ت,9,1,2
توسعه‌طلبانه,Noun/Adjective/Misc,ت,12,1,2
توسعه‌طلبی,Noun/Adjective/Misc,ت,10,1,2
توسعه‌نایافته,Noun/Adjective/Misc,ت,13,1,2
توسعه‌نیافته,Noun/Adjective/Misc,ت,12,1,2
توسعه‌نیافتگی,Noun/Adjective/Misc,ت,13,1,2
توسعه‌پذیر,Noun/Adjective/Misc,ت,10,1,2
توسعه‌گرا,Noun/Adjective/Misc,ت,9,1,2
توسعه‌یافته,Noun/Adjective/Misc,ت,11,1,2
توسعه‌یافتگی,Noun/Adjective/Misc,ت,12,1,2
توصیف‌شده,Noun/Adjective/Misc,ت,9,1,2
توصیف‌ناپذیر,Noun/Adjective/Misc,ت,12,1,2
توصیف‌کننده,Noun/Adjective/Misc,ت,11,1,2
توصیه‌شده,Noun/Adjective/Misc,ت,9,1,2
توصیه‌نامه,Noun/Adjective/Misc,ت,10,1,2
توصیه‌کننده,Noun/Adjective/Misc,ت,11,1,2
توضیح‌دهنده,Noun/Adjective/Misc,ت,11,1,2
توطئه‌چین,Noun/Adjective/Misc,ت,9,1,2
توطئه‌چینی,Noun/Adjective/Misc,ت,10,1,2
توطئه‌گر,Noun/Adjective/Misc,ت,8,1,2
توطئه‌گری,Noun/Adjective/Misc,ت,9,1,2
توفان‌خیز,Noun/Adjective/Misc,ت,9,1,2
توفان‌زده,Noun/Adjective/Misc,ت,9,1,2
توقف‌ناپذیر,Noun/Adjective/Misc,ت,11,1,2
توقف‌پذیر,Noun/Adjective/Misc,ت,9,1,2
توقیف‌شده,Noun/Adjective/Misc,ت,9,1,2
توله‌سگ,Noun/Adjective/Misc,ت,7,1,2
توهم‌انگیز,Noun/Adjective/Misc,ت,10,1,2
توهین‌آمیز,Noun/Adjective/Misc,ت,10,1,2
توهین‌کننده,Noun/Adjective/Misc,ت,11,1,2
توپ‌بازی,Noun/Adjective/Misc,ت,8,1,2
توپ‌خانه,Noun/Adjective/Misc,ت,8,1,2
توپ‌گیر,Noun/Adjective/Misc,ت,7,1,2
توکل‌کننده,Noun/Adjective/Misc,ت,10,1,2
تکامل‌بخش,Noun/Adjective/Misc,ت,9,1,2
تکامل‌پذیر,Noun/Adjective/Misc,ت,10,1,2
تکامل‌یافته,Noun/Adjective/Misc,ت,11,1,2
تکان‌دهنده,Noun/Adjective/Misc,ت,10,1,2
تکدی‌گر,Noun/Adjective/Misc,ت,7,1,2
تکذیب‌نامه,Noun/Adjective/Misc,ت,10,1,2
تکمه‌منگنه,Noun/Adjective/Misc,ت,10,1,2
تکمیل‌شده,Noun/Adjective/Misc,ت,9,1,2
تکمیل‌نشده,Noun/Adjective/Misc,ت,10,1,2
تکمیل‌کننده,Noun/Adjective/Misc,ت,11,1,2
تکه‌برداری,Noun/Adjective/Misc,ت,10,1,2
تکه‌تکه,Noun/Adjective/Misc,ت,7,1,2
تکه‌دوزی,Noun/Adjective/Misc,ت,8,1,2
تکه‌پاره,Noun/Adjective/Misc,ت,8,1,2
تکه‌پرانی,Noun/Adjective/Misc,ت,9,1,2
تکیه‌بر,Noun/Adjective/Misc,ت,7,1,2
تکیه‌پذیری,Noun/Adjective/Misc,ت,10,1,2
تکیه‌گاه,Noun/Adjective/Misc,ت,8,1,2
تکی‌تکی,Noun/Adjective/Misc,ت,7,1,2
تک‌آوایی,Noun/Adjective/Misc,ت,8,1,2
تک‌ابژه‌ای,Noun/Adjective/Misc,ت,10,1,3
تک‌اکتاوی,Noun/Adjective/Misc,ت,9,1,2
تک‌بخشی,Noun/Adjective/Misc,ت,7,1,2
تک‌بعدی,Noun/Adjective/Misc,ت,7,1,2
تک‌بیت,Noun/Adjective/Misc,ت,6,1,2
تک‌تازی,Noun/Adjective/Misc,ت,7,1,2
تک‌تک,Noun/Adjective/Misc,ت,5,1,2
تک‌تیرانداز,Noun/Adjective/Misc,ت,11,1,2
تک‌ثانیه‌ای,Noun/Adjective/Misc,ت,11,1,3
تک‌جلدی,Noun/Adjective/Misc,ت,7,1,2
تک‌جمله‌ای,Noun/Adjective/Misc,ت,10,1,3
تک‌حالته,Noun/Adjective/Misc,ت,8,1,2
تک‌حالتی,Noun/Adjective/Misc,ت,8,1,2
تک‌حرفی,Noun/Adjective/Misc,ت,7,1,2
تک‌حزبی,Noun/Adjective/Misc,ت,7,1,2
تک‌خوان,Noun/Adjective/Misc,ت,7,1,2
تک‌خوانی,Noun/Adjective/Misc,ت,8,1,2
تک‌دانه‌ای,Noun/Adjective/Misc,ت,10,1,3
تک‌درخت,Noun/Adjective/Misc,ت,7,1,2
تک‌دقیقه‌ای,Noun/Adjective/Misc,ت,11,1,3
تک‌رشته‌ای,Noun/Adjective/Misc,ت,10,1,3
تک‌رقم,Noun/Adjective/Misc,ت,6,1,2
تک‌رو,Noun/Adjective/Misc,ت,5,1,2
تک‌روزه,Noun/Adjective/Misc,ت,7,1,2
تک‌روی,Noun/Adjective/Misc,ت,6,1,2
تک‌ساعته,Noun/Adjective/Misc,ت,8,1,2
تک‌ساعتی,Noun/Adjective/Misc,ت,8,1,2
تک‌ستاره,Noun/Adjective/Misc,ت,8,1,2
تک‌سرنشین,Noun/Adjective/Misc,ت,9,1,2
تک‌سلول,Noun/Adjective/Misc,ت,7,1,2
تک‌صدا,Noun/Adjective/Misc,ت,6,1,2
تک‌صفحه‌ای,Noun/Adjective/Misc,ت,10,1,3
تک‌ضرب,Noun/Adjective/Misc,ت,6,1,2
تک‌ضربی,Noun/Adjective/Misc,ت,7,1,2
تک‌فرزند,Noun/Adjective/Misc,ت,8,1,2
تک‌فروش,Noun/Adjective/Misc,ت,7,1,2
تک‌قسمته,Noun/Adjective/Misc,ت,8,1,2
تک‌قسمتی,Noun/Adjective/Misc,ت,8,1,2
تک‌قطبی,Noun/Adjective/Misc,ت,7,1,2
تک‌ماده,Noun/Adjective/Misc,ت,7,1,2
تک‌محصولی,Noun/Adjective/Misc,ت,9,1,2
تک‌محور,Noun/Adjective/Misc,ت,7,1,2
تک‌میزانی,Noun/Adjective/Misc,ت,9,1,2
تک‌نرخی,Noun/Adjective/Misc,ت,7,1,2
تک‌نسخه,Noun/Adjective/Misc,ت,7,1,2
تک‌نفره,Noun/Adjective/Misc,ت,7,1,2
تک‌نفری,Noun/Adjective/Misc,ت,7,1,2
تک‌نواز,Noun/Adjective/Misc,ت,7,1,2
تک‌نوازی,Noun/Adjective/Misc,ت,8,1,2
تک‌نگاری,Noun/Adjective/Misc,ت,8,1,2
تک‌هجا,Noun/Adjective/Misc,ت,6,1,2
تک‌هجایی,Noun/Adjective/Misc,ت,8,1,2
تک‌هفته‌ای,Noun/Adjective/Misc,ت,10,1,3
تک‌همسری,Noun/Adjective/Misc,ت,8,1,2
تک‌واحد,Noun/Adjective/Misc,ت,7,1,2
تک‌وتنها,Noun/Adjective/Misc,ت,8,1,2
تک‌وتوک,Noun/Adjective/Misc,ت,7,1,2
تک‌پرده‌ای,Noun/Adjective/Misc,ت,10,1,3
تک‌کاره,Noun/Adjective/Misc,ت,7,1,2
تک‌کلمه‌ای,Noun/Adjective/Misc,ت,10,1,3
تک‌گویی,Noun/Adjective/Misc,ت,7,1,2
تیره‌بخت,Noun/Adjective/Misc,ت,8,1,2
تیره‌دل,Noun/Adjective/Misc,ت,7,1,2
تیره‌روز,Noun/Adjective/Misc,ت,8,1,2
تیره‌سازی,Noun/Adjective/Misc,ت,9,1,2
تیرچه‌بلوک,Noun/Adjective/Misc,ت,10,1,2
تیغ‌دار,Noun/Adjective/Misc,ت,7,1,2
تیغ‌زن,Noun/Adjective/Misc,ت,6,1,2
تیله‌باز,Noun/Adjective/Misc,ت,8,1,2
تیپ‌شناس,Noun/Adjective/Misc,ت,8,1,2
تی‌تیش‌مامانی,Noun/Adjective/Misc,ت,13,1,3
تی‌شرت,Noun/Adjective/Misc,ت,6,1,2
تاجیک‌زبان,Noun/Adjective/Misc,ت,10,1,2
تازه‌عروس,Noun/Adjective/Misc,ت,9,1,2
تازه‌مسلمان,Noun/Adjective/Misc,ت,11,1,2
تازه‌واردشده,Noun/Adjective/Misc,ت,12,1,2
تاکه‌شیتا,Noun/Adjective/Misc,ت,9,1,2
تبلیغات‌چی,Noun/Adjective/Misc,ت,10,1,2
تجربه‌باوری,Noun/Adjective/Misc,ت,11,1,2
تجربه‌محوری,Noun/Adjective/Misc,ت,11,1,2
تجربه‌کننده,Noun/Adjective/Misc,ت,11,1,2
تحلیل‌گران,Noun/Adjective/Misc,ت,10,1,2
تخت‌خواب,Noun/Adjective/Misc,ت,8,1,2
تخصص‌گرایی,Noun/Adjective/Misc,ت,10,1,2
تخم‌گذای,Noun/Adjective/Misc,ت,8,1,2
تراژدی‌نویس,Noun/Adjective/Misc,ت,11,1,2
ترخیص‌کننده,Noun/Adjective/Misc,ت,11,1,2
تسلیت‌گویی,Noun/Adjective/Misc,ت,10,1,2
تسهیلات‌گیرنده,Noun/Adjective/Misc,ت,14,1,2
تصمیم‌سازی,Noun/Adjective/Misc,ت,10,1,2
تصمیم‌گیر,Noun/Adjective/Misc,ت,9,1,2
تطبیق‌کننده,Noun/Adjective/Misc,ت,11,1,2
تظاهرات‌کننده,Noun/Adjective/Misc,ت,13,1,2
تعارف‌بازی,Noun/Adjective/Misc,ت,10,1,2
تفرقه‌اندازی,Noun/Adjective/Misc,ت,12,1,2
تفنگ‌سالار,Noun/Adjective/Misc,ت,10,1,2
تفکیک‌پذیری,Noun/Adjective/Misc,ت,11,1,2
تقدس‌زدایی,Noun/Adjective/Misc,ت,10,1,2
تقطیع‌گر,Noun/Adjective/Misc,ت,8,1,2
تقلیل‌گرایی,Noun/Adjective/Misc,ت,11,1,2
تلمبه‌خانه,Noun/Adjective/Misc,ت,10,1,2
تله‌فیلم,Noun/Adjective/Misc,ت,8,1,2
تله‌متری,Noun/Adjective/Misc,ت,8,1,2
تله‌گذاری,Noun/Adjective/Misc,ت,9,1,2
تمدن‌سازی,Noun/Adjective/Misc,ت,9,1,2
تنبک‌نوازی,Noun/Adjective/Misc,ت,10,1,2
تنگ‌نظری,Noun/Adjective/Misc,ت,8,1,2
تهی‌دستی,Noun/Adjective/Misc,ت,8,1,2
ته‌خنده,Noun/Adjective/Misc,ت,7,1,2
توالت‌عمومی,Noun/Adjective/Misc,ت,11,1,2
توسعه‌دهندگان,Noun/Adjective/Misc,ت,13,1,2
توضیح‌المسائل,Noun/Adjective/Misc,ت,13,1,2
تپ‌اختر,Noun/Adjective/Misc,ت,7,1,2
تکدی‌گری,Noun/Adjective/Misc,ت,8,1,2
تکه‌سفالینه,Noun/Adjective/Misc,ت,11,1,2
تک‌اثر,Noun/Adjective/Misc,ت,6,1,2
تک‌الکترون,Noun/Adjective/Misc,ت,10,1,2
تیان‌جین,Noun/Adjective/Misc,ت,8,1,2
تیره‌بختی,Noun/Adjective/Misc,ت,9,1,2
تیک‌تاک,Noun/Adjective/Misc,ت,7,1,2
تی‌ام,Noun/Adjective/Misc,ت,5,1,2
تی‌ان‌اف,Noun/Adjective/Misc,ت,8,1,3
تی‌ان‌اف‌آلفا,Noun/Adjective/Misc,ت,13,1,4
تاب‌وتوان,Noun/Adjective/Misc,ت,9,1,2
تازه‌بالغ,Noun/Adjective/Misc,ت,9,1,2
تازه‌به‌دوران‌رسیده,Noun/Adjective/Misc,ت,19,1,4
تازه‌پا,Noun/Adjective/Misc,ت,7,1,2
تازه‌جوان,Noun/Adjective/Misc,ت,9,1,2
تازه‌جو,Noun/Adjective/Misc,ت,7,1,2
تازه‌جویی,Noun/Adjective/Misc,ت,9,1,2
تازه‌رسته,Noun/Adjective/Misc,ت,9,1,2
تازه‌رس,Noun/Adjective/Misc,ت,7,1,2
تازه‌رو,Noun/Adjective/Misc,ت,7,1,2
تازه‌زا,Noun/Adjective/Misc,ت,7,1,2
تازه‌ساز,Noun/Adjective/Misc,ت,8,1,2
تازه‌کاری,Noun/Adjective/Misc,ت,9,1,2
تازه‌گو,Noun/Adjective/Misc,ت,7,1,2
تازی‌گوی,Noun/Adjective/Misc,ت,8,1,2
تاکسی‌بار,Noun/Adjective/Misc,ت,9,1,2
تاوان‌دار,Noun/Adjective/Misc,ت,9,1,2
تاسف‌انگیز,Noun/Adjective/Misc,ت,10,1,2
تاسف‌بار,Noun/Adjective/Misc,ت,8,1,2
تالم‌انگیز,Noun/Adjective/Misc,ت,10,1,2
تالم‌زا,Noun/Adjective/Misc,ت,7,1,2
تب‌آلود,Noun/Adjective/Misc,ت,7,1,2
تباه‌سازی,Noun/Adjective/Misc,ت,9,1,2
تباه‌کار,Noun/Adjective/Misc,ت,8,1,2
تباهی‌پذیر,Noun/Adjective/Misc,ت,10,1,2
تب‌خیز,Noun/Adjective/Misc,ت,6,1,2
تب‌لرزه,Noun/Adjective/Misc,ت,7,1,2
تبه‌روزگار,Noun/Adjective/Misc,ت,10,1,2
تحمل‌پذیر,Noun/Adjective/Misc,ت,9,1,2
تحول‌زا,Noun/Adjective/Misc,ت,7,1,2
تخت‌روان,Noun/Adjective/Misc,ت,8,1,2
تخت‌قاپو,Noun/Adjective/Misc,ت,8,1,2
تخم‌حرام,Noun/Adjective/Misc,ت,8,1,2
تخم‌کشی,Noun/Adjective/Misc,ت,7,1,2
ترحم‌انگیز,Noun/Adjective/Misc,ت,10,1,2
تشفی‌بخش,Noun/Adjective/Misc,ت,8,1,2
تشکل‌پذیر,Noun/Adjective/Misc,ت,9,1,2
تصرف‌عدوانی,Noun/Adjective/Misc,ت,11,1,2
تصنیف‌سرا,Noun/Adjective/Misc,ت,9,1,2
تعالی‌جویی,Noun/Adjective/Misc,ت,10,1,2
تعریض‌گونه,Noun/Adjective/Misc,ت,10,1,2
تعزیت‌داری,Noun/Adjective/Misc,ت,10,1,2
تعصب‌آلود,Noun/Adjective/Misc,ت,9,1,2
تفرعن‌آمیز,Noun/Adjective/Misc,ت,10,1,2
تفوق‌طلبانه,Noun/Adjective/Misc,ت,11,1,2
تفوق‌طلب,Noun/Adjective/Misc,ت,8,1,2
تفوق‌طلبی,Noun/Adjective/Misc,ت,9,1,2
تک‌پران,Noun/Adjective/Misc,ت,7,1,2
تک‌خال,Noun/Adjective/Misc,ت,6,1,2
تک‌وپو,Noun/Adjective/Misc,ت,6,1,2
تک‌وتا,Noun/Adjective/Misc,ت,6,1,2
تک‌ودو,Noun/Adjective/Misc,ت,6,1,2
تک‌یاخته,Noun/Adjective/Misc,ت,8,1,2
تلافی‌جو,Noun/Adjective/Misc,ت,8,1,2
تلافی‌جویی,Noun/Adjective/Misc,ت,10,1,2
تلخ‌رو,Noun/Adjective/Misc,ت,6,1,2
تلخ‌کامی,Noun/Adjective/Misc,ت,8,1,2
تمام‌ناشدنی,Noun/Adjective/Misc,ت,11,1,2
تمامیت‌خواهی,Noun/Adjective/Misc,ت,12,1,2
تن‌آسان,Noun/Adjective/Misc,ت,7,1,2
تن‌آسانی,Noun/Adjective/Misc,ت,8,1,2
تن‌آسایی,Noun/Adjective/Misc,ت,8,1,2
تناقص‌آمیز,Noun/Adjective/Misc,ت,10,1,2
تن‌پروری,Noun/Adjective/Misc,ت,8,1,2
تنزیل‌خور,Noun/Adjective/Misc,ت,9,1,2
تنش‌آلود,Noun/Adjective/Misc,ت,8,1,2
تنگ‌حوصله,Noun/Adjective/Misc,ت,9,1,2
تنگ‌راه,Noun/Adjective/Misc,ت,7,1,2
تنگ‌عیش,Noun/Adjective/Misc,ت,7,1,2
تنگ‌عیشی,Noun/Adjective/Misc,ت,8,1,2
توان‌سوز,Noun/Adjective/Misc,ت,8,1,2
توبه‌آمیز,Noun/Adjective/Misc,ت,9,1,2
توبه‌دار,Noun/Adjective/Misc,ت,8,1,2
توپ‌وتشر,Noun/Adjective/Misc,ت,8,1,2
تودل‌برو,Noun/Adjective/Misc,ت,8,1,2
توده‌شناسی,Noun/Adjective/Misc,ت,10,1,2
توهم‌زا,Noun/Adjective/Misc,ت,7,1,2
ته‌نشست,Noun/Adjective/Misc,ت,7,1,2
تهوع‌آمیز,Noun/Adjective/Misc,ت,9,1,2
تهی‌سازی,Noun/Adjective/Misc,ت,8,1,2
تهی‌مایه,Noun/Adjective/Misc,ت,8,1,2
تهی‌مغز,Noun/Adjective/Misc,ت,7,1,2
تیره‌روزی,Noun/Adjective/Misc,ت,9,1,2
تیره‌ضمیر,Noun/Adjective/Misc,ت,9,1,2
تیره‌فام,Noun/Adjective/Misc,ت,8,1,2
تین‌ایجر,Noun/Adjective/Misc,ت,8,1,2
ثابت‌شده,Noun/Adjective/Misc,ث,8,1,2
ثابت‌قدم,Noun/Adjective/Misc,ث,8,1,2
ثابت‌کننده,Noun/Adjective/Misc,ث,10,1,2
ثامن‌الائمه,Noun/Adjective/Misc,ث,11,1,2
ثامن‌الحجج,Noun/Adjective/Misc,ث,10,1,2
ثانیه‌شمار,Noun/Adjective/Misc,ث,10,1,2
ثبات‌آفرین,Noun/Adjective/Misc,ث,10,1,2
ثبات‌بخش,Noun/Adjective/Misc,ث,8,1,2
ثبات‌نیافته,Noun/Adjective/Misc,ث,11,1,2
ثبت‌شده,Noun/Adjective/Misc,ث,7,1,2
ثبت‌نام,Noun/Adjective/Misc,ث,7,1,2
ثبت‌نام‌شده,Noun/Adjective/Misc,ث,11,1,3
ثبت‌نشده,Noun/Adjective/Misc,ث,8,1,2
ثبت‌کننده,Noun/Adjective/Misc,ث,9,1,2
ثروت‌اندوز,Noun/Adjective/Misc,ث,10,1,2
ثروت‌اندوزانه,Noun/Adjective/Misc,ث,13,1,2
ثروت‌اندوزی,Noun/Adjective/Misc,ث,11,1,2
ثقه‌الاسلام,Noun/Adjective/Misc,ث,11,1,2
ثابت‌ابن‌قره,Noun/Adjective/Misc,ث,12,1,3
ثانیه‌شماری,Noun/Adjective/Misc,ث,11,1,2
ثبات‌بخشی,Noun/Adjective/Misc,ث,9,1,2
ثور‌بن‌معن,Noun/Adjective/Misc,ث,10,1,3
جابه‌جا,Noun/Adjective/Misc,ج,7,1,2
جابه‌جایی,Noun/Adjective/Misc,ج,9,1,2
جاجیم‌باف,Noun/Adjective/Misc,ج,9,1,2
جاده‌سازی,Noun/Adjective/Misc,ج,9,1,2
جاذبه‌انگیز,Noun/Adjective/Misc,ج,11,1,2
جاذبه‌دار,Noun/Adjective/Misc,ج,9,1,2
جاری‌شده,Noun/Adjective/Misc,ج,8,1,2
جاری‌کننده,Noun/Adjective/Misc,ج,10,1,2
جاسازی‌شده,Noun/Adjective/Misc,ج,10,1,2
جالب‌توجه,Noun/Adjective/Misc,ج,9,1,2
جامعه‌ساز,Noun/Adjective/Misc,ج,9,1,2
جامعه‌شناختی,Noun/Adjective/Misc,ج,12,1,2
جامعه‌شناس,Noun/Adjective/Misc,ج,10,1,2
جامعه‌شناسانه,Noun/Adjective/Misc,ج,13,1,2
جامعه‌پذیری,Noun/Adjective/Misc,ج,11,1,2
جامعه‌گرا,Noun/Adjective/Misc,ج,9,1,2
جامع‌الاطراف,Noun/Adjective/Misc,ج,12,1,2
جامع‌الشرایط,Noun/Adjective/Misc,ج,12,1,2
جامع‌نگر,Noun/Adjective/Misc,ج,8,1,2
جانب‌دارانه,Noun/Adjective/Misc,ج,11,1,2
جانب‌داری,Noun/Adjective/Misc,ج,9,1,2
جانشین‌سازی,Noun/Adjective/Misc,ج,11,1,2
جان‌آفرین,Noun/Adjective/Misc,ج,9,1,2
جان‌افزا,Noun/Adjective/Misc,ج,8,1,2
جان‌افشان,Noun/Adjective/Misc,ج,9,1,2
جان‌باخته,Noun/Adjective/Misc,ج,9,1,2
جان‌بخش,Noun/Adjective/Misc,ج,7,1,2
جان‌دوست,Noun/Adjective/Misc,ج,8,1,2
جان‌دوستی,Noun/Adjective/Misc,ج,9,1,2
جان‌سخت,Noun/Adjective/Misc,ج,7,1,2
جان‌سختی,Noun/Adjective/Misc,ج,8,1,2
جان‌سوز,Noun/Adjective/Misc,ج,7,1,2
جان‌سپاری,Noun/Adjective/Misc,ج,9,1,2
جان‌فرسا,Noun/Adjective/Misc,ج,8,1,2
جان‌فزا,Noun/Adjective/Misc,ج,7,1,2
جان‌فشانی,Noun/Adjective/Misc,ج,9,1,2
جان‌مایه,Noun/Adjective/Misc,ج,8,1,2
جان‌نثار,Noun/Adjective/Misc,ج,8,1,2
جان‌پرور,Noun/Adjective/Misc,ج,8,1,2
جان‌پناه,Noun/Adjective/Misc,ج,8,1,2
جان‌گداز,Noun/Adjective/Misc,ج,8,1,2
جان‌یافته,Noun/Adjective/Misc,ج,9,1,2
جاهل‌بازی,Noun/Adjective/Misc,ج,9,1,2
جاه‌طلب,Noun/Adjective/Misc,ج,7,1,2
جاه‌طلبانه,Noun/Adjective/Misc,ج,10,1,2
جایگاه‌یابی,Noun/Adjective/Misc,ج,11,1,2
جای‌جای,Noun/Adjective/Misc,ج,7,1,2
جبران‌شدنی,Noun/Adjective/Misc,ج,10,1,2
جبران‌ناپذیر,Noun/Adjective/Misc,ج,12,1,2
جبران‌کننده,Noun/Adjective/Misc,ج,11,1,2
جبل‌الطارق,Noun/Adjective/Misc,ج,10,1,2
جبهه‌گیری,Noun/Adjective/Misc,ج,9,1,2
جدال‌برانگیز,Noun/Adjective/Misc,ج,12,1,2
جدایی‌خواه,Noun/Adjective/Misc,ج,10,1,2
جدایی‌خواهانه,Noun/Adjective/Misc,ج,13,1,2
جدایی‌طلب,Noun/Adjective/Misc,ج,9,1,2
جدایی‌طلبانه,Noun/Adjective/Misc,ج,12,1,2
جدایی‌طلبی,Noun/Adjective/Misc,ج,10,1,2
جدایی‌ناپذیر,Noun/Adjective/Misc,ج,12,1,2
جدایی‌پذیر,Noun/Adjective/Misc,ج,10,1,2
جدول‌بندی,Noun/Adjective/Misc,ج,9,1,2
جدول‌کشی,Noun/Adjective/Misc,ج,8,1,2
جدول‌گذاری,Noun/Adjective/Misc,ج,10,1,2
جذام‌خانه,Noun/Adjective/Misc,ج,9,1,2
جذب‌شده,Noun/Adjective/Misc,ج,7,1,2
جذب‌شونده,Noun/Adjective/Misc,ج,9,1,2
جذب‌کننده,Noun/Adjective/Misc,ج,9,1,2
جراحی‌شده,Noun/Adjective/Misc,ج,9,1,2
جرعه‌جرعه,Noun/Adjective/Misc,ج,9,1,2
جرم‌زا,Noun/Adjective/Misc,ج,6,1,2
جرم‌شناس,Noun/Adjective/Misc,ج,8,1,2
جرم‌گرفته,Noun/Adjective/Misc,ج,9,1,2
جرم‌گیری,Noun/Adjective/Misc,ج,8,1,2
جریحه‌دار,Noun/Adjective/Misc,ج,9,1,2
جریمه‌دار,Noun/Adjective/Misc,ج,9,1,2
جریمه‌شده,Noun/Adjective/Misc,ج,9,1,2
جزع‌کنان,Noun/Adjective/Misc,ج,8,1,2
جزم‌اندیش,Noun/Adjective/Misc,ج,9,1,2
جزم‌اندیشی,Noun/Adjective/Misc,ج,10,1,2
جزم‌گرا,Noun/Adjective/Misc,ج,7,1,2
جزوه‌نویسی,Noun/Adjective/Misc,ج,10,1,2
جزیرة‌العرب,Noun/Adjective/Misc,ج,11,1,2
جسارت‌آمیز,Noun/Adjective/Misc,ج,10,1,2
جست‌زنان,Noun/Adjective/Misc,ج,8,1,2
جست‌وجو,Noun/Adjective/Misc,ج,7,1,2
جست‌وجوگر,Noun/Adjective/Misc,ج,9,1,2
جست‌وجوگرانه,Noun/Adjective/Misc,ج,12,1,2
جعبه‌ابزار,Noun/Adjective/Misc,ج,10,1,2
جعبه‌دنده,Noun/Adjective/Misc,ج,9,1,2
جعبه‌ساز,Noun/Adjective/Misc,ج,8,1,2
جعل‌شده,Noun/Adjective/Misc,ج,7,1,2
جغرافی‌دان,Noun/Adjective/Misc,ج,10,1,2
جفتک‌اندازی,Noun/Adjective/Misc,ج,11,1,2
جفتک‌پرانی,Noun/Adjective/Misc,ج,10,1,2
جفتک‌چارکش,Noun/Adjective/Misc,ج,10,1,2
جفت‌خواهی,Noun/Adjective/Misc,ج,9,1,2
جفت‌وجور,Noun/Adjective/Misc,ج,8,1,2
جفت‌گیری,Noun/Adjective/Misc,ج,8,1,2
جفت‌یابی,Noun/Adjective/Misc,ج,8,1,2
جفنگ‌گو,Noun/Adjective/Misc,ج,7,1,2
جلال‌آباد,Noun/Adjective/Misc,ج,9,1,2
جلال‌الدین,Noun/Adjective/Misc,ج,10,1,2
جلب‌کننده,Noun/Adjective/Misc,ج,9,1,2
جلوه‌آرایی,Noun/Adjective/Misc,ج,10,1,2
جلوه‌آفرینی,Noun/Adjective/Misc,ج,11,1,2
جلوه‌نمایی,Noun/Adjective/Misc,ج,10,1,2
جلوه‌گاه,Noun/Adjective/Misc,ج,8,1,2
جلوه‌گر,Noun/Adjective/Misc,ج,7,1,2
جلیل‌آباد,Noun/Adjective/Misc,ج,9,1,2
جلیل‌القدر,Noun/Adjective/Misc,ج,10,1,2
جمادی‌الاول,Noun/Adjective/Misc,ج,11,1,2
جمادی‌الثانی,Noun/Adjective/Misc,ج,12,1,2
جمال‌آباد,Noun/Adjective/Misc,ج,9,1,2
جمال‌الدین,Noun/Adjective/Misc,ج,10,1,2
جمال‌زاده,Noun/Adjective/Misc,ج,9,1,2
جمجمه‌دار,Noun/Adjective/Misc,ج,9,1,2
جمعه‌بازار,Noun/Adjective/Misc,ج,10,1,2
جمعه‌شب,Noun/Adjective/Misc,ج,7,1,2
جمعیت‌شناسی,Noun/Adjective/Misc,ج,11,1,2
جمعیت‌پذیری,Noun/Adjective/Misc,ج,11,1,2
جمع‌آوری,Noun/Adjective/Misc,ج,8,1,2
جمع‌آوری‌شده,Noun/Adjective/Misc,ج,12,1,3
جمع‌آوری‌کننده,Noun/Adjective/Misc,ج,14,1,3
جمع‌بندی,Noun/Adjective/Misc,ج,8,1,2
جمع‌ناپذیر,Noun/Adjective/Misc,ج,10,1,2
جمع‌گرا,Noun/Adjective/Misc,ج,7,1,2
جمله‌بندی,Noun/Adjective/Misc,ج,9,1,2
جمهوری‌خواه,Noun/Adjective/Misc,ج,11,1,2
جناب‌عالی,Noun/Adjective/Misc,ج,9,1,2
جناح‌بازی,Noun/Adjective/Misc,ج,9,1,2
جناح‌بندی,Noun/Adjective/Misc,ج,9,1,2
جناح‌گرا,Noun/Adjective/Misc,ج,8,1,2
جنایت‌آمیز,Noun/Adjective/Misc,ج,10,1,2
جنایت‌بار,Noun/Adjective/Misc,ج,9,1,2
جنایت‌پیشه,Noun/Adjective/Misc,ج,10,1,2
جنایت‌کار,Noun/Adjective/Misc,ج,9,1,2
جنایت‌کارانه,Noun/Adjective/Misc,ج,12,1,2
جنت‌آباد,Noun/Adjective/Misc,ج,8,1,2
جنجال‌آفرین,Noun/Adjective/Misc,ج,11,1,2
جنجال‌آمیز,Noun/Adjective/Misc,ج,10,1,2
جنجال‌انگیز,Noun/Adjective/Misc,ج,11,1,2
جنجال‌برانگیز,Noun/Adjective/Misc,ج,13,1,2
جنجال‌سازی,Noun/Adjective/Misc,ج,10,1,2
جنده‌خانه,Noun/Adjective/Misc,ج,9,1,2
جندی‌شاپور,Noun/Adjective/Misc,ج,10,1,2
جنون‌آمیز,Noun/Adjective/Misc,ج,9,1,2
جنون‌آور,Noun/Adjective/Misc,ج,8,1,2
جنون‌زده,Noun/Adjective/Misc,ج,8,1,2
جنگل‌داری,Noun/Adjective/Misc,ج,9,1,2
جنگل‌کاری,Noun/Adjective/Misc,ج,9,1,2
جنگ‌آزموده,Noun/Adjective/Misc,ج,10,1,2
جنگ‌آور,Noun/Adjective/Misc,ج,7,1,2
جنگ‌افروز,Noun/Adjective/Misc,ج,9,1,2
جنگ‌افروزی,Noun/Adjective/Misc,ج,10,1,2
جنگ‌افزار,Noun/Adjective/Misc,ج,9,1,2
جنگ‌جو,Noun/Adjective/Misc,ج,6,1,2
جنگ‌دیده,Noun/Adjective/Misc,ج,8,1,2
جنگ‌زده,Noun/Adjective/Misc,ج,7,1,2
جنگ‌زدگان,Noun/Adjective/Misc,ج,9,1,2
جنگ‌سالار,Noun/Adjective/Misc,ج,9,1,2
جنگ‌طلب,Noun/Adjective/Misc,ج,7,1,2
جنگ‌طلبانه,Noun/Adjective/Misc,ج,10,1,2
جنگ‌طلبی,Noun/Adjective/Misc,ج,8,1,2
جنگ‌ودعوا,Noun/Adjective/Misc,ج,9,1,2
جن‌زده,Noun/Adjective/Misc,ج,6,1,2
جن‌گرفته,Noun/Adjective/Misc,ج,8,1,2
جن‌گیر,Noun/Adjective/Misc,ج,6,1,2
جهانی‌سازی,Noun/Adjective/Misc,ج,10,1,2
جهانی‌شدن,Noun/Adjective/Misc,ج,9,1,2
جهان‌آباد,Noun/Adjective/Misc,ج,9,1,2
جهان‌آرا,Noun/Adjective/Misc,ج,8,1,2
جهان‌آفرین,Noun/Adjective/Misc,ج,10,1,2
جهان‌افروز,Noun/Adjective/Misc,ج,10,1,2
جهان‌بخش,Noun/Adjective/Misc,ج,8,1,2
جهان‌بین,Noun/Adjective/Misc,ج,8,1,2
جهان‌بینی,Noun/Adjective/Misc,ج,9,1,2
جهان‌دیده,Noun/Adjective/Misc,ج,9,1,2
جهان‌شمول,Noun/Adjective/Misc,ج,9,1,2
جهان‌نما,Noun/Adjective/Misc,ج,8,1,2
جهان‌پهلوان,Noun/Adjective/Misc,ج,11,1,2
جهان‌پیما,Noun/Adjective/Misc,ج,9,1,2
جهان‌گستر,Noun/Adjective/Misc,ج,9,1,2
جهان‌گشا,Noun/Adjective/Misc,ج,8,1,2
جهان‌گشایی,Noun/Adjective/Misc,ج,10,1,2
جهت‌بخش,Noun/Adjective/Misc,ج,7,1,2
جهت‌دار,Noun/Adjective/Misc,ج,7,1,2
جهت‌دهی,Noun/Adjective/Misc,ج,7,1,2
جهت‌گیری,Noun/Adjective/Misc,ج,8,1,2
جهت‌یاب,Noun/Adjective/Misc,ج,7,1,2
جهت‌یابی,Noun/Adjective/Misc,ج,8,1,2
جهش‌یافته,Noun/Adjective/Misc,ج,9,1,2
جهنم‌دره,Noun/Adjective/Misc,ج,8,1,2
جواب‌گو,Noun/Adjective/Misc,ج,7,1,2
جواب‌گویی,Noun/Adjective/Misc,ج,9,1,2
جوال‌دوز,Noun/Adjective/Misc,ج,8,1,2
جوانه‌دار,Noun/Adjective/Misc,ج,9,1,2
جوانه‌زده,Noun/Adjective/Misc,ج,9,1,2
جوان‌,Noun/Adjective/Misc,ج,5,1,1
جوان‌سازی,Noun/Adjective/Misc,ج,9,1,2
جوان‌مرگ,Noun/Adjective/Misc,ج,8,1,2
جوان‌مرگ‌شده,Noun/Adjective/Misc,ج,12,1,3
جوان‌کننده,Noun/Adjective/Misc,ج,10,1,2
جوان‌گرایی,Noun/Adjective/Misc,ج,10,1,2
جوجه‌تیغی,Noun/Adjective/Misc,ج,9,1,2
جوجه‌کباب,Noun/Adjective/Misc,ج,9,1,2
جوجه‌کشی,Noun/Adjective/Misc,ج,8,1,2
جوجه‌گردان,Noun/Adjective/Misc,ج,10,1,2
جوراب‌باف,Noun/Adjective/Misc,ج,9,1,2
جوراب‌بافی,Noun/Adjective/Misc,ج,10,1,2
جوش‌خورده,Noun/Adjective/Misc,ج,9,1,2
جوش‌شیرین,Noun/Adjective/Misc,ج,9,1,2
جوگندمی‌رنگ,Noun/Adjective/Misc,ج,11,1,2
جویده‌جویده,Noun/Adjective/Misc,ج,11,1,2
جگری‌رنگ,Noun/Adjective/Misc,ج,8,1,2
جیب‌بر,Noun/Adjective/Misc,ج,6,1,2
جیب‌دار,Noun/Adjective/Misc,ج,7,1,2
جیره‌بندی,Noun/Adjective/Misc,ج,9,1,2
جیره‌خوار,Noun/Adjective/Misc,ج,9,1,2
جیغ‌جیغو,Noun/Adjective/Misc,ج,8,1,2
جیغ‌زنان,Noun/Adjective/Misc,ج,8,1,2
جی‌آی‌اس,Noun/Adjective/Misc,ج,8,1,3
جی‌ال‌ایکس,Noun/Adjective/Misc,ج,10,1,3
جی‌پی‌اس,Noun/Adjective/Misc,ج,8,1,3
جامعه‌شناسی,Noun/Adjective/Misc,ج,11,1,2
جامع‌المقدمات,Noun/Adjective/Misc,ج,13,1,2
جاه‌طلبی,Noun/Adjective/Misc,ج,8,1,2
جای‌جا,Noun/Adjective/Misc,ج,6,1,2
جای‌گیری,Noun/Adjective/Misc,ج,8,1,2
جریان‌سازی,Noun/Adjective/Misc,ج,10,1,2
جلالی‌زاده,Noun/Adjective/Misc,ج,10,1,2
جمع‌گرایی,Noun/Adjective/Misc,ج,9,1,2
جمله‌سازی,Noun/Adjective/Misc,ج,9,1,2
جنبش‌کننده,Noun/Adjective/Misc,ج,10,1,2
جنسیت‌گرایی,Noun/Adjective/Misc,ج,11,1,2
جنگ‌سالاری,Noun/Adjective/Misc,ج,10,1,2
جن‌گیری,Noun/Adjective/Misc,ج,7,1,2
جهان‌شناسی,Noun/Adjective/Misc,ج,10,1,2
جوان‌زدایی,Noun/Adjective/Misc,ج,10,1,2
جوراب‌فروشی,Noun/Adjective/Misc,ج,11,1,2
جوشن‌پوش,Noun/Adjective/Misc,ج,8,1,2
جیب‌بری,Noun/Adjective/Misc,ج,7,1,2
جیک‌جیک,Noun/Adjective/Misc,ج,7,1,2
جی‌میل,Noun/Adjective/Misc,ج,6,1,2
جامه‌دان,Noun/Adjective/Misc,ج,8,1,2
جان‌کندن,Noun/Adjective/Misc,ج,8,1,2
جان‌نثاری,Noun/Adjective/Misc,ج,9,1,2
جاه‌وجلال,Noun/Adjective/Misc,ج,9,1,2
جای‌پا,Noun/Adjective/Misc,ج,6,1,2
جبه‌پوش,Noun/Adjective/Misc,ج,7,1,2
جرعه‌نوش,Noun/Adjective/Misc,ج,8,1,2
جریده‌نگار,Noun/Adjective/Misc,ج,10,1,2
جزوه‌دان,Noun/Adjective/Misc,ج,8,1,2
جزوه‌کش,Noun/Adjective/Misc,ج,7,1,2
جلای‌وطن,Noun/Adjective/Misc,ج,8,1,2
جلوه‌گری,Noun/Adjective/Misc,ج,8,1,2
جمله‌فروش,Noun/Adjective/Misc,ج,9,1,2
جنب‌وجوش,Noun/Adjective/Misc,ج,8,1,2
جیغ‌وداد,Noun/Adjective/Misc,ج,8,1,2
چابک‌سوار,Noun/Adjective/Misc,چ,9,1,2
چاخان‌بازی,Noun/Adjective/Misc,چ,10,1,2
چاره‌اندیشی,Noun/Adjective/Misc,چ,11,1,2
چاره‌جو,Noun/Adjective/Misc,چ,7,1,2
چاره‌جویی,Noun/Adjective/Misc,چ,9,1,2
چاره‌ساز,Noun/Adjective/Misc,چ,8,1,2
چارچوب‌بندی,Noun/Adjective/Misc,چ,11,1,2
چاق‌وچله,Noun/Adjective/Misc,چ,8,1,2
چاق‌کننده,Noun/Adjective/Misc,چ,9,1,2
چالش‌برانگیز,Noun/Adjective/Misc,چ,12,1,2
چاله‌وچوله,Noun/Adjective/Misc,چ,10,1,2
چانه‌زنی,Noun/Adjective/Misc,چ,8,1,2
چاه‌بهار,Noun/Adjective/Misc,چ,8,1,2
چاه‌کن,Noun/Adjective/Misc,چ,6,1,2
چاپخانه‌دار,Noun/Adjective/Misc,چ,11,1,2
چاپ‌شده,Noun/Adjective/Misc,چ,7,1,2
چاپ‌نشده,Noun/Adjective/Misc,چ,8,1,2
چاک‌دار,Noun/Adjective/Misc,چ,7,1,2
چای‌خانه,Noun/Adjective/Misc,چ,8,1,2
چای‌خوری,Noun/Adjective/Misc,چ,8,1,2
چای‌ساز,Noun/Adjective/Misc,چ,7,1,2
چای‌صاف‌کن,Noun/Adjective/Misc,چ,10,1,3
چای‌کار,Noun/Adjective/Misc,چ,7,1,2
چای‌کاری,Noun/Adjective/Misc,چ,8,1,2
چراغ‌افروز,Noun/Adjective/Misc,چ,10,1,2
چراغ‌باران,Noun/Adjective/Misc,چ,10,1,2
چراغ‌قرمز,Noun/Adjective/Misc,چ,9,1,2
چراغ‌قوه,Noun/Adjective/Misc,چ,8,1,2
چربی‌دار,Noun/Adjective/Misc,چ,8,1,2
چرب‌زبان,Noun/Adjective/Misc,چ,8,1,2
چرب‌زبانی,Noun/Adjective/Misc,چ,9,1,2
چرب‌وچیلی,Noun/Adjective/Misc,چ,9,1,2
چرخ‌بال,Noun/Adjective/Misc,چ,7,1,2
چرخ‌دستی,Noun/Adjective/Misc,چ,8,1,2
چرخ‌دنده,Noun/Adjective/Misc,چ,8,1,2
چرخ‌زنان,Noun/Adjective/Misc,چ,8,1,2
چرخ‌کار,Noun/Adjective/Misc,چ,7,1,2
چرخ‌کاری,Noun/Adjective/Misc,چ,8,1,2
چرخ‌کرده,Noun/Adjective/Misc,چ,8,1,2
چرخ‌گوشت,Noun/Adjective/Misc,چ,8,1,2
چرم‌سازی,Noun/Adjective/Misc,چ,8,1,2
چرم‌مانند,Noun/Adjective/Misc,چ,9,1,2
چروک‌خورده,Noun/Adjective/Misc,چ,10,1,2
چروک‌خوردگی,Noun/Adjective/Misc,چ,11,1,2
چرک‌خشک‌کن,Noun/Adjective/Misc,چ,10,1,3
چرک‌نویس,Noun/Adjective/Misc,چ,8,1,2
چس‌خور,Noun/Adjective/Misc,چ,6,1,2
چشمه‌سار,Noun/Adjective/Misc,چ,8,1,2
چشمه‌علی,Noun/Adjective/Misc,چ,8,1,2
چشمک‌زن,Noun/Adjective/Misc,چ,7,1,2
چشم‌انتظار,Noun/Adjective/Misc,چ,10,1,2
چشم‌انتظاری,Noun/Adjective/Misc,چ,11,1,2
چشم‌انداز,Noun/Adjective/Misc,چ,9,1,2
چشم‌بادامی,Noun/Adjective/Misc,چ,10,1,2
چشم‌بسته,Noun/Adjective/Misc,چ,8,1,2
چشم‌بند,Noun/Adjective/Misc,چ,7,1,2
چشم‌بندی,Noun/Adjective/Misc,چ,8,1,2
چشم‌به‌راه,Noun/Adjective/Misc,چ,10,1,3
چشم‌تنگ,Noun/Adjective/Misc,چ,7,1,2
چشم‌داشت,Noun/Adjective/Misc,چ,8,1,2
چشم‌درد,Noun/Adjective/Misc,چ,7,1,2
چشم‌روشنی,Noun/Adjective/Misc,چ,9,1,2
چشم‌زخم,Noun/Adjective/Misc,چ,7,1,2
چشم‌سفیدی,Noun/Adjective/Misc,چ,9,1,2
چشم‌غره,Noun/Adjective/Misc,چ,7,1,2
چشم‌نواز,Noun/Adjective/Misc,چ,8,1,2
چشم‌پاک,Noun/Adjective/Misc,چ,7,1,2
چشم‌پزشک,Noun/Adjective/Misc,چ,8,1,2
چشم‌پوشی,Noun/Adjective/Misc,چ,8,1,2
چشم‌چران,Noun/Adjective/Misc,چ,8,1,2
چشم‌چرانی,Noun/Adjective/Misc,چ,9,1,2
چشم‌گیر,Noun/Adjective/Misc,چ,7,1,2
چله‌نشین,Noun/Adjective/Misc,چ,8,1,2
چلوصاف‌کن,Noun/Adjective/Misc,چ,9,1,2
چماق‌دار,Noun/Adjective/Misc,چ,8,1,2
چمن‌آرا,Noun/Adjective/Misc,چ,7,1,2
چمن‌زن,Noun/Adjective/Misc,چ,6,1,2
چمن‌زنی,Noun/Adjective/Misc,چ,7,1,2
چمن‌کاری,Noun/Adjective/Misc,چ,8,1,2
چنان‌که,Noun/Adjective/Misc,چ,7,1,2
چندثانیه‌ای,Noun/Adjective/Misc,چ,11,1,2
چندجمله‌ای,Noun/Adjective/Misc,چ,10,1,2
چنددانه‌ای,Noun/Adjective/Misc,چ,10,1,2
چنددقیقه‌ای,Noun/Adjective/Misc,چ,11,1,2
چندرسانه‌ای,Noun/Adjective/Misc,چ,11,1,2
چندش‌آور,Noun/Adjective/Misc,چ,8,1,2
چندصفحه‌ای,Noun/Adjective/Misc,چ,10,1,2
چندهفته‌ای,Noun/Adjective/Misc,چ,10,1,2
چندکلمه‌ای,Noun/Adjective/Misc,چ,10,1,2
چندگزینه‌ای,Noun/Adjective/Misc,چ,11,1,2
چندین‌باره,Noun/Adjective/Misc,چ,10,1,2
چنگ‌اندازی,Noun/Adjective/Misc,چ,10,1,2
چنگ‌نواز,Noun/Adjective/Misc,چ,8,1,2
چهاربه‌چهار,Noun/Adjective/Misc,چ,11,1,2
چهارثانیه‌ای,Noun/Adjective/Misc,چ,12,1,2
چهارجمله‌ای,Noun/Adjective/Misc,چ,11,1,2
چهاردانه‌ای,Noun/Adjective/Misc,چ,11,1,2
چهاردرجه‌ای,Noun/Adjective/Misc,چ,11,1,2
چهاردست‌وپا,Noun/Adjective/Misc,چ,11,1,2
چهاردقیقه‌ای,Noun/Adjective/Misc,چ,12,1,2
چهارده‌بخشی,Noun/Adjective/Misc,چ,11,1,2
چهارده‌تا,Noun/Adjective/Misc,چ,9,1,2
چهارده‌تایی,Noun/Adjective/Misc,چ,11,1,2
چهارده‌ثانیه‌ای,Noun/Adjective/Misc,چ,15,1,3
چهارده‌جلدی,Noun/Adjective/Misc,چ,11,1,2
چهارده‌حالته,Noun/Adjective/Misc,چ,12,1,2
چهارده‌حالتی,Noun/Adjective/Misc,چ,12,1,2
چهارده‌حرفی,Noun/Adjective/Misc,چ,11,1,2
چهارده‌دانه‌ای,Noun/Adjective/Misc,چ,14,1,3
چهارده‌درصدی,Noun/Adjective/Misc,چ,12,1,2
چهارده‌دقیقه‌ای,Noun/Adjective/Misc,چ,15,1,3
چهارده‌رقمی,Noun/Adjective/Misc,چ,11,1,2
چهارده‌روزه,Noun/Adjective/Misc,چ,11,1,2
چهارده‌ساعته,Noun/Adjective/Misc,چ,12,1,2
چهارده‌ساعتی,Noun/Adjective/Misc,چ,12,1,2
چهارده‌ساله,Noun/Adjective/Misc,چ,11,1,2
چهارده‌سالگی,Noun/Adjective/Misc,چ,12,1,2
چهارده‌صفحه‌ای,Noun/Adjective/Misc,چ,14,1,3
چهارده‌قسمته,Noun/Adjective/Misc,چ,12,1,2
چهارده‌قسمتی,Noun/Adjective/Misc,چ,12,1,2
چهارده‌ماهه,Noun/Adjective/Misc,چ,11,1,2
چهارده‌ماهگی,Noun/Adjective/Misc,چ,12,1,2
چهارده‌میلیاردی,Noun/Adjective/Misc,چ,15,1,2
چهارده‌میلیونی,Noun/Adjective/Misc,چ,14,1,2
چهارده‌میلیون‌نفره,Noun/Adjective/Misc,چ,18,1,3
چهارده‌میلیون‌نفری,Noun/Adjective/Misc,چ,18,1,3
چهارده‌نفره,Noun/Adjective/Misc,چ,11,1,2
چهارده‌نفری,Noun/Adjective/Misc,چ,11,1,2
چهارده‌هجایی,Noun/Adjective/Misc,چ,12,1,2
چهارده‌هزارساله,Noun/Adjective/Misc,چ,15,1,2
چهارده‌هزارسالگی,Noun/Adjective/Misc,چ,16,1,2
چهارده‌هزارنفره,Noun/Adjective/Misc,چ,15,1,2
چهارده‌هزارنفری,Noun/Adjective/Misc,چ,15,1,2
چهارده‌هفته‌ای,Noun/Adjective/Misc,چ,14,1,3
چهارده‌گانه,Noun/Adjective/Misc,چ,11,1,2
چهارشنبه‌سوری,Noun/Adjective/Misc,چ,13,1,2
چهارصدثانیه‌ای,Noun/Adjective/Misc,چ,14,1,2
چهارصددانه‌ای,Noun/Adjective/Misc,چ,13,1,2
چهارصددقیقه‌ای,Noun/Adjective/Misc,چ,14,1,2
چهارصدصفحه‌ای,Noun/Adjective/Misc,چ,13,1,2
چهارصدمیلیون‌نفره,Noun/Adjective/Misc,چ,17,1,2
چهارصدمیلیون‌نفری,Noun/Adjective/Misc,چ,17,1,2
چهارصدهفته‌ای,Noun/Adjective/Misc,چ,13,1,2
چهارصدکلمه‌ای,Noun/Adjective/Misc,چ,13,1,2
چهارصفحه‌ای,Noun/Adjective/Misc,چ,11,1,2
چهارمیلیون‌نفره,Noun/Adjective/Misc,چ,15,1,2
چهارمیلیون‌نفری,Noun/Adjective/Misc,چ,15,1,2
چهارهزارصفحه‌ای,Noun/Adjective/Misc,چ,15,1,2
چهارهفته‌ای,Noun/Adjective/Misc,چ,11,1,2
چهارپرده‌ای,Noun/Adjective/Misc,چ,11,1,2
چهارپنج‌روزه,Noun/Adjective/Misc,چ,12,1,2
چهارپنج‌ساله,Noun/Adjective/Misc,چ,12,1,2
چهارپنج‌ماهه,Noun/Adjective/Misc,چ,12,1,2
چهارکلمه‌ای,Noun/Adjective/Misc,چ,11,1,2
چهارگزینه‌ای,Noun/Adjective/Misc,چ,12,1,2
چهره‌آرا,Noun/Adjective/Misc,چ,8,1,2
چهره‌سازی,Noun/Adjective/Misc,چ,9,1,2
چهره‌نما,Noun/Adjective/Misc,چ,8,1,2
چهره‌نگار,Noun/Adjective/Misc,چ,9,1,2
چهره‌نگاری,Noun/Adjective/Misc,چ,10,1,2
چهره‌پرداز,Noun/Adjective/Misc,چ,10,1,2
چهره‌پردازی,Noun/Adjective/Misc,چ,11,1,2
چهل‌بخشی,Noun/Adjective/Misc,چ,8,1,2
چهل‌تا,Noun/Adjective/Misc,چ,6,1,2
چهل‌تاچهل‌تا,Noun/Adjective/Misc,چ,12,1,3
چهل‌تایی,Noun/Adjective/Misc,چ,8,1,2
چهل‌تنان,Noun/Adjective/Misc,چ,8,1,2
چهل‌ثانیه‌ای,Noun/Adjective/Misc,چ,12,1,3
چهل‌جلدی,Noun/Adjective/Misc,چ,8,1,2
چهل‌حالته,Noun/Adjective/Misc,چ,9,1,2
چهل‌حالتی,Noun/Adjective/Misc,چ,9,1,2
چهل‌حرفی,Noun/Adjective/Misc,چ,8,1,2
چهل‌دانه‌ای,Noun/Adjective/Misc,چ,11,1,3
چهل‌دختران,Noun/Adjective/Misc,چ,10,1,2
چهل‌درصدی,Noun/Adjective/Misc,چ,9,1,2
چهل‌دقیقه‌ای,Noun/Adjective/Misc,چ,12,1,3
چهل‌رقمی,Noun/Adjective/Misc,چ,8,1,2
چهل‌روزه,Noun/Adjective/Misc,چ,8,1,2
چهل‌ساعته,Noun/Adjective/Misc,چ,9,1,2
چهل‌ساعتی,Noun/Adjective/Misc,چ,9,1,2
چهل‌ساله,Noun/Adjective/Misc,چ,8,1,2
چهل‌سالگی,Noun/Adjective/Misc,چ,9,1,2
چهل‌ستون,Noun/Adjective/Misc,چ,8,1,2
چهل‌صفحه‌ای,Noun/Adjective/Misc,چ,11,1,3
چهل‌قسمته,Noun/Adjective/Misc,چ,9,1,2
چهل‌قسمتی,Noun/Adjective/Misc,چ,9,1,2
چهل‌ماهه,Noun/Adjective/Misc,چ,8,1,2
چهل‌ماهگی,Noun/Adjective/Misc,چ,9,1,2
چهل‌میلیاردی,Noun/Adjective/Misc,چ,12,1,2
چهل‌میلیونی,Noun/Adjective/Misc,چ,11,1,2
چهل‌میلیون‌نفره,Noun/Adjective/Misc,چ,15,1,3
چهل‌میلیون‌نفری,Noun/Adjective/Misc,چ,15,1,3
چهل‌نفره,Noun/Adjective/Misc,چ,8,1,2
چهل‌نفری,Noun/Adjective/Misc,چ,8,1,2
چهل‌هجایی,Noun/Adjective/Misc,چ,9,1,2
چهل‌هزارساله,Noun/Adjective/Misc,چ,12,1,2
چهل‌هزارنفره,Noun/Adjective/Misc,چ,12,1,2
چهل‌هزارنفری,Noun/Adjective/Misc,چ,12,1,2
چهل‌هزاری,Noun/Adjective/Misc,چ,9,1,2
چهل‌هفته‌ای,Noun/Adjective/Misc,چ,11,1,3
چهل‌ودو,Noun/Adjective/Misc,چ,7,1,2
چهل‌ودوساله,Noun/Adjective/Misc,چ,11,1,2
چهل‌ودوسالگی,Noun/Adjective/Misc,چ,12,1,2
چهل‌وسه,Noun/Adjective/Misc,چ,7,1,2
چهل‌وسه‌ساله,Noun/Adjective/Misc,چ,12,1,3
چهل‌وسه‌سالگی,Noun/Adjective/Misc,چ,13,1,3
چهل‌وشش,Noun/Adjective/Misc,چ,7,1,2
چهل‌وشش‌ساله,Noun/Adjective/Misc,چ,12,1,3
چهل‌وشش‌سالگی,Noun/Adjective/Misc,چ,13,1,3
چهل‌ونه,Noun/Adjective/Misc,چ,7,1,2
چهل‌ونه‌ساله,Noun/Adjective/Misc,چ,12,1,3
چهل‌ونه‌سالگی,Noun/Adjective/Misc,چ,13,1,3
چهل‌وهشت,Noun/Adjective/Misc,چ,8,1,2
چهل‌وهشت‌ساله,Noun/Adjective/Misc,چ,13,1,3
چهل‌وهشت‌سالگی,Noun/Adjective/Misc,چ,14,1,3
چهل‌وهفت,Noun/Adjective/Misc,چ,8,1,2
چهل‌وهفت‌ساله,Noun/Adjective/Misc,چ,13,1,3
چهل‌وهفت‌سالگی,Noun/Adjective/Misc,چ,14,1,3
چهل‌وپنج,Noun/Adjective/Misc,چ,8,1,2
چهل‌وپنج‌ساله,Noun/Adjective/Misc,چ,13,1,3
چهل‌وپنج‌سالگی,Noun/Adjective/Misc,چ,14,1,3
چهل‌وچند,Noun/Adjective/Misc,چ,8,1,2
چهل‌وچندساله,Noun/Adjective/Misc,چ,12,1,2
چهل‌وچندسالگی,Noun/Adjective/Misc,چ,13,1,2
چهل‌وچهار,Noun/Adjective/Misc,چ,9,1,2
چهل‌وچهارساله,Noun/Adjective/Misc,چ,13,1,2
چهل‌وچهارسالگی,Noun/Adjective/Misc,چ,14,1,2
چهل‌ویک,Noun/Adjective/Misc,چ,7,1,2
چهل‌ویک‌ساله,Noun/Adjective/Misc,چ,12,1,3
چهل‌ویک‌سالگی,Noun/Adjective/Misc,چ,13,1,3
چهل‌کاره,Noun/Adjective/Misc,چ,8,1,2
چهل‌کلمه‌ای,Noun/Adjective/Misc,چ,11,1,3
چهل‌گانه,Noun/Adjective/Misc,چ,8,1,2
چه‌بسا,Noun/Adjective/Misc,چ,6,1,2
چه‌کاره,Noun/Adjective/Misc,چ,7,1,2
چوب‌بر,Noun/Adjective/Misc,چ,6,1,2
چوب‌تراش,Noun/Adjective/Misc,چ,8,1,2
چوب‌خط,Noun/Adjective/Misc,چ,6,1,2
چوب‌دار,Noun/Adjective/Misc,چ,7,1,2
چوب‌دست,Noun/Adjective/Misc,چ,7,1,2
چوب‌فروش,Noun/Adjective/Misc,چ,8,1,2
چوب‌فروشی,Noun/Adjective/Misc,چ,9,1,2
چوب‌پنبه,Noun/Adjective/Misc,چ,8,1,2
چوگان‌باز,Noun/Adjective/Misc,چ,9,1,2
چوگان‌بازی,Noun/Adjective/Misc,چ,10,1,2
چپ‌دست,Noun/Adjective/Misc,چ,6,1,2
چپ‌رو,Noun/Adjective/Misc,چ,5,1,2
چپ‌پا,Noun/Adjective/Misc,چ,5,1,2
چپ‌چشم,Noun/Adjective/Misc,چ,6,1,2
چپ‌چین,Noun/Adjective/Misc,چ,6,1,2
چپ‌گرا,Noun/Adjective/Misc,چ,6,1,2
چپ‌گرایانه,Noun/Adjective/Misc,چ,10,1,2
چپ‌گرد,Noun/Adjective/Misc,چ,6,1,2
چکامه‌سرا,Noun/Adjective/Misc,چ,9,1,2
چکش‌خوار,Noun/Adjective/Misc,چ,8,1,2
چکش‌کاری,Noun/Adjective/Misc,چ,8,1,2
چکمه‌پوش,Noun/Adjective/Misc,چ,8,1,2
چکیده‌نویسی,Noun/Adjective/Misc,چ,11,1,2
چک‌اسلواکی,Noun/Adjective/Misc,چ,10,1,2
چک‌لیست,Noun/Adjective/Misc,چ,7,1,2
چک‌پول,Noun/Adjective/Misc,چ,6,1,2
چیت‌ساز,Noun/Adjective/Misc,چ,7,1,2
چیره‌دست,Noun/Adjective/Misc,چ,8,1,2
چیره‌دستی,Noun/Adjective/Misc,چ,9,1,2
چینه‌دان,Noun/Adjective/Misc,چ,8,1,2
چینی‌آلات,Noun/Adjective/Misc,چ,9,1,2
چینی‌بندزن,Noun/Adjective/Misc,چ,10,1,2
چینی‌زبان,Noun/Adjective/Misc,چ,9,1,2
چینی‌ساز,Noun/Adjective/Misc,چ,8,1,2
چینی‌فروش,Noun/Adjective/Misc,چ,9,1,2
چین‌خورده,Noun/Adjective/Misc,چ,9,1,2
چین‌خوردگی,Noun/Adjective/Misc,چ,10,1,2
چین‌دار,Noun/Adjective/Misc,چ,7,1,2
چابک‌سواری,Noun/Adjective/Misc,چ,10,1,2
چاره‌اندیش,Noun/Adjective/Misc,چ,10,1,2
چراغ‌خواب,Noun/Adjective/Misc,چ,9,1,2
چراغ‌گردان,Noun/Adjective/Misc,چ,10,1,2
چغا‌زنبیل,Noun/Adjective/Misc,چ,9,1,2
چهره‌آرایی,Noun/Adjective/Misc,چ,10,1,2
چه‌چه,Noun/Adjective/Misc,چ,5,1,2
چوب‌دستی,Noun/Adjective/Misc,چ,8,1,2
چوب‌لباسی,Noun/Adjective/Misc,چ,9,1,2
چوب‌کاری,Noun/Adjective/Misc,چ,8,1,2
چوپان‌زاده,Noun/Adjective/Misc,چ,10,1,2
چابک‌اندیش,Noun/Adjective/Misc,چ,10,1,2
چاچول‌باز,Noun/Adjective/Misc,چ,9,1,2
چاچول‌بازی,Noun/Adjective/Misc,چ,10,1,2
چاره‌پذیر,Noun/Adjective/Misc,چ,9,1,2
چاره‌پذیری,Noun/Adjective/Misc,چ,10,1,2
چاره‌سازی,Noun/Adjective/Misc,چ,9,1,2
چاره‌گر,Noun/Adjective/Misc,چ,7,1,2
چاق‌سلامتی,Noun/Adjective/Misc,چ,10,1,2
چاک‌چاک,Noun/Adjective/Misc,چ,7,1,2
چالش‌انگیز,Noun/Adjective/Misc,چ,10,1,2
چاله‌چوله,Noun/Adjective/Misc,چ,9,1,2
چاله‌میدونی,Noun/Adjective/Misc,چ,11,1,2
چامه‌سرا,Noun/Adjective/Misc,چ,8,1,2
چاهک‌روب,Noun/Adjective/Misc,چ,8,1,2
چاه‌کنی,Noun/Adjective/Misc,چ,7,1,2
چپ‌اندرقیچی,Noun/Adjective/Misc,چ,11,1,2
چپ‌روی,Noun/Adjective/Misc,چ,6,1,2
چراغ‌آویز,Noun/Adjective/Misc,چ,9,1,2
چراغ‌واره,Noun/Adjective/Misc,چ,9,1,2
چرب‌وچیله,Noun/Adjective/Misc,چ,9,1,2
چرت‌آلود,Noun/Adjective/Misc,چ,8,1,2
چرت‌وپرت,Noun/Adjective/Misc,چ,8,1,2
چرخ‌انداز,Noun/Adjective/Misc,چ,9,1,2
چرک‌آلود,Noun/Adjective/Misc,چ,8,1,2
چرک‌تاب,Noun/Adjective/Misc,چ,7,1,2
چرم‌ساز,Noun/Adjective/Misc,چ,7,1,2
چلتوک‌زار,Noun/Adjective/Misc,چ,9,1,2
چله‌نشینی,Noun/Adjective/Misc,چ,9,1,2
چمن‌پیرا,Noun/Adjective/Misc,چ,8,1,2
چم‌وخم,Noun/Adjective/Misc,چ,6,1,2
چنگ‌زنی,Noun/Adjective/Misc,چ,7,1,2
چوب‌بست,Noun/Adjective/Misc,چ,7,1,2
چوب‌تراشی,Noun/Adjective/Misc,چ,9,1,2
چون‌وچرا,Noun/Adjective/Misc,چ,8,1,2
چیره‌زبان,Noun/Adjective/Misc,چ,9,1,2
چین‌برچین,Noun/Adjective/Misc,چ,9,1,2
حاتم‌بخشی,Noun/Adjective/Misc,ح,9,1,2
حاجت‌روا,Noun/Adjective/Misc,ح,8,1,2
حاجی‌آباد,Noun/Adjective/Misc,ح,9,1,2
حاجی‌زاده,Noun/Adjective/Misc,ح,9,1,2
حاجی‌فیروز,Noun/Adjective/Misc,ح,10,1,2
حاج‌بادام,Noun/Adjective/Misc,ح,9,1,2
حادثه‌آفرین,Noun/Adjective/Misc,ح,11,1,2
حادثه‌آفرینی,Noun/Adjective/Misc,ح,12,1,2
حادثه‌جو,Noun/Adjective/Misc,ح,8,1,2
حادثه‌خیز,Noun/Adjective/Misc,ح,9,1,2
حادثه‌دیده,Noun/Adjective/Misc,ح,10,1,2
حادثه‌ساز,Noun/Adjective/Misc,ح,9,1,2
حادث‌شده,Noun/Adjective/Misc,ح,8,1,2
حاشیه‌بندی,Noun/Adjective/Misc,ح,10,1,2
حاشیه‌دار,Noun/Adjective/Misc,ح,9,1,2
حاشیه‌دوز,Noun/Adjective/Misc,ح,9,1,2
حاشیه‌دوزی,Noun/Adjective/Misc,ح,10,1,2
حاشیه‌سازی,Noun/Adjective/Misc,ح,10,1,2
حاشیه‌نشین,Noun/Adjective/Misc,ح,10,1,2
حاشیه‌نشینی,Noun/Adjective/Misc,ح,11,1,2
حاشیه‌نویس,Noun/Adjective/Misc,ح,10,1,2
حاشیه‌نویسی,Noun/Adjective/Misc,ح,11,1,2
حاشیه‌نگاری,Noun/Adjective/Misc,ح,11,1,2
حاصل‌شده,Noun/Adjective/Misc,ح,8,1,2
حاصل‌ضرب,Noun/Adjective/Misc,ح,8,1,2
حافظه‌دار,Noun/Adjective/Misc,ح,9,1,2
حافظ‌شناسی,Noun/Adjective/Misc,ح,10,1,2
حافظ‌نامه,Noun/Adjective/Misc,ح,9,1,2
حافظ‌پژوهی,Noun/Adjective/Misc,ح,10,1,2
حالت‌دهنده,Noun/Adjective/Misc,ح,10,1,2
حالت‌دهی,Noun/Adjective/Misc,ح,8,1,2
حال‌آنکه,Noun/Adjective/Misc,ح,8,1,2
حال‌به‌هم‌زن,Noun/Adjective/Misc,ح,12,1,4
حال‌وروز,Noun/Adjective/Misc,ح,8,1,2
حال‌گیری,Noun/Adjective/Misc,ح,8,1,2
حبل‌الله,Noun/Adjective/Misc,ح,8,1,2
حبل‌المتین,Noun/Adjective/Misc,ح,10,1,2
حبیب‌الله,Noun/Adjective/Misc,ح,9,1,2
حتی‌الامکان,Noun/Adjective/Misc,ح,11,1,2
حتی‌المقدور,Noun/Adjective/Misc,ح,11,1,2
حجاری‌شده,Noun/Adjective/Misc,ح,9,1,2
حجت‌آباد,Noun/Adjective/Misc,ح,8,1,2
حجت‌الاسلام,Noun/Adjective/Misc,ح,11,1,2
حجج‌اسلام,Noun/Adjective/Misc,ح,9,1,2
حجله‌نشین,Noun/Adjective/Misc,ح,9,1,2
حجله‌گاه,Noun/Adjective/Misc,ح,8,1,2
حج‌گزار,Noun/Adjective/Misc,ح,7,1,2
حدیث‌شناسی,Noun/Adjective/Misc,ح,10,1,2
حدیقه‌الحقیقه,Noun/Adjective/Misc,ح,13,1,2
حذف‌شده,Noun/Adjective/Misc,ح,7,1,2
حذف‌کننده,Noun/Adjective/Misc,ح,9,1,2
حراج‌کننده,Noun/Adjective/Misc,ح,10,1,2
حرارت‌سنج,Noun/Adjective/Misc,ح,9,1,2
حرام‌خوار,Noun/Adjective/Misc,ح,9,1,2
حرام‌خواری,Noun/Adjective/Misc,ح,10,1,2
حرام‌زاده,Noun/Adjective/Misc,ح,9,1,2
حرام‌زادگی,Noun/Adjective/Misc,ح,10,1,2
حرام‌لقمه,Noun/Adjective/Misc,ح,9,1,2
حرام‌لقمگی,Noun/Adjective/Misc,ح,10,1,2
حرام‌گوشت,Noun/Adjective/Misc,ح,9,1,2
حرص‌آوری,Noun/Adjective/Misc,ح,8,1,2
حرفه‌آموزی,Noun/Adjective/Misc,ح,10,1,2
حرفه‌ای,Noun/Adjective/Misc,ح,7,1,2
حرف‌اضافه,Noun/Adjective/Misc,ح,9,1,2
حرف‌اضافه‌ای,Noun/Adjective/Misc,ح,12,1,3
حرف‌شنو,Noun/Adjective/Misc,ح,7,1,2
حرف‌شنوی,Noun/Adjective/Misc,ح,8,1,2
حرمت‌شکن,Noun/Adjective/Misc,ح,8,1,2
حرم‌خانه,Noun/Adjective/Misc,ح,8,1,2
حرم‌سرا,Noun/Adjective/Misc,ح,7,1,2
حروفچینی‌شده,Noun/Adjective/Misc,ح,12,1,2
حروف‌نگار,Noun/Adjective/Misc,ح,9,1,2
حروف‌چین,Noun/Adjective/Misc,ح,8,1,2
حروف‌چینی,Noun/Adjective/Misc,ح,9,1,2
حرکت‌کننده,Noun/Adjective/Misc,ح,10,1,2
حرکت‌گذاری,Noun/Adjective/Misc,ح,10,1,2
حریت‌خواه,Noun/Adjective/Misc,ح,9,1,2
حریم‌شکن,Noun/Adjective/Misc,ح,8,1,2
حزب‌الله,Noun/Adjective/Misc,ح,8,1,2
حزب‌اللهی,Noun/Adjective/Misc,ح,9,1,2
حزب‌بازی,Noun/Adjective/Misc,ح,8,1,2
حزن‌آور,Noun/Adjective/Misc,ح,7,1,2
حزن‌انگیز,Noun/Adjective/Misc,ح,9,1,2
حساب‌رس,Noun/Adjective/Misc,ح,7,1,2
حساب‌رسی,Noun/Adjective/Misc,ح,8,1,2
حساب‌سازی,Noun/Adjective/Misc,ح,9,1,2
حساب‌شده,Noun/Adjective/Misc,ح,8,1,2
حساب‌نشده,Noun/Adjective/Misc,ح,9,1,2
حساب‌وکتاب,Noun/Adjective/Misc,ح,10,1,2
حساسیت‌زا,Noun/Adjective/Misc,ح,9,1,2
حساسیت‌زدایی,Noun/Adjective/Misc,ح,12,1,2
حسام‌الدین,Noun/Adjective/Misc,ح,10,1,2
حسب‌الامر,Noun/Adjective/Misc,ح,9,1,2
حسرت‌آفرین,Noun/Adjective/Misc,ح,10,1,2
حسرت‌آور,Noun/Adjective/Misc,ح,8,1,2
حسرت‌بار,Noun/Adjective/Misc,ح,8,1,2
حسرت‌خور,Noun/Adjective/Misc,ح,8,1,2
حسرت‌زده,Noun/Adjective/Misc,ح,8,1,2
حسن‌آباد,Noun/Adjective/Misc,ح,8,1,2
حسن‌زاده,Noun/Adjective/Misc,ح,8,1,2
حسن‌پور,Noun/Adjective/Misc,ح,7,1,2
حسین‌آباد,Noun/Adjective/Misc,ح,9,1,2
حسین‌علی,Noun/Adjective/Misc,ح,8,1,2
حشره‌خوار,Noun/Adjective/Misc,ح,9,1,2
حشره‌شناس,Noun/Adjective/Misc,ح,9,1,2
حشره‌کش,Noun/Adjective/Misc,ح,7,1,2
حشمت‌الله,Noun/Adjective/Misc,ح,9,1,2
حضرت‌عالی,Noun/Adjective/Misc,ح,9,1,2
حفاری‌شده,Noun/Adjective/Misc,ح,9,1,2
حفاظت‌شده,Noun/Adjective/Misc,ح,9,1,2
حفره‌دار,Noun/Adjective/Misc,ح,8,1,2
حفظ‌شده,Noun/Adjective/Misc,ح,7,1,2
حفظ‌کننده,Noun/Adjective/Misc,ح,9,1,2
حقه‌باز,Noun/Adjective/Misc,ح,7,1,2
حقوق‌بگیر,Noun/Adjective/Misc,ح,9,1,2
حقوق‌دان,Noun/Adjective/Misc,ح,8,1,2
حقوق‌گیرنده,Noun/Adjective/Misc,ح,11,1,2
حقیقت‌بین,Noun/Adjective/Misc,ح,9,1,2
حقیقت‌بینی,Noun/Adjective/Misc,ح,10,1,2
حقیقت‌جو,Noun/Adjective/Misc,ح,8,1,2
حقیقت‌جویی,Noun/Adjective/Misc,ح,10,1,2
حقیقت‌طلب,Noun/Adjective/Misc,ح,9,1,2
حقیقت‌طلبی,Noun/Adjective/Misc,ح,10,1,2
حقیقت‌گو,Noun/Adjective/Misc,ح,8,1,2
حقیقت‌گویی,Noun/Adjective/Misc,ح,10,1,2
حقیقت‌یاب,Noun/Adjective/Misc,ح,9,1,2
حق‌التألیف,Noun/Adjective/Misc,ح,10,1,2
حق‌التدریس,Noun/Adjective/Misc,ح,10,1,2
حق‌التصنیف,Noun/Adjective/Misc,ح,10,1,2
حق‌الزحمه,Noun/Adjective/Misc,ح,9,1,2
حق‌السکوت,Noun/Adjective/Misc,ح,9,1,2
حق‌العمل,Noun/Adjective/Misc,ح,8,1,2
حق‌الله,Noun/Adjective/Misc,ح,7,1,2
حق‌الناس,Noun/Adjective/Misc,ح,8,1,2
حق‌الوکاله,Noun/Adjective/Misc,ح,10,1,2
حق‌به‌جانب,Noun/Adjective/Misc,ح,10,1,3
حق‌بین,Noun/Adjective/Misc,ح,6,1,2
حق‌تعالی,Noun/Adjective/Misc,ح,8,1,2
حق‌جو,Noun/Adjective/Misc,ح,5,1,2
حق‌جویی,Noun/Adjective/Misc,ح,7,1,2
حق‌خواه,Noun/Adjective/Misc,ح,7,1,2
حق‌دوست,Noun/Adjective/Misc,ح,7,1,2
حق‌ستیزی,Noun/Adjective/Misc,ح,8,1,2
حق‌شناس,Noun/Adjective/Misc,ح,7,1,2
حق‌شناسانه,Noun/Adjective/Misc,ح,10,1,2
حق‌شناسی,Noun/Adjective/Misc,ح,8,1,2
حق‌طلب,Noun/Adjective/Misc,ح,6,1,2
حق‌طلبانه,Noun/Adjective/Misc,ح,9,1,2
حق‌نشناس,Noun/Adjective/Misc,ح,8,1,2
حق‌وحقوق,Noun/Adjective/Misc,ح,8,1,2
حق‌پرست,Noun/Adjective/Misc,ح,7,1,2
حق‌پرستی,Noun/Adjective/Misc,ح,8,1,2
حق‌کش,Noun/Adjective/Misc,ح,5,1,2
حق‌گذاری,Noun/Adjective/Misc,ح,8,1,2
حق‌گرا,Noun/Adjective/Misc,ح,6,1,2
حق‌گو,Noun/Adjective/Misc,ح,5,1,2
حلاجی‌شده,Noun/Adjective/Misc,ح,9,1,2
حلال‌خور,Noun/Adjective/Misc,ح,8,1,2
حلال‌زاده,Noun/Adjective/Misc,ح,9,1,2
حلال‌زادگی,Noun/Adjective/Misc,ح,10,1,2
حلال‌گوشت,Noun/Adjective/Misc,ح,9,1,2
حلبی‌آباد,Noun/Adjective/Misc,ح,9,1,2
حلبی‌ساز,Noun/Adjective/Misc,ح,8,1,2
حلقه‌حلقه,Noun/Adjective/Misc,ح,9,1,2
حلقه‌زده,Noun/Adjective/Misc,ح,8,1,2
حلق‌آویز,Noun/Adjective/Misc,ح,8,1,2
حلیم‌پز,Noun/Adjective/Misc,ح,7,1,2
حل‌المسائل,Noun/Adjective/Misc,ح,10,1,2
حل‌شدنی,Noun/Adjective/Misc,ح,7,1,2
حل‌شده,Noun/Adjective/Misc,ح,6,1,2
حل‌نشده,Noun/Adjective/Misc,ح,7,1,2
حل‌وفصل,Noun/Adjective/Misc,ح,7,1,2
حل‌کننده,Noun/Adjective/Misc,ح,8,1,2
حماسه‌آفرین,Noun/Adjective/Misc,ح,11,1,2
حماسه‌آفرینی,Noun/Adjective/Misc,ح,12,1,2
حماسه‌ساز,Noun/Adjective/Misc,ح,9,1,2
حماسه‌سرا,Noun/Adjective/Misc,ح,9,1,2
حماسه‌سرایی,Noun/Adjective/Misc,ح,11,1,2
حمام‌کرده,Noun/Adjective/Misc,ح,9,1,2
حمایت‌آمیز,Noun/Adjective/Misc,ح,10,1,2
حمایت‌شده,Noun/Adjective/Misc,ح,9,1,2
حمایت‌کننده,Noun/Adjective/Misc,ح,11,1,2
حمایت‌گرانه,Noun/Adjective/Misc,ح,11,1,2
حمله‌ور,Noun/Adjective/Misc,ح,7,1,2
حمله‌کننده,Noun/Adjective/Misc,ح,10,1,2
حمل‌ونقل,Noun/Adjective/Misc,ح,8,1,2
حمل‌کننده,Noun/Adjective/Misc,ح,9,1,2
حواس‌پرت,Noun/Adjective/Misc,ح,8,1,2
حواس‌پرتی,Noun/Adjective/Misc,ح,9,1,2
حوری‌وش,Noun/Adjective/Misc,ح,7,1,2
حوض‌خانه,Noun/Adjective/Misc,ح,8,1,2
حول‌وحوش,Noun/Adjective/Misc,ح,8,1,2
حومه‌نشین,Noun/Adjective/Misc,ح,9,1,2
حکایت‌وار,Noun/Adjective/Misc,ح,9,1,2
حکایت‌پرداز,Noun/Adjective/Misc,ح,11,1,2
حکایت‌کننده,Noun/Adjective/Misc,ح,11,1,2
حکایت‌گر,Noun/Adjective/Misc,ح,8,1,2
حکمت‌آموز,Noun/Adjective/Misc,ح,9,1,2
حکمت‌آمیز,Noun/Adjective/Misc,ح,9,1,2
حکمت‌پرور,Noun/Adjective/Misc,ح,9,1,2
حکم‌آباد,Noun/Adjective/Misc,ح,8,1,2
حکم‌فرما,Noun/Adjective/Misc,ح,8,1,2
حکومت‌داری,Noun/Adjective/Misc,ح,10,1,2
حکومت‌محور,Noun/Adjective/Misc,ح,10,1,2
حکومت‌نظامی,Noun/Adjective/Misc,ح,11,1,2
حکومت‌کننده,Noun/Adjective/Misc,ح,11,1,2
حکومت‌گر,Noun/Adjective/Misc,ح,8,1,2
حکومت‌گران,Noun/Adjective/Misc,ح,10,1,2
حکیم‌باشی,Noun/Adjective/Misc,ح,9,1,2
حک‌شده,Noun/Adjective/Misc,ح,6,1,2
حک‌کننده,Noun/Adjective/Misc,ح,8,1,2
حیات‌بخش,Noun/Adjective/Misc,ح,8,1,2
حیات‌بخشی,Noun/Adjective/Misc,ح,9,1,2
حیاط‌خلوت,Noun/Adjective/Misc,ح,9,1,2
حیرت‌آور,Noun/Adjective/Misc,ح,8,1,2
حیرت‌انگیز,Noun/Adjective/Misc,ح,10,1,2
حیرت‌برانگیز,Noun/Adjective/Misc,ح,12,1,2
حیرت‌زده,Noun/Adjective/Misc,ح,8,1,2
حیف‌ومیل,Noun/Adjective/Misc,ح,8,1,2
حیله‌باز,Noun/Adjective/Misc,ح,8,1,2
حیله‌بازی,Noun/Adjective/Misc,ح,9,1,2
حیله‌گر,Noun/Adjective/Misc,ح,7,1,2
حیوان‌صفت,Noun/Adjective/Misc,ح,9,1,2
حیوان‌وار,Noun/Adjective/Misc,ح,9,1,2
حاشیه‌رو,Noun/Adjective/Misc,ح,8,1,2
حبیب‌السیر,Noun/Adjective/Misc,ح,10,1,2
حجث‌الاسلام,Noun/Adjective/Misc,ح,11,1,2
حجه‌الحق,Noun/Adjective/Misc,ح,8,1,2
حرف‌نویسی,Noun/Adjective/Misc,ح,9,1,2
حرمت‌شکنی,Noun/Adjective/Misc,ح,9,1,2
حریم‌شکنی,Noun/Adjective/Misc,ح,9,1,2
حزب‌گرایی,Noun/Adjective/Misc,ح,9,1,2
حساب‌دهی,Noun/Adjective/Misc,ح,8,1,2
حساب‌گیری,Noun/Adjective/Misc,ح,9,1,2
حسن‌ظن,Noun/Adjective/Misc,ح,6,1,2
حسین‌جان,Noun/Adjective/Misc,ح,8,1,2
حسین‌جانی,Noun/Adjective/Misc,ح,9,1,2
حس‌گرایی,Noun/Adjective/Misc,ح,8,1,2
حقه‌بازی,Noun/Adjective/Misc,ح,8,1,2
حقیقت‌دوست,Noun/Adjective/Misc,ح,10,1,2
حقیقت‌مانندی,Noun/Adjective/Misc,ح,12,1,2
حق‌السهم,Noun/Adjective/Misc,ح,8,1,2
حق‌النفس,Noun/Adjective/Misc,ح,8,1,2
حق‌طلبی,Noun/Adjective/Misc,ح,7,1,2
حق‌کشی,Noun/Adjective/Misc,ح,6,1,2
حق‌گزاری,Noun/Adjective/Misc,ح,8,1,2
حکم‌فرمایی,Noun/Adjective/Misc,ح,10,1,2
حکومت‌شناسی,Noun/Adjective/Misc,ح,11,1,2
حیوان‌شناس,Noun/Adjective/Misc,ح,10,1,2
حاجت‌خواه,Noun/Adjective/Misc,ح,9,1,2
حادثه‌جویی,Noun/Adjective/Misc,ح,10,1,2
حاشیه‌ای,Noun/Adjective/Misc,ح,8,1,2
حجره‌دار,Noun/Adjective/Misc,ح,8,1,2
حدیث‌دان,Noun/Adjective/Misc,ح,8,1,2
حذف‌ناپذیر,Noun/Adjective/Misc,ح,10,1,2
حرام‌توشه,Noun/Adjective/Misc,ح,9,1,2
حرام‌مغز,Noun/Adjective/Misc,ح,8,1,2
حرف‌به‌حرف,Noun/Adjective/Misc,ح,10,1,3
حرف‌شناس,Noun/Adjective/Misc,ح,8,1,2
حرف‌گیر,Noun/Adjective/Misc,ح,7,1,2
حرف‌گیری,Noun/Adjective/Misc,ح,8,1,2
حرف‌نشنو,Noun/Adjective/Misc,ح,8,1,2
حرف‌وحدیث,Noun/Adjective/Misc,ح,9,1,2
حرکت‌دار,Noun/Adjective/Misc,ح,8,1,2
حرمان‌زده,Noun/Adjective/Misc,ح,9,1,2
حروف‌نگاری,Noun/Adjective/Misc,ح,10,1,2
حریت‌خواهی,Noun/Adjective/Misc,ح,10,1,2
حزن‌آلود,Noun/Adjective/Misc,ح,8,1,2
حسادت‌آمیز,Noun/Adjective/Misc,ح,10,1,2
حسب‌الحال,Noun/Adjective/Misc,ح,9,1,2
حسرت‌آلود,Noun/Adjective/Misc,ح,9,1,2
حسن‌شناس,Noun/Adjective/Misc,ح,8,1,2
حسن‌فروش,Noun/Adjective/Misc,ح,8,1,2
حسن‌فروشی,Noun/Adjective/Misc,ح,9,1,2
حشم‌دار,Noun/Adjective/Misc,ح,7,1,2
حصه‌دار,Noun/Adjective/Misc,ح,7,1,2
حقارت‌آمیز,Noun/Adjective/Misc,ح,10,1,2
حق‌البوق,Noun/Adjective/Misc,ح,8,1,2
حق‌التحقیق,Noun/Adjective/Misc,ح,10,1,2
حق‌الشرب,Noun/Adjective/Misc,ح,8,1,2
حق‌العبور,Noun/Adjective/Misc,ح,9,1,2
حق‌العلاج,Noun/Adjective/Misc,ح,9,1,2
حق‌القدم,Noun/Adjective/Misc,ح,8,1,2
حق‌المرتع,Noun/Adjective/Misc,ح,9,1,2
حق‌الورود,Noun/Adjective/Misc,ح,9,1,2
حق‌بینانه,Noun/Adjective/Misc,ح,9,1,2
حق‌پژوه,Noun/Adjective/Misc,ح,7,1,2
حق‌مدار,Noun/Adjective/Misc,ح,7,1,2
حق‌ناشناس,Noun/Adjective/Misc,ح,9,1,2
حق‌ناشناسی,Noun/Adjective/Misc,ح,10,1,2
حق‌وحساب‌دان,Noun/Adjective/Misc,ح,12,1,3
حقیقت‌خواهی,Noun/Adjective/Misc,ح,11,1,2
حکمحکمت‌آمیز,Noun/Adjective/Misc,ح,12,1,2
حک‌واصلاح,Noun/Adjective/Misc,ح,9,1,2
حکومت‌نشین,Noun/Adjective/Misc,ح,10,1,2
حلقه‌به‌گوش,Noun/Adjective/Misc,ح,11,1,3
حل‌نشدنی,Noun/Adjective/Misc,ح,8,1,2
حماقت‌آمیز,Noun/Adjective/Misc,ح,10,1,2
حمله‌ای,Noun/Adjective/Misc,ح,7,1,2
حیرت‌آمیز,Noun/Adjective/Misc,ح,9,1,2
حیرت‌زدگی,Noun/Adjective/Misc,ح,9,1,2
حیص‌وبیص,Noun/Adjective/Misc,ح,8,1,2
حیلت‌باز,Noun/Adjective/Misc,ح,8,1,2
حیلت‌ساز,Noun/Adjective/Misc,ح,8,1,2
حیله‌گری,Noun/Adjective/Misc,ح,8,1,2
خاتم‌الانبیا,Noun/Adjective/Misc,خ,12,1,2
خاتم‌الانبیاء,Noun/Adjective/Misc,خ,13,1,2
خاتم‌النبیین,Noun/Adjective/Misc,خ,12,1,2
خاتم‌کاری,Noun/Adjective/Misc,خ,9,1,2
خاتون‌آباد,Noun/Adjective/Misc,خ,10,1,2
خادم‌الحرمین,Noun/Adjective/Misc,خ,12,1,2
خارج‌رفته,Noun/Adjective/Misc,خ,9,1,2
خارج‌شده,Noun/Adjective/Misc,خ,8,1,2
خارش‌آور,Noun/Adjective/Misc,خ,8,1,2
خارق‌العاده,Noun/Adjective/Misc,خ,11,1,2
خاصیت‌دار,Noun/Adjective/Misc,خ,9,1,2
خاطره‌انگیز,Noun/Adjective/Misc,خ,11,1,2
خاطره‌نویس,Noun/Adjective/Misc,خ,10,1,2
خاطره‌نویسی,Noun/Adjective/Misc,خ,11,1,2
خالص‌سازی,Noun/Adjective/Misc,خ,9,1,2
خاله‌زنک,Noun/Adjective/Misc,خ,8,1,2
خالکوبی‌شده,Noun/Adjective/Misc,خ,11,1,2
خالی‌بندی,Noun/Adjective/Misc,خ,9,1,2
خالی‌شده,Noun/Adjective/Misc,خ,8,1,2
خال‌جوش,Noun/Adjective/Misc,خ,7,1,2
خال‌خالی,Noun/Adjective/Misc,خ,8,1,2
خال‌دار,Noun/Adjective/Misc,خ,7,1,2
خال‌کوبی,Noun/Adjective/Misc,خ,8,1,2
خامه‌دوزی,Noun/Adjective/Misc,خ,9,1,2
خامه‌گیری,Noun/Adjective/Misc,خ,9,1,2
خاموش‌کننده,Noun/Adjective/Misc,خ,11,1,2
خام‌خوار,Noun/Adjective/Misc,خ,8,1,2
خام‌دستانه,Noun/Adjective/Misc,خ,10,1,2
خانمان‌برانداز,Noun/Adjective/Misc,خ,14,1,2
خانمان‌سوز,Noun/Adjective/Misc,خ,10,1,2
خانه‌برانداز,Noun/Adjective/Misc,خ,12,1,2
خانه‌به‌دوش,Noun/Adjective/Misc,خ,11,1,3
خانه‌تکانی,Noun/Adjective/Misc,خ,10,1,2
خانه‌خراب,Noun/Adjective/Misc,خ,9,1,2
خانه‌دار,Noun/Adjective/Misc,خ,8,1,2
خانه‌زاد,Noun/Adjective/Misc,خ,8,1,2
خانه‌سازی,Noun/Adjective/Misc,خ,9,1,2
خانه‌نشین,Noun/Adjective/Misc,خ,9,1,2
خانواده‌دوست,Noun/Adjective/Misc,خ,12,1,2
خانی‌آباد,Noun/Adjective/Misc,خ,9,1,2
خان‌زاده,Noun/Adjective/Misc,خ,8,1,2
خاکی‌رنگ,Noun/Adjective/Misc,خ,8,1,2
خاک‌آلود,Noun/Adjective/Misc,خ,8,1,2
خاک‌انداز,Noun/Adjective/Misc,خ,9,1,2
خاک‌بازی,Noun/Adjective/Misc,خ,8,1,2
خاک‌برداری,Noun/Adjective/Misc,خ,10,1,2
خاک‌برسر,Noun/Adjective/Misc,خ,8,1,2
خاک‌سپاری,Noun/Adjective/Misc,خ,9,1,2
خاک‌شناسی,Noun/Adjective/Misc,خ,9,1,2
خاک‌مال,Noun/Adjective/Misc,خ,7,1,2
خاک‌مالی,Noun/Adjective/Misc,خ,8,1,2
خاک‌وخل,Noun/Adjective/Misc,خ,7,1,2
ختمی‌مرتبت,Noun/Adjective/Misc,خ,10,1,2
ختنه‌سوران,Noun/Adjective/Misc,خ,10,1,2
ختنه‌نکرده,Noun/Adjective/Misc,خ,10,1,2
ختنه‌کرده,Noun/Adjective/Misc,خ,9,1,2
خجالت‌آور,Noun/Adjective/Misc,خ,9,1,2
خجالت‌زده,Noun/Adjective/Misc,خ,9,1,2
خجالت‌زدگی,Noun/Adjective/Misc,خ,10,1,2
خجلت‌زده,Noun/Adjective/Misc,خ,8,1,2
خدانگه‌دار,Noun/Adjective/Misc,خ,10,1,2
خدای‌نامه,Noun/Adjective/Misc,خ,9,1,2
خدشه‌دار,Noun/Adjective/Misc,خ,8,1,2
خدشه‌ناپذیر,Noun/Adjective/Misc,خ,11,1,2
خدشه‌پذیر,Noun/Adjective/Misc,خ,9,1,2
خدمات‌دهی,Noun/Adjective/Misc,خ,9,1,2
خدمات‌رسانی,Noun/Adjective/Misc,خ,11,1,2
خدمت‌رسانی,Noun/Adjective/Misc,خ,10,1,2
خدمت‌کننده,Noun/Adjective/Misc,خ,10,1,2
خدمت‌گزار,Noun/Adjective/Misc,خ,9,1,2
خدمت‌گزاری,Noun/Adjective/Misc,خ,10,1,2
خدم‌وحشم,Noun/Adjective/Misc,خ,8,1,2
خرابات‌نشین,Noun/Adjective/Misc,خ,11,1,2
خراب‌اندرخراب,Noun/Adjective/Misc,خ,13,1,2
خراب‌شده,Noun/Adjective/Misc,خ,8,1,2
خراب‌کار,Noun/Adjective/Misc,خ,8,1,2
خراج‌گزار,Noun/Adjective/Misc,خ,9,1,2
خراج‌گیرنده,Noun/Adjective/Misc,خ,11,1,2
خرافه‌پرست,Noun/Adjective/Misc,خ,10,1,2
خرافه‌پرستی,Noun/Adjective/Misc,خ,11,1,2
خرامان‌خرامان,Noun/Adjective/Misc,خ,13,1,2
خرج‌دررفته,Noun/Adjective/Misc,خ,10,1,2
خردلی‌رنگ,Noun/Adjective/Misc,خ,9,1,2
خرده‌حساب,Noun/Adjective/Misc,خ,9,1,2
خرده‌خرده,Noun/Adjective/Misc,خ,9,1,2
خرده‌ریز,Noun/Adjective/Misc,خ,8,1,2
خرده‌سنگ,Noun/Adjective/Misc,خ,8,1,2
خرده‌شیشه,Noun/Adjective/Misc,خ,9,1,2
خرده‌فرمایش,Noun/Adjective/Misc,خ,11,1,2
خرده‌فرهنگ,Noun/Adjective/Misc,خ,10,1,2
خرده‌فروش,Noun/Adjective/Misc,خ,9,1,2
خرده‌فروشی,Noun/Adjective/Misc,خ,10,1,2
خرده‌نان,Noun/Adjective/Misc,خ,8,1,2
خرده‌پا,Noun/Adjective/Misc,خ,7,1,2
خرده‌کاری,Noun/Adjective/Misc,خ,9,1,2
خرده‌گیر,Noun/Adjective/Misc,خ,8,1,2
خرقه‌پوش,Noun/Adjective/Misc,خ,8,1,2
خرقه‌پوشی,Noun/Adjective/Misc,خ,9,1,2
خرمایی‌رنگ,Noun/Adjective/Misc,خ,10,1,2
خرمن‌کوب,Noun/Adjective/Misc,خ,8,1,2
خرمن‌کوبی,Noun/Adjective/Misc,خ,9,1,2
خرم‌آباد,Noun/Adjective/Misc,خ,8,1,2
خرم‌شهر,Noun/Adjective/Misc,خ,7,1,2
خروس‌خوان,Noun/Adjective/Misc,خ,9,1,2
خرچنگ‌قورباغه,Noun/Adjective/Misc,خ,13,1,2
خریداری‌شده,Noun/Adjective/Misc,خ,11,1,2
خریداری‌نشده,Noun/Adjective/Misc,خ,12,1,2
خزانه‌دار,Noun/Adjective/Misc,خ,9,1,2
خزان‌دیده,Noun/Adjective/Misc,خ,9,1,2
خزان‌رسیده,Noun/Adjective/Misc,خ,10,1,2
خسارت‌بار,Noun/Adjective/Misc,خ,9,1,2
خسارت‌دیده,Noun/Adjective/Misc,خ,10,1,2
خسته‌جان,Noun/Adjective/Misc,خ,8,1,2
خسته‌دل,Noun/Adjective/Misc,خ,7,1,2
خسته‌کننده,Noun/Adjective/Misc,خ,10,1,2
خستگی‌ناپذیر,Noun/Adjective/Misc,خ,12,1,2
خستگی‌پذیر,Noun/Adjective/Misc,خ,10,1,2
خسران‌دیده,Noun/Adjective/Misc,خ,10,1,2
خسیس‌بازی,Noun/Adjective/Misc,خ,9,1,2
خس‌خس,Noun/Adjective/Misc,خ,5,1,2
خشاب‌گذاری,Noun/Adjective/Misc,خ,10,1,2
خشت‌زنی,Noun/Adjective/Misc,خ,7,1,2
خشت‌مال,Noun/Adjective/Misc,خ,7,1,2
خشت‌مالی,Noun/Adjective/Misc,خ,8,1,2
خشت‌پزی,Noun/Adjective/Misc,خ,7,1,2
خشم‌آلود,Noun/Adjective/Misc,خ,8,1,2
خشونت‌آفرین,Noun/Adjective/Misc,خ,11,1,2
خشونت‌آمیز,Noun/Adjective/Misc,خ,10,1,2
خشونت‌بار,Noun/Adjective/Misc,خ,9,1,2
خشونت‌زدایی,Noun/Adjective/Misc,خ,11,1,2
خشونت‌طلب,Noun/Adjective/Misc,خ,9,1,2
خشونت‌طلبانه,Noun/Adjective/Misc,خ,12,1,2
خشونت‌طلبی,Noun/Adjective/Misc,خ,10,1,2
خشونت‌ورزی,Noun/Adjective/Misc,خ,10,1,2
خشونت‌گرا,Noun/Adjective/Misc,خ,9,1,2
خشونت‌گرایی,Noun/Adjective/Misc,خ,11,1,2
خشک‌سال,Noun/Adjective/Misc,خ,7,1,2
خشک‌سالی,Noun/Adjective/Misc,خ,8,1,2
خشک‌شده,Noun/Adjective/Misc,خ,7,1,2
خشک‌شویی,Noun/Adjective/Misc,خ,8,1,2
خشک‌مزاج,Noun/Adjective/Misc,خ,8,1,2
خشک‌مغز,Noun/Adjective/Misc,خ,7,1,2
خشک‌کن,Noun/Adjective/Misc,خ,6,1,2
خشک‌کننده,Noun/Adjective/Misc,خ,9,1,2
خش‌خش,Noun/Adjective/Misc,خ,5,1,2
خش‌خش‌کنان,Noun/Adjective/Misc,خ,10,1,3
خش‌دار,Noun/Adjective/Misc,خ,6,1,2
خصوصی‌سازی,Noun/Adjective/Misc,خ,10,1,2
خصومت‌آمیز,Noun/Adjective/Misc,خ,10,1,2
خصومت‌بار,Noun/Adjective/Misc,خ,9,1,2
خضاب‌کرده,Noun/Adjective/Misc,خ,9,1,2
خطابه‌گو,Noun/Adjective/Misc,خ,8,1,2
خطابه‌گویی,Noun/Adjective/Misc,خ,10,1,2
خطایابی‌شده,Noun/Adjective/Misc,خ,11,1,2
خطبه‌خوان,Noun/Adjective/Misc,خ,9,1,2
خط‌خطی,Noun/Adjective/Misc,خ,6,1,2
خط‌خورده,Noun/Adjective/Misc,خ,8,1,2
خط‌خوردگی,Noun/Adjective/Misc,خ,9,1,2
خط‌شناسی,Noun/Adjective/Misc,خ,8,1,2
خط‌شکن,Noun/Adjective/Misc,خ,6,1,2
خط‌مشی,Noun/Adjective/Misc,خ,6,1,2
خط‌نگه‌دار,Noun/Adjective/Misc,خ,10,1,3
خط‌چین,Noun/Adjective/Misc,خ,6,1,2
خط‌کش,Noun/Adjective/Misc,خ,5,1,2
خفت‌آمیز,Noun/Adjective/Misc,خ,8,1,2
خفت‌آور,Noun/Adjective/Misc,خ,7,1,2
خفت‌بار,Noun/Adjective/Misc,خ,7,1,2
خفقان‌آور,Noun/Adjective/Misc,خ,9,1,2
خفقان‌زده,Noun/Adjective/Misc,خ,9,1,2
خفه‌شده,Noun/Adjective/Misc,خ,7,1,2
خفه‌کننده,Noun/Adjective/Misc,خ,9,1,2
خلاصه‌برداری,Noun/Adjective/Misc,خ,12,1,2
خلاصه‌سازی,Noun/Adjective/Misc,خ,10,1,2
خلاصه‌شده,Noun/Adjective/Misc,خ,9,1,2
خلاصه‌نویس,Noun/Adjective/Misc,خ,10,1,2
خلاصه‌نویسی,Noun/Adjective/Misc,خ,11,1,2
خلاصه‌وار,Noun/Adjective/Misc,خ,9,1,2
خلاف‌کار,Noun/Adjective/Misc,خ,8,1,2
خلاف‌کاری,Noun/Adjective/Misc,خ,9,1,2
خلسه‌آور,Noun/Adjective/Misc,خ,8,1,2
خلط‌آور,Noun/Adjective/Misc,خ,7,1,2
خلق‌الساعه,Noun/Adjective/Misc,خ,10,1,2
خلق‌الله,Noun/Adjective/Misc,خ,8,1,2
خلق‌شده,Noun/Adjective/Misc,خ,7,1,2
خلق‌وخو,Noun/Adjective/Misc,خ,7,1,2
خلق‌کننده,Noun/Adjective/Misc,خ,9,1,2
خلل‌ناپذیر,Noun/Adjective/Misc,خ,10,1,2
خلل‌پذیر,Noun/Adjective/Misc,خ,8,1,2
خلوت‌نشین,Noun/Adjective/Misc,خ,9,1,2
خلوت‌گزیده,Noun/Adjective/Misc,خ,10,1,2
خلیج‌فارس,Noun/Adjective/Misc,خ,9,1,2
خلیفه‌الله,Noun/Adjective/Misc,خ,10,1,2
خلیفه‌گری,Noun/Adjective/Misc,خ,9,1,2
خلیل‌آباد,Noun/Adjective/Misc,خ,9,1,2
خلیل‌الرحمن,Noun/Adjective/Misc,خ,11,1,2
خلیل‌الله,Noun/Adjective/Misc,خ,9,1,2
خل‌بازی,Noun/Adjective/Misc,خ,7,1,2
خل‌وضع,Noun/Adjective/Misc,خ,6,1,2
خمپاره‌انداز,Noun/Adjective/Misc,خ,12,1,2
خمینی‌شهر,Noun/Adjective/Misc,خ,9,1,2
خم‌اندرخم,Noun/Adjective/Misc,خ,9,1,2
خم‌خانه,Noun/Adjective/Misc,خ,7,1,2
خم‌شده,Noun/Adjective/Misc,خ,6,1,2
خم‌کاری,Noun/Adjective/Misc,خ,7,1,2
خنثی‌سازی,Noun/Adjective/Misc,خ,9,1,2
خنثی‌شده,Noun/Adjective/Misc,خ,8,1,2
خنثی‌کننده,Noun/Adjective/Misc,خ,10,1,2
خندان‌رو,Noun/Adjective/Misc,خ,8,1,2
خندان‌لب,Noun/Adjective/Misc,خ,8,1,2
خنده‌آور,Noun/Adjective/Misc,خ,8,1,2
خنده‌دار,Noun/Adjective/Misc,خ,8,1,2
خنده‌رو,Noun/Adjective/Misc,خ,7,1,2
خنده‌کنان,Noun/Adjective/Misc,خ,9,1,2
خنک‌سازی,Noun/Adjective/Misc,خ,8,1,2
خنک‌کن,Noun/Adjective/Misc,خ,6,1,2
خنک‌کننده,Noun/Adjective/Misc,خ,9,1,2
خوئینی‌ها,Noun/Adjective/Misc,خ,9,1,2
خواب‌آلود,Noun/Adjective/Misc,خ,9,1,2
خواب‌آلوده,Noun/Adjective/Misc,خ,10,1,2
خواب‌آلودگی,Noun/Adjective/Misc,خ,11,1,2
خواب‌آور,Noun/Adjective/Misc,خ,8,1,2
خواب‌اندرخواب,Noun/Adjective/Misc,خ,13,1,2
خواب‌دیده,Noun/Adjective/Misc,خ,9,1,2
خواب‌رفتگی,Noun/Adjective/Misc,خ,10,1,2
خواب‌زده,Noun/Adjective/Misc,خ,8,1,2
خواب‌نما,Noun/Adjective/Misc,خ,8,1,2
خواب‌گرد,Noun/Adjective/Misc,خ,8,1,2
خواب‌گردی,Noun/Adjective/Misc,خ,9,1,2
خواب‌گزار,Noun/Adjective/Misc,خ,9,1,2
خواب‌گزاری,Noun/Adjective/Misc,خ,10,1,2
خواجه‌نوری,Noun/Adjective/Misc,خ,10,1,2
خواسته‌شده,Noun/Adjective/Misc,خ,10,1,2
خوانده‌شده,Noun/Adjective/Misc,خ,10,1,2
خوانده‌نشده,Noun/Adjective/Misc,خ,11,1,2
خوان‌سالار,Noun/Adjective/Misc,خ,10,1,2
خوب‌رو,Noun/Adjective/Misc,خ,6,1,2
خوب‌شدنی,Noun/Adjective/Misc,خ,8,1,2
خوب‌چهر,Noun/Adjective/Misc,خ,7,1,2
خوب‌چهره,Noun/Adjective/Misc,خ,8,1,2
خوب‌گفتار,Noun/Adjective/Misc,خ,9,1,2
خودبه‌خود,Noun/Adjective/Misc,خ,9,1,2
خودسازمان‌ده,Noun/Adjective/Misc,خ,12,1,2
خوراک‌پز,Noun/Adjective/Misc,خ,8,1,2
خوشحال‌کننده,Noun/Adjective/Misc,خ,12,1,2
خوشه‌بندی,Noun/Adjective/Misc,خ,9,1,2
خوشه‌چین,Noun/Adjective/Misc,خ,8,1,2
خوشه‌چینی,Noun/Adjective/Misc,خ,9,1,2
خوش‌آمد,Noun/Adjective/Misc,خ,7,1,2
خوش‌آهنگ,Noun/Adjective/Misc,خ,8,1,2
خوش‌آواز,Noun/Adjective/Misc,خ,8,1,2
خوش‌آیند,Noun/Adjective/Misc,خ,8,1,2
خوش‌اخلاق,Noun/Adjective/Misc,خ,9,1,2
خوش‌ادا,Noun/Adjective/Misc,خ,7,1,2
خوش‌اشتها,Noun/Adjective/Misc,خ,9,1,2
خوش‌اطوار,Noun/Adjective/Misc,خ,9,1,2
خوش‌اقبال,Noun/Adjective/Misc,خ,9,1,2
خوش‌الحان,Noun/Adjective/Misc,خ,9,1,2
خوش‌اندام,Noun/Adjective/Misc,خ,9,1,2
خوش‌باور,Noun/Adjective/Misc,خ,8,1,2
خوش‌بخت,Noun/Adjective/Misc,خ,7,1,2
خوش‌برخورد,Noun/Adjective/Misc,خ,10,1,2
خوش‌برش,Noun/Adjective/Misc,خ,7,1,2
خوش‌بنیه,Noun/Adjective/Misc,خ,8,1,2
خوش‌بو,Noun/Adjective/Misc,خ,6,1,2
خوش‌بوکننده,Noun/Adjective/Misc,خ,11,1,2
خوش‌بیان,Noun/Adjective/Misc,خ,8,1,2
خوش‌بین,Noun/Adjective/Misc,خ,7,1,2
خوش‌بینانه,Noun/Adjective/Misc,خ,10,1,2
خوش‌تراش,Noun/Adjective/Misc,خ,8,1,2
خوش‌ترتیب,Noun/Adjective/Misc,خ,9,1,2
خوش‌ترکیب,Noun/Adjective/Misc,خ,9,1,2
خوش‌تعریف,Noun/Adjective/Misc,خ,9,1,2
خوش‌تناسب,Noun/Adjective/Misc,خ,9,1,2
خوش‌تکنیک,Noun/Adjective/Misc,خ,9,1,2
خوش‌حال,Noun/Adjective/Misc,خ,7,1,2
خوش‌حالت,Noun/Adjective/Misc,خ,8,1,2
خوش‌حساب,Noun/Adjective/Misc,خ,8,1,2
خوش‌خبر,Noun/Adjective/Misc,خ,7,1,2
خوش‌خدمت,Noun/Adjective/Misc,خ,8,1,2
خوش‌خط,Noun/Adjective/Misc,خ,6,1,2
خوش‌خلق,Noun/Adjective/Misc,خ,7,1,2
خوش‌خنده,Noun/Adjective/Misc,خ,8,1,2
خوش‌خو,Noun/Adjective/Misc,خ,6,1,2
خوش‌خواب,Noun/Adjective/Misc,خ,8,1,2
خوش‌خوان,Noun/Adjective/Misc,خ,8,1,2
خوش‌خوراک,Noun/Adjective/Misc,خ,9,1,2
خوش‌خیال,Noun/Adjective/Misc,خ,8,1,2
خوش‌خیم,Noun/Adjective/Misc,خ,7,1,2
خوش‌دست,Noun/Adjective/Misc,خ,7,1,2
خوش‌دل,Noun/Adjective/Misc,خ,6,1,2
خوش‌دوخت,Noun/Adjective/Misc,خ,8,1,2
خوش‌دک‌وپز,Noun/Adjective/Misc,خ,10,1,3
خوش‌ذات,Noun/Adjective/Misc,خ,7,1,2
خوش‌ذوق,Noun/Adjective/Misc,خ,7,1,2
خوش‌رفتار,Noun/Adjective/Misc,خ,9,1,2
خوش‌رقصی,Noun/Adjective/Misc,خ,8,1,2
خوش‌رنگ,Noun/Adjective/Misc,خ,7,1,2
خوش‌رو,Noun/Adjective/Misc,خ,6,1,2
خوش‌روش,Noun/Adjective/Misc,خ,7,1,2
خوش‌رکاب,Noun/Adjective/Misc,خ,8,1,2
خوش‌ریخت,Noun/Adjective/Misc,خ,8,1,2
خوش‌زبان,Noun/Adjective/Misc,خ,8,1,2
خوش‌سابقه,Noun/Adjective/Misc,خ,9,1,2
خوش‌ساخت,Noun/Adjective/Misc,خ,8,1,2
خوش‌سخن,Noun/Adjective/Misc,خ,7,1,2
خوش‌سفر,Noun/Adjective/Misc,خ,7,1,2
خوش‌سلیقه,Noun/Adjective/Misc,خ,9,1,2
خوش‌سلیقگی,Noun/Adjective/Misc,خ,10,1,2
خوش‌سیرت,Noun/Adjective/Misc,خ,8,1,2
خوش‌سیما,Noun/Adjective/Misc,خ,8,1,2
خوش‌شانس,Noun/Adjective/Misc,خ,8,1,2
خوش‌صحبت,Noun/Adjective/Misc,خ,8,1,2
خوش‌صحبتی,Noun/Adjective/Misc,خ,9,1,2
خوش‌صدا,Noun/Adjective/Misc,خ,7,1,2
خوش‌صوت,Noun/Adjective/Misc,خ,7,1,2
خوش‌صورت,Noun/Adjective/Misc,خ,8,1,2
خوش‌طالع,Noun/Adjective/Misc,خ,8,1,2
خوش‌طبع,Noun/Adjective/Misc,خ,7,1,2
خوش‌طعم,Noun/Adjective/Misc,خ,7,1,2
خوش‌طینت,Noun/Adjective/Misc,خ,8,1,2
خوش‌ظاهر,Noun/Adjective/Misc,خ,8,1,2
خوش‌عاقبت,Noun/Adjective/Misc,خ,9,1,2
خوش‌عقیده,Noun/Adjective/Misc,خ,9,1,2
خوش‌غیرت,Noun/Adjective/Misc,خ,8,1,2
خوش‌فرجام,Noun/Adjective/Misc,خ,9,1,2
خوش‌فرم,Noun/Adjective/Misc,خ,7,1,2
خوش‌فکر,Noun/Adjective/Misc,خ,7,1,2
خوش‌قدم,Noun/Adjective/Misc,خ,7,1,2
خوش‌قریحه,Noun/Adjective/Misc,خ,9,1,2
خوش‌قلب,Noun/Adjective/Misc,خ,7,1,2
خوش‌قواره,Noun/Adjective/Misc,خ,9,1,2
خوش‌قول,Noun/Adjective/Misc,خ,7,1,2
خوش‌قیافه,Noun/Adjective/Misc,خ,9,1,2
خوش‌لباس,Noun/Adjective/Misc,خ,8,1,2
خوش‌لهجه,Noun/Adjective/Misc,خ,8,1,2
خوش‌محضر,Noun/Adjective/Misc,خ,8,1,2
خوش‌مزه,Noun/Adjective/Misc,خ,7,1,2
خوش‌مسلک,Noun/Adjective/Misc,خ,8,1,2
خوش‌مشرب,Noun/Adjective/Misc,خ,8,1,2
خوش‌مشربی,Noun/Adjective/Misc,خ,9,1,2
خوش‌معاشرت,Noun/Adjective/Misc,خ,10,1,2
خوش‌معامله,Noun/Adjective/Misc,خ,10,1,2
خوش‌مغز,Noun/Adjective/Misc,خ,7,1,2
خوش‌مغزی,Noun/Adjective/Misc,خ,8,1,2
خوش‌منش,Noun/Adjective/Misc,خ,7,1,2
خوش‌منشی,Noun/Adjective/Misc,خ,8,1,2
خوش‌منظر,Noun/Adjective/Misc,خ,8,1,2
خوش‌نام,Noun/Adjective/Misc,خ,7,1,2
خوش‌نشین,Noun/Adjective/Misc,خ,8,1,2
خوش‌نشینی,Noun/Adjective/Misc,خ,9,1,2
خوش‌نغمه,Noun/Adjective/Misc,خ,8,1,2
خوش‌نفس,Noun/Adjective/Misc,خ,7,1,2
خوش‌نقش,Noun/Adjective/Misc,خ,7,1,2
خوش‌نمک,Noun/Adjective/Misc,خ,7,1,2
خوش‌نوا,Noun/Adjective/Misc,خ,7,1,2
خوش‌نویس,Noun/Adjective/Misc,خ,8,1,2
خوش‌هیکل,Noun/Adjective/Misc,خ,8,1,2
خوش‌پوش,Noun/Adjective/Misc,خ,7,1,2
خوش‌چهره,Noun/Adjective/Misc,خ,8,1,2
خوش‌گذران,Noun/Adjective/Misc,خ,9,1,2
خوش‌گذرانی,Noun/Adjective/Misc,خ,10,1,2
خوش‌گفتار,Noun/Adjective/Misc,خ,9,1,2
خوش‌گمان,Noun/Adjective/Misc,خ,8,1,2
خوش‌گمانی,Noun/Adjective/Misc,خ,9,1,2
خوش‌گوشت,Noun/Adjective/Misc,خ,8,1,2
خوش‌یمن,Noun/Adjective/Misc,خ,7,1,2
خونین‌جگر,Noun/Adjective/Misc,خ,9,1,2
خونین‌شهر,Noun/Adjective/Misc,خ,9,1,2
خونین‌کفن,Noun/Adjective/Misc,خ,9,1,2
خون‌آشام,Noun/Adjective/Misc,خ,8,1,2
خون‌آلود,Noun/Adjective/Misc,خ,8,1,2
خون‌بار,Noun/Adjective/Misc,خ,7,1,2
خون‌بها,Noun/Adjective/Misc,خ,7,1,2
خون‌خوار,Noun/Adjective/Misc,خ,8,1,2
خون‌خواری,Noun/Adjective/Misc,خ,9,1,2
خون‌خواه,Noun/Adjective/Misc,خ,8,1,2
خون‌خواهی,Noun/Adjective/Misc,خ,9,1,2
خون‌دماغ,Noun/Adjective/Misc,خ,8,1,2
خون‌رسانی,Noun/Adjective/Misc,خ,9,1,2
خون‌ریز,Noun/Adjective/Misc,خ,7,1,2
خون‌ساز,Noun/Adjective/Misc,خ,7,1,2
خون‌سازی,Noun/Adjective/Misc,خ,8,1,2
خون‌فشانی,Noun/Adjective/Misc,خ,9,1,2
خون‌مرده,Noun/Adjective/Misc,خ,8,1,2
خون‌مردگی,Noun/Adjective/Misc,خ,9,1,2
خون‌چکان,Noun/Adjective/Misc,خ,8,1,2
خوک‌چران,Noun/Adjective/Misc,خ,8,1,2
خویشتن‌دار,Noun/Adjective/Misc,خ,10,1,2
خویشتن‌دارانه,Noun/Adjective/Misc,خ,13,1,2
خویشتن‌داری,Noun/Adjective/Misc,خ,11,1,2
خویش‌فرما,Noun/Adjective/Misc,خ,9,1,2
خیابان‌سازی,Noun/Adjective/Misc,خ,11,1,2
خیابان‌گرد,Noun/Adjective/Misc,خ,10,1,2
خیاط‌خانه,Noun/Adjective/Misc,خ,9,1,2
خیال‌انگیز,Noun/Adjective/Misc,خ,10,1,2
خیال‌باف,Noun/Adjective/Misc,خ,8,1,2
خیال‌بافانه,Noun/Adjective/Misc,خ,11,1,2
خیال‌بافی,Noun/Adjective/Misc,خ,9,1,2
خیال‌پرداز,Noun/Adjective/Misc,خ,10,1,2
خیال‌پردازانه,Noun/Adjective/Misc,خ,13,1,2
خیال‌پردازی,Noun/Adjective/Misc,خ,11,1,2
خیال‌پرور,Noun/Adjective/Misc,خ,9,1,2
خیال‌پروری,Noun/Adjective/Misc,خ,10,1,2
خیام‌شناس,Noun/Adjective/Misc,خ,9,1,2
خیانت‌آمیز,Noun/Adjective/Misc,خ,10,1,2
خیانت‌پیشه,Noun/Adjective/Misc,خ,10,1,2
خیانت‌پیشگی,Noun/Adjective/Misc,خ,11,1,2
خیانت‌کار,Noun/Adjective/Misc,خ,9,1,2
خیره‌سر,Noun/Adjective/Misc,خ,7,1,2
خیره‌کننده,Noun/Adjective/Misc,خ,10,1,2
خیس‌خورده,Noun/Adjective/Misc,خ,9,1,2
خیس‌کننده,Noun/Adjective/Misc,خ,9,1,2
خیمه‌دوز,Noun/Adjective/Misc,خ,8,1,2
خیمه‌شب‌بازی,Noun/Adjective/Misc,خ,12,1,3
خیمه‌گاه,Noun/Adjective/Misc,خ,8,1,2
خامنه‌ای,Noun/Adjective/Misc,خ,8,1,2
خام‌اندیشی,Noun/Adjective/Misc,خ,10,1,2
خانم‌بزرگ,Noun/Adjective/Misc,خ,9,1,2
خانه‌داری,Noun/Adjective/Misc,خ,9,1,2
خانه‌ها,Noun/Adjective/Misc,خ,7,1,2
خان‌باشی,Noun/Adjective/Misc,خ,8,1,2
خباثت‌کننده,Noun/Adjective/Misc,خ,11,1,2
خرافه‌گرایی,Noun/Adjective/Misc,خ,11,1,2
خرده‌سیارک,Noun/Adjective/Misc,خ,10,1,2
خرده‌گیری,Noun/Adjective/Misc,خ,9,1,2
خزعبل‌گویی,Noun/Adjective/Misc,خ,10,1,2
خستگی‌ناپذیری,Noun/Adjective/Misc,خ,13,1,2
خشونت‌گر,Noun/Adjective/Misc,خ,8,1,2
خشکه‌مقدس,Noun/Adjective/Misc,خ,9,1,2
خصومت‌ورزی,Noun/Adjective/Misc,خ,10,1,2
خط‌کشی,Noun/Adjective/Misc,خ,6,1,2
خلعت‌بر,Noun/Adjective/Misc,خ,7,1,2
خودانضباط‌گرایی,Noun/Adjective/Misc,خ,15,1,2
خودبیمه‌گری,Noun/Adjective/Misc,خ,11,1,2
خود‌مشت‌مالی,Noun/Adjective/Misc,خ,12,1,3
خوش‌رفتاری,Noun/Adjective/Misc,خ,10,1,2
خوش‌رویی,Noun/Adjective/Misc,خ,8,1,2
خوش‌زبانی,Noun/Adjective/Misc,خ,9,1,2
خوش‌طبعی,Noun/Adjective/Misc,خ,8,1,2
خوش‌نویسی,Noun/Adjective/Misc,خ,9,1,2
خون‌ریزی,Noun/Adjective/Misc,خ,8,1,2
خیامی‌نامه,Noun/Adjective/Misc,خ,10,1,2
خیره‌سری,Noun/Adjective/Misc,خ,8,1,2
خیلی‌ها,Noun/Adjective/Misc,خ,7,1,2
خاتم‌کار,Noun/Adjective/Misc,خ,8,1,2
خاج‌پرست,Noun/Adjective/Misc,خ,8,1,2
خاصه‌تراش,Noun/Adjective/Misc,خ,9,1,2
خاصه‌خرجی,Noun/Adjective/Misc,خ,9,1,2
خاک‌بوس,Noun/Adjective/Misc,خ,7,1,2
خاک‌نشین,Noun/Adjective/Misc,خ,8,1,2
خاک‌نهاد,Noun/Adjective/Misc,خ,8,1,2
خالی‌بند,Noun/Adjective/Misc,خ,8,1,2
خام‌اندیش,Noun/Adjective/Misc,خ,9,1,2
خام‌پندار,Noun/Adjective/Misc,خ,9,1,2
خام‌طبع,Noun/Adjective/Misc,خ,7,1,2
خام‌گفتار,Noun/Adjective/Misc,خ,9,1,2
خانم‌باز,Noun/Adjective/Misc,خ,8,1,2
خانم‌بازی,Noun/Adjective/Misc,خ,9,1,2
خانم‌مدیر,Noun/Adjective/Misc,خ,9,1,2
خانواده‌دار,Noun/Adjective/Misc,خ,11,1,2
خانه‌به‌دوشی,Noun/Adjective/Misc,خ,12,1,3
خانه‌پا,Noun/Adjective/Misc,خ,7,1,2
خانه‌پرور,Noun/Adjective/Misc,خ,9,1,2
خانه‌خانه,Noun/Adjective/Misc,خ,9,1,2
خانه‌خرابی,Noun/Adjective/Misc,خ,10,1,2
خانه‌سوز,Noun/Adjective/Misc,خ,8,1,2
خانه‌مانده,Noun/Adjective/Misc,خ,10,1,2
خایه‌دار,Noun/Adjective/Misc,خ,8,1,2
خایه‌مال,Noun/Adjective/Misc,خ,8,1,2
خایه‌مالی,Noun/Adjective/Misc,خ,9,1,2
خجالت‌آلود,Noun/Adjective/Misc,خ,10,1,2
خجسته‌پی,Noun/Adjective/Misc,خ,8,1,2
خجسته‌رو,Noun/Adjective/Misc,خ,8,1,2
خدشه‌بردار,Noun/Adjective/Misc,خ,10,1,2
خدعه‌آمیز,Noun/Adjective/Misc,خ,9,1,2
خدعه‌بار,Noun/Adjective/Misc,خ,8,1,2
خدعه‌گر,Noun/Adjective/Misc,خ,7,1,2
خراب‌آباد,Noun/Adjective/Misc,خ,9,1,2
خرت‌وپرت,Noun/Adjective/Misc,خ,8,1,2
خردک‌خردک,Noun/Adjective/Misc,خ,9,1,2
خرده‌بین,Noun/Adjective/Misc,خ,8,1,2
خرده‌بینی,Noun/Adjective/Misc,خ,9,1,2
خررنگ‌کن,Noun/Adjective/Misc,خ,8,1,2
خرمن‌زار,Noun/Adjective/Misc,خ,8,1,2
خرمن‌سوز,Noun/Adjective/Misc,خ,8,1,2
خزیده‌خزیده,Noun/Adjective/Misc,خ,11,1,2
خستگی‌آور,Noun/Adjective/Misc,خ,9,1,2
خشت‌زن,Noun/Adjective/Misc,خ,6,1,2
خشک‌اندیش,Noun/Adjective/Misc,خ,9,1,2
خشک‌دامن,Noun/Adjective/Misc,خ,8,1,2
خشک‌وتر,Noun/Adjective/Misc,خ,7,1,2
خشم‌بار,Noun/Adjective/Misc,خ,7,1,2
خصم‌افکن,Noun/Adjective/Misc,خ,8,1,2
خطاب‌آمیز,Noun/Adjective/Misc,خ,9,1,2
خفت‌وخیز,Noun/Adjective/Misc,خ,8,1,2
خفض‌جناح,Noun/Adjective/Misc,خ,8,1,2
خفیه‌گرا,Noun/Adjective/Misc,خ,8,1,2
خفیه‌نویس,Noun/Adjective/Misc,خ,9,1,2
خلاف‌آمد,Noun/Adjective/Misc,خ,8,1,2
خلاف‌انگیز,Noun/Adjective/Misc,خ,10,1,2
خلاف‌گویی,Noun/Adjective/Misc,خ,9,1,2
خلسه‌زا,Noun/Adjective/Misc,خ,7,1,2
خلق‌تنگ,Noun/Adjective/Misc,خ,7,1,2
خلنگ‌زار,Noun/Adjective/Misc,خ,8,1,2
خلوت‌خانه,Noun/Adjective/Misc,خ,9,1,2
خلوت‌سرا,Noun/Adjective/Misc,خ,8,1,2
خلوت‌نشینی,Noun/Adjective/Misc,خ,10,1,2
خلیل‌آسا,Noun/Adjective/Misc,خ,8,1,2
خمیده‌پشت,Noun/Adjective/Misc,خ,9,1,2
خمیده‌قامت,Noun/Adjective/Misc,خ,10,1,2
خوازه‌گری,Noun/Adjective/Misc,خ,9,1,2
خواهش‌بار,Noun/Adjective/Misc,خ,9,1,2
خواه‌ناخواه,Noun/Adjective/Misc,خ,11,1,2
خوب‌سرشت,Noun/Adjective/Misc,خ,8,1,2
خودبزرگ‌بینی,Noun/Adjective/Misc,خ,12,1,2
خورش‌خانه,Noun/Adjective/Misc,خ,9,1,2
خوش‌آب‌وهوا,Noun/Adjective/Misc,خ,11,1,3
خوش‌انصاف,Noun/Adjective/Misc,خ,9,1,2
خوش‌باشی,Noun/Adjective/Misc,خ,8,1,2
خوش‌باورانه,Noun/Adjective/Misc,خ,11,1,2
خوش‌باوری,Noun/Adjective/Misc,خ,9,1,2
خوش‌بده,Noun/Adjective/Misc,خ,7,1,2
خوش‌برورو,Noun/Adjective/Misc,خ,9,1,2
خوش‌بینی,Noun/Adjective/Misc,خ,8,1,2
خوش‌پی,Noun/Adjective/Misc,خ,6,1,2
خوش‌تیپ,Noun/Adjective/Misc,خ,7,1,2
خوش‌جنس,Noun/Adjective/Misc,خ,7,1,2
خوش‌خوش,Noun/Adjective/Misc,خ,7,1,2
خوش‌دامن,Noun/Adjective/Misc,خ,8,1,2
خوش‌رقص,Noun/Adjective/Misc,خ,7,1,2
خوش‌سلوک,Noun/Adjective/Misc,خ,8,1,2
خوش‌شگون,Noun/Adjective/Misc,خ,8,1,2
خوش‌عنان,Noun/Adjective/Misc,خ,8,1,2
خوش‌فطرت,Noun/Adjective/Misc,خ,8,1,2
خوش‌فطرتی,Noun/Adjective/Misc,خ,9,1,2
خوش‌فکری,Noun/Adjective/Misc,خ,8,1,2
خوش‌قدوقامت,Noun/Adjective/Misc,خ,11,1,2
خوش‌قلبی,Noun/Adjective/Misc,خ,8,1,2
خوش‌قلق,Noun/Adjective/Misc,خ,7,1,2
خوش‌کلام,Noun/Adjective/Misc,خ,8,1,2
خوش‌کیش,Noun/Adjective/Misc,خ,7,1,2
خوش‌گدار,Noun/Adjective/Misc,خ,8,1,2
خوش‌گفت,Noun/Adjective/Misc,خ,7,1,2
خوش‌لقا,Noun/Adjective/Misc,خ,7,1,2
خوش‌نیت,Noun/Adjective/Misc,خ,7,1,2
خوش‌وبش,Noun/Adjective/Misc,خ,7,1,2
خوف‌آمیز,Noun/Adjective/Misc,خ,8,1,2
خوف‌انگیز,Noun/Adjective/Misc,خ,9,1,2
خون‌سردی,Noun/Adjective/Misc,خ,8,1,2
خونین‌دل,Noun/Adjective/Misc,خ,8,1,2
خوی‌آور,Noun/Adjective/Misc,خ,7,1,2
خویشتن‌بین,Noun/Adjective/Misc,خ,10,1,2
خویشتن‌ستا,Noun/Adjective/Misc,خ,10,1,2
خویشتن‌ستایی,Noun/Adjective/Misc,خ,12,1,2
خویشتن‌کام,Noun/Adjective/Misc,خ,10,1,2
خه‌خه,Noun/Adjective/Misc,خ,5,1,2
خیابان‌کشی,Noun/Adjective/Misc,خ,10,1,2
خیال‌پرست,Noun/Adjective/Misc,خ,9,1,2
خیال‌پرستی,Noun/Adjective/Misc,خ,10,1,2
خیانت‌گر,Noun/Adjective/Misc,خ,8,1,2
خیره‌کش,Noun/Adjective/Misc,خ,7,1,2
خیل‌خیل,Noun/Adjective/Misc,خ,7,1,2
دائرة‌المعارف,Noun/Adjective/Misc,د,13,1,2
دائره‌المعارف,Noun/Adjective/Misc,د,13,1,2
دائم‌الخمر,Noun/Adjective/Misc,د,10,1,2
داده‌ای,Noun/Adjective/Misc,د,7,1,2
داده‌شده,Noun/Adjective/Misc,د,8,1,2
داده‌ورزی,Noun/Adjective/Misc,د,9,1,2
داده‌پردازی,Noun/Adjective/Misc,د,11,1,2
داروخانه‌دار,Noun/Adjective/Misc,د,12,1,2
داستان‌سرا,Noun/Adjective/Misc,د,10,1,2
داستان‌نویس,Noun/Adjective/Misc,د,11,1,2
داستان‌نویسی,Noun/Adjective/Misc,د,12,1,2
داستان‌پرداز,Noun/Adjective/Misc,د,12,1,2
داستان‌پردازی,Noun/Adjective/Misc,د,13,1,2
داستان‌گو,Noun/Adjective/Misc,د,9,1,2
داستان‌گویی,Noun/Adjective/Misc,د,11,1,2
داش‌مشتی,Noun/Adjective/Misc,د,8,1,2
داعیه‌دار,Noun/Adjective/Misc,د,9,1,2
داغ‌خورده,Noun/Adjective/Misc,د,9,1,2
داغ‌دیده,Noun/Adjective/Misc,د,8,1,2
داغ‌دیدگی,Noun/Adjective/Misc,د,9,1,2
دامنه‌دار,Noun/Adjective/Misc,د,9,1,2
دامن‌آلوده,Noun/Adjective/Misc,د,10,1,2
دامن‌افشان,Noun/Adjective/Misc,د,10,1,2
دامن‌کشان,Noun/Adjective/Misc,د,9,1,2
دامن‌گستر,Noun/Adjective/Misc,د,9,1,2
دامن‌گیر,Noun/Adjective/Misc,د,8,1,2
دام‌پرور,Noun/Adjective/Misc,د,8,1,2
دام‌پزشک,Noun/Adjective/Misc,د,8,1,2
دام‌گستر,Noun/Adjective/Misc,د,8,1,2
دانایی‌فرد,Noun/Adjective/Misc,د,10,1,2
دانش‌آموخته,Noun/Adjective/Misc,د,11,1,2
دانش‌آموز,Noun/Adjective/Misc,د,9,1,2
دانش‌اندوز,Noun/Adjective/Misc,د,10,1,2
دانش‌اندوزی,Noun/Adjective/Misc,د,11,1,2
دانش‌دوست,Noun/Adjective/Misc,د,9,1,2
دانش‌دوستی,Noun/Adjective/Misc,د,10,1,2
دانش‌ستیز,Noun/Adjective/Misc,د,9,1,2
دانش‌سرا,Noun/Adjective/Misc,د,8,1,2
دانش‌محور,Noun/Adjective/Misc,د,9,1,2
دانش‌مدار,Noun/Adjective/Misc,د,9,1,2
دانش‌نامه,Noun/Adjective/Misc,د,9,1,2
دانش‌پژوه,Noun/Adjective/Misc,د,9,1,2
دانش‌پژوهی,Noun/Adjective/Misc,د,10,1,2
دانش‌گستر,Noun/Adjective/Misc,د,9,1,2
دانه‌افشانی,Noun/Adjective/Misc,د,11,1,2
دانه‌بندی,Noun/Adjective/Misc,د,9,1,2
دانه‌خوار,Noun/Adjective/Misc,د,9,1,2
دانه‌دار,Noun/Adjective/Misc,د,8,1,2
دایرة‌العلوم,Noun/Adjective/Misc,د,12,1,2
دایرة‌المعارف,Noun/Adjective/Misc,د,13,1,2
دایره‌زن,Noun/Adjective/Misc,د,8,1,2
دایره‌وار,Noun/Adjective/Misc,د,9,1,2
دخل‌وخرج,Noun/Adjective/Misc,د,8,1,2
درام‌نویس,Noun/Adjective/Misc,د,9,1,2
دراین‌باره,Noun/Adjective/Misc,د,10,1,2
دربه‌در,Noun/Adjective/Misc,د,7,1,2
درب‌وداغان,Noun/Adjective/Misc,د,10,1,2
درجه‌بندی,Noun/Adjective/Misc,د,9,1,2
درجه‌دار,Noun/Adjective/Misc,د,8,1,2
درج‌شده,Noun/Adjective/Misc,د,7,1,2
درحالی‌که,Noun/Adjective/Misc,د,9,1,2
درحال‌توسعه,Noun/Adjective/Misc,د,11,1,2
درخت‌کاری,Noun/Adjective/Misc,د,9,1,2
درخواست‌کننده,Noun/Adjective/Misc,د,13,1,2
درستی‌سنج,Noun/Adjective/Misc,د,9,1,2
درست‌شده,Noun/Adjective/Misc,د,8,1,2
درست‌نویسی,Noun/Adjective/Misc,د,10,1,2
درست‌ودرمان,Noun/Adjective/Misc,د,11,1,2
درست‌پیمان,Noun/Adjective/Misc,د,10,1,2
درست‌کار,Noun/Adjective/Misc,د,8,1,2
درست‌کاری,Noun/Adjective/Misc,د,9,1,2
درست‌گفتار,Noun/Adjective/Misc,د,10,1,2
درست‌گفتاری,Noun/Adjective/Misc,د,11,1,2
درس‌آموز,Noun/Adjective/Misc,د,8,1,2
درس‌آموزی,Noun/Adjective/Misc,د,9,1,2
درس‌خوان,Noun/Adjective/Misc,د,8,1,2
درس‌خوانده,Noun/Adjective/Misc,د,10,1,2
درس‌خوانی,Noun/Adjective/Misc,د,9,1,2
درشت‌استخوان,Noun/Adjective/Misc,د,12,1,2
درشت‌اندام,Noun/Adjective/Misc,د,10,1,2
درشت‌دانه,Noun/Adjective/Misc,د,9,1,2
درشت‌نمایی,Noun/Adjective/Misc,د,10,1,2
درشت‌گو,Noun/Adjective/Misc,د,7,1,2
درشت‌گویی,Noun/Adjective/Misc,د,9,1,2
درشکه‌چی,Noun/Adjective/Misc,د,8,1,2
درعین‌حال,Noun/Adjective/Misc,د,9,1,2
درمان‌بخش,Noun/Adjective/Misc,د,9,1,2
درمان‌جو,Noun/Adjective/Misc,د,8,1,2
درمان‌ناپذیر,Noun/Adjective/Misc,د,12,1,2
درمان‌نشده,Noun/Adjective/Misc,د,10,1,2
درمان‌پذیر,Noun/Adjective/Misc,د,10,1,2
درمان‌کننده,Noun/Adjective/Misc,د,11,1,2
درنده‌خو,Noun/Adjective/Misc,د,8,1,2
درنده‌خویی,Noun/Adjective/Misc,د,10,1,2
درهم‌ریخته,Noun/Adjective/Misc,د,10,1,2
درهم‌ریزی,Noun/Adjective/Misc,د,9,1,2
درهم‌ساز,Noun/Adjective/Misc,د,8,1,2
درهم‌شکسته,Noun/Adjective/Misc,د,10,1,2
درهم‌شکننده,Noun/Adjective/Misc,د,11,1,2
درهم‌پیچیده,Noun/Adjective/Misc,د,11,1,2
دروازه‌بان,Noun/Adjective/Misc,د,10,1,2
دروغ‌آمیز,Noun/Adjective/Misc,د,9,1,2
دروغ‌باف,Noun/Adjective/Misc,د,8,1,2
دروغ‌بافی,Noun/Adjective/Misc,د,9,1,2
دروغ‌زن,Noun/Adjective/Misc,د,7,1,2
دروغ‌پراکنی,Noun/Adjective/Misc,د,11,1,2
دروغ‌پرداز,Noun/Adjective/Misc,د,10,1,2
دروغ‌پردازی,Noun/Adjective/Misc,د,11,1,2
دروغ‌گو,Noun/Adjective/Misc,د,7,1,2
دروغ‌گویی,Noun/Adjective/Misc,د,9,1,2
درون‌ریز,Noun/Adjective/Misc,د,8,1,2
درون‌زا,Noun/Adjective/Misc,د,7,1,2
درون‌سوز,Noun/Adjective/Misc,د,8,1,2
درون‌شهری,Noun/Adjective/Misc,د,9,1,2
درون‌مایه,Noun/Adjective/Misc,د,9,1,2
درون‌متن,Noun/Adjective/Misc,د,8,1,2
درون‌متنی,Noun/Adjective/Misc,د,9,1,2
درون‌مرزی,Noun/Adjective/Misc,د,9,1,2
درون‌نگر,Noun/Adjective/Misc,د,8,1,2
درون‌گرا,Noun/Adjective/Misc,د,8,1,2
درون‌گرایی,Noun/Adjective/Misc,د,10,1,2
درون‌یابی,Noun/Adjective/Misc,د,9,1,2
درویش‌پرور,Noun/Adjective/Misc,د,10,1,2
درک‌شدنی,Noun/Adjective/Misc,د,8,1,2
دریافت‌کننده,Noun/Adjective/Misc,د,12,1,2
دری‌وری,Noun/Adjective/Misc,د,7,1,2
دزدیده‌شده,Noun/Adjective/Misc,د,10,1,2
دسترسی‌پذیر,Noun/Adjective/Misc,د,11,1,2
دسترس‌پذیر,Noun/Adjective/Misc,د,10,1,2
دستمالی‌شده,Noun/Adjective/Misc,د,11,1,2
دسته‌بندی,Noun/Adjective/Misc,د,9,1,2
دسته‌بندی‌شده,Noun/Adjective/Misc,د,13,1,3
دسته‌جات,Noun/Adjective/Misc,د,8,1,2
دسته‌جمعی,Noun/Adjective/Misc,د,9,1,2
دسته‌دار,Noun/Adjective/Misc,د,8,1,2
دسته‌دسته,Noun/Adjective/Misc,د,9,1,2
دستکاری‌شده,Noun/Adjective/Misc,د,11,1,2
دست‌آخر,Noun/Adjective/Misc,د,7,1,2
دست‌آموز,Noun/Adjective/Misc,د,8,1,2
دست‌آویز,Noun/Adjective/Misc,د,8,1,2
دست‌افشان,Noun/Adjective/Misc,د,9,1,2
دست‌افشانی,Noun/Adjective/Misc,د,10,1,2
دست‌انداز,Noun/Adjective/Misc,د,9,1,2
دست‌اندازی,Noun/Adjective/Misc,د,10,1,2
دست‌اندرکار,Noun/Adjective/Misc,د,11,1,2
دست‌بردار,Noun/Adjective/Misc,د,9,1,2
دست‌بسته,Noun/Adjective/Misc,د,8,1,2
دست‌به‌قلم,Noun/Adjective/Misc,د,10,1,3
دست‌بوس,Noun/Adjective/Misc,د,7,1,2
دست‌بوسی,Noun/Adjective/Misc,د,8,1,2
دست‌خورده,Noun/Adjective/Misc,د,9,1,2
دست‌خوردگی,Noun/Adjective/Misc,د,10,1,2
دست‌خوش,Noun/Adjective/Misc,د,7,1,2
دست‌درازی,Noun/Adjective/Misc,د,9,1,2
دست‌دوز,Noun/Adjective/Misc,د,7,1,2
دست‌رشته,Noun/Adjective/Misc,د,8,1,2
دست‌ساخته,Noun/Adjective/Misc,د,9,1,2
دست‌ساز,Noun/Adjective/Misc,د,7,1,2
دست‌شویی,Noun/Adjective/Misc,د,8,1,2
دست‌فرمان,Noun/Adjective/Misc,د,9,1,2
دست‌فروش,Noun/Adjective/Misc,د,8,1,2
دست‌فروشی,Noun/Adjective/Misc,د,9,1,2
دست‌مال,Noun/Adjective/Misc,د,7,1,2
دست‌مالی,Noun/Adjective/Misc,د,8,1,2
دست‌مایه,Noun/Adjective/Misc,د,8,1,2
دست‌مریزاد,Noun/Adjective/Misc,د,10,1,2
دست‌نخورده,Noun/Adjective/Misc,د,10,1,2
دست‌نشانده,Noun/Adjective/Misc,د,10,1,2
دست‌نشاندگی,Noun/Adjective/Misc,د,11,1,2
دست‌نوشته,Noun/Adjective/Misc,د,9,1,2
دست‌نویس,Noun/Adjective/Misc,د,8,1,2
دست‌نیافتنی,Noun/Adjective/Misc,د,11,1,2
دست‌ودل‌باز,Noun/Adjective/Misc,د,11,1,3
دست‌وپا,Noun/Adjective/Misc,د,7,1,2
دست‌پاچه,Noun/Adjective/Misc,د,8,1,2
دست‌پخت,Noun/Adjective/Misc,د,7,1,2
دست‌پرورده,Noun/Adjective/Misc,د,10,1,2
دست‌چین,Noun/Adjective/Misc,د,7,1,2
دست‌کاری,Noun/Adjective/Misc,د,8,1,2
دست‌کج,Noun/Adjective/Misc,د,6,1,2
دست‌کجی,Noun/Adjective/Misc,د,7,1,2
دست‌کم,Noun/Adjective/Misc,د,6,1,2
دست‌گردان,Noun/Adjective/Misc,د,9,1,2
دست‌گرمی,Noun/Adjective/Misc,د,8,1,2
دست‌گیر,Noun/Adjective/Misc,د,7,1,2
دست‌گیری,Noun/Adjective/Misc,د,8,1,2
دست‌یابی,Noun/Adjective/Misc,د,8,1,2
دست‌یافتنی,Noun/Adjective/Misc,د,10,1,2
دست‌یافته,Noun/Adjective/Misc,د,9,1,2
دسیسه‌آمیز,Noun/Adjective/Misc,د,10,1,2
دسیسه‌باز,Noun/Adjective/Misc,د,9,1,2
دسیسه‌بازی,Noun/Adjective/Misc,د,10,1,2
دسیسه‌گر,Noun/Adjective/Misc,د,8,1,2
دسی‌بل,Noun/Adjective/Misc,د,6,1,2
دسی‌متر,Noun/Adjective/Misc,د,7,1,2
دشمن‌تراش,Noun/Adjective/Misc,د,9,1,2
دشمن‌تراشی,Noun/Adjective/Misc,د,10,1,2
دشمن‌خویانه,Noun/Adjective/Misc,د,11,1,2
دشمن‌پرور,Noun/Adjective/Misc,د,9,1,2
دشنام‌گو,Noun/Adjective/Misc,د,8,1,2
دشنام‌گویی,Noun/Adjective/Misc,د,10,1,2
دعوت‌شده,Noun/Adjective/Misc,د,8,1,2
دعوت‌نامه,Noun/Adjective/Misc,د,9,1,2
دعوت‌کننده,Noun/Adjective/Misc,د,10,1,2
دغل‌باز,Noun/Adjective/Misc,د,7,1,2
دغل‌بازی,Noun/Adjective/Misc,د,8,1,2
دغل‌کار,Noun/Adjective/Misc,د,7,1,2
دغل‌کاری,Noun/Adjective/Misc,د,8,1,2
دفع‌کننده,Noun/Adjective/Misc,د,9,1,2
دفن‌نشده,Noun/Adjective/Misc,د,8,1,2
دف‌زن,Noun/Adjective/Misc,د,5,1,2
دف‌نواز,Noun/Adjective/Misc,د,7,1,2
دقیقه‌شمار,Noun/Adjective/Misc,د,10,1,2
دق‌الباب,Noun/Adjective/Misc,د,8,1,2
دلالت‌کننده,Noun/Adjective/Misc,د,11,1,2
دلقک‌بازی,Noun/Adjective/Misc,د,9,1,2
دلقک‌مآبانه,Noun/Adjective/Misc,د,11,1,2
دلق‌پوش,Noun/Adjective/Misc,د,7,1,2
دلهره‌آور,Noun/Adjective/Misc,د,9,1,2
دلهره‌انگیز,Noun/Adjective/Misc,د,11,1,2
دله‌دزد,Noun/Adjective/Misc,د,7,1,2
دله‌دزدی,Noun/Adjective/Misc,د,8,1,2
دلگرم‌کننده,Noun/Adjective/Misc,د,11,1,2
دلیل‌آوری,Noun/Adjective/Misc,د,9,1,2
دل‌آرا,Noun/Adjective/Misc,د,6,1,2
دل‌آزار,Noun/Adjective/Misc,د,7,1,2
دل‌آزاری,Noun/Adjective/Misc,د,8,1,2
دل‌آزرده,Noun/Adjective/Misc,د,8,1,2
دل‌آزردگی,Noun/Adjective/Misc,د,9,1,2
دل‌آسوده,Noun/Adjective/Misc,د,8,1,2
دل‌آشفته,Noun/Adjective/Misc,د,8,1,2
دل‌آشوب,Noun/Adjective/Misc,د,7,1,2
دل‌آشوبه,Noun/Adjective/Misc,د,8,1,2
دل‌آویز,Noun/Adjective/Misc,د,7,1,2
دل‌آگاه,Noun/Adjective/Misc,د,7,1,2
دل‌افروز,Noun/Adjective/Misc,د,8,1,2
دل‌افروزی,Noun/Adjective/Misc,د,9,1,2
دل‌افسرده,Noun/Adjective/Misc,د,9,1,2
دل‌افگار,Noun/Adjective/Misc,د,8,1,2
دل‌انگیز,Noun/Adjective/Misc,د,8,1,2
دل‌باخته,Noun/Adjective/Misc,د,8,1,2
دل‌باختگی,Noun/Adjective/Misc,د,9,1,2
دل‌باز,Noun/Adjective/Misc,د,6,1,2
دل‌بسته,Noun/Adjective/Misc,د,7,1,2
دل‌تنگ,Noun/Adjective/Misc,د,6,1,2
دل‌جو,Noun/Adjective/Misc,د,5,1,2
دل‌جویی,Noun/Adjective/Misc,د,7,1,2
دل‌خراش,Noun/Adjective/Misc,د,7,1,2
دل‌خسته,Noun/Adjective/Misc,د,7,1,2
دل‌خوش,Noun/Adjective/Misc,د,6,1,2
دل‌درد,Noun/Adjective/Misc,د,6,1,2
دل‌رحم,Noun/Adjective/Misc,د,6,1,2
دل‌زده,Noun/Adjective/Misc,د,6,1,2
دل‌زدگی,Noun/Adjective/Misc,د,7,1,2
دل‌زنده,Noun/Adjective/Misc,د,7,1,2
دل‌سخت,Noun/Adjective/Misc,د,6,1,2
دل‌سوخته,Noun/Adjective/Misc,د,8,1,2
دل‌سپاری,Noun/Adjective/Misc,د,8,1,2
دل‌سپرده,Noun/Adjective/Misc,د,8,1,2
دل‌سپردگی,Noun/Adjective/Misc,د,9,1,2
دل‌شده,Noun/Adjective/Misc,د,6,1,2
دل‌شدگی,Noun/Adjective/Misc,د,7,1,2
دل‌شوره,Noun/Adjective/Misc,د,7,1,2
دل‌شکسته,Noun/Adjective/Misc,د,8,1,2
دل‌شکستگی,Noun/Adjective/Misc,د,9,1,2
دل‌شیفته,Noun/Adjective/Misc,د,8,1,2
دل‌ضعفه,Noun/Adjective/Misc,د,7,1,2
دل‌غشه,Noun/Adjective/Misc,د,6,1,2
دل‌فریب,Noun/Adjective/Misc,د,7,1,2
دل‌فریبی,Noun/Adjective/Misc,د,8,1,2
دل‌مرده,Noun/Adjective/Misc,د,7,1,2
دل‌مردگی,Noun/Adjective/Misc,د,8,1,2
دل‌مشغول,Noun/Adjective/Misc,د,8,1,2
دل‌مشغولی,Noun/Adjective/Misc,د,9,1,2
دل‌نازک,Noun/Adjective/Misc,د,7,1,2
دل‌نازکی,Noun/Adjective/Misc,د,8,1,2
دل‌نشین,Noun/Adjective/Misc,د,7,1,2
دل‌نواز,Noun/Adjective/Misc,د,7,1,2
دل‌نوازی,Noun/Adjective/Misc,د,8,1,2
دل‌نگران,Noun/Adjective/Misc,د,8,1,2
دل‌نگرانی,Noun/Adjective/Misc,د,9,1,2
دل‌پاک,Noun/Adjective/Misc,د,6,1,2
دل‌پذیر,Noun/Adjective/Misc,د,7,1,2
دل‌پسند,Noun/Adjective/Misc,د,7,1,2
دل‌پیچه,Noun/Adjective/Misc,د,7,1,2
دل‌چرکین,Noun/Adjective/Misc,د,8,1,2
دل‌چسب,Noun/Adjective/Misc,د,6,1,2
دل‌گرفته,Noun/Adjective/Misc,د,8,1,2
دل‌گنده,Noun/Adjective/Misc,د,7,1,2
دل‌گندگی,Noun/Adjective/Misc,د,8,1,2
دماغ‌دار,Noun/Adjective/Misc,د,8,1,2
دماغ‌سوخته,Noun/Adjective/Misc,د,10,1,2
دماغ‌سوختگی,Noun/Adjective/Misc,د,11,1,2
دموکرات‌مسلک,Noun/Adjective/Misc,د,12,1,2
دم‌باریک,Noun/Adjective/Misc,د,8,1,2
دم‌بریده,Noun/Adjective/Misc,د,8,1,2
دم‌دار,Noun/Adjective/Misc,د,6,1,2
دم‌دراز,Noun/Adjective/Misc,د,7,1,2
دم‌دمی‌مزاج,Noun/Adjective/Misc,د,11,1,3
دم‌سرد,Noun/Adjective/Misc,د,6,1,2
دم‌سردی,Noun/Adjective/Misc,د,7,1,2
دم‌سیاه,Noun/Adjective/Misc,د,7,1,2
دم‌صبح,Noun/Adjective/Misc,د,6,1,2
دم‌ودستگاه,Noun/Adjective/Misc,د,10,1,2
دم‌پختک,Noun/Adjective/Misc,د,7,1,2
دم‌پر,Noun/Adjective/Misc,د,5,1,2
دم‌کرده,Noun/Adjective/Misc,د,7,1,2
دم‌کلفت,Noun/Adjective/Misc,د,7,1,2
دنباله‌دار,Noun/Adjective/Misc,د,10,1,2
دنباله‌رو,Noun/Adjective/Misc,د,9,1,2
دنباله‌سازی,Noun/Adjective/Misc,د,11,1,2
دندانه‌دار,Noun/Adjective/Misc,د,10,1,2
دندان‌درد,Noun/Adjective/Misc,د,9,1,2
دندان‌ساز,Noun/Adjective/Misc,د,9,1,2
دندان‌سازی,Noun/Adjective/Misc,د,10,1,2
دندان‌شکن,Noun/Adjective/Misc,د,9,1,2
دندان‌قروچه,Noun/Adjective/Misc,د,11,1,2
دندان‌پزشک,Noun/Adjective/Misc,د,10,1,2
دندان‌پزشکی,Noun/Adjective/Misc,د,11,1,2
دندان‌گرد,Noun/Adjective/Misc,د,9,1,2
دندان‌گردی,Noun/Adjective/Misc,د,10,1,2
دندان‌گیر,Noun/Adjective/Misc,د,9,1,2
دنده‌دار,Noun/Adjective/Misc,د,8,1,2
دهانه‌گشاد,Noun/Adjective/Misc,د,10,1,2
دهان‌بند,Noun/Adjective/Misc,د,8,1,2
دهان‌بین,Noun/Adjective/Misc,د,8,1,2
دهان‌بینی,Noun/Adjective/Misc,د,9,1,2
دهان‌دار,Noun/Adjective/Misc,د,8,1,2
دهان‌دره,Noun/Adjective/Misc,د,8,1,2
دهان‌سوز,Noun/Adjective/Misc,د,8,1,2
دهان‌شو,Noun/Adjective/Misc,د,7,1,2
دهان‌شویه,Noun/Adjective/Misc,د,9,1,2
دهان‌لق,Noun/Adjective/Misc,د,7,1,2
دهان‌کجی,Noun/Adjective/Misc,د,8,1,2
دهان‌گشوده,Noun/Adjective/Misc,د,10,1,2
دهشت‌آور,Noun/Adjective/Misc,د,8,1,2
دهشت‌بار,Noun/Adjective/Misc,د,8,1,2
دهشت‌زا,Noun/Adjective/Misc,د,7,1,2
دهشت‌زده,Noun/Adjective/Misc,د,8,1,2
دهشت‌زدگی,Noun/Adjective/Misc,د,9,1,2
دهقان‌زاده,Noun/Adjective/Misc,د,10,1,2
دهلی‌نو,Noun/Adjective/Misc,د,7,1,2
دهل‌زن,Noun/Adjective/Misc,د,6,1,2
دهل‌نواز,Noun/Adjective/Misc,د,8,1,2
دهن‌دره,Noun/Adjective/Misc,د,7,1,2
ده‌باره,Noun/Adjective/Misc,د,7,1,2
ده‌بخشی,Noun/Adjective/Misc,د,7,1,2
ده‌به‌ده,Noun/Adjective/Misc,د,8,1,3
ده‌تا,Noun/Adjective/Misc,د,5,1,2
ده‌تاده‌تا,Noun/Adjective/Misc,د,10,1,3
ده‌تایکی,Noun/Adjective/Misc,د,8,1,2
ده‌تایی,Noun/Adjective/Misc,د,7,1,2
ده‌تومانی,Noun/Adjective/Misc,د,9,1,2
ده‌ثانیه‌ای,Noun/Adjective/Misc,د,11,1,3
ده‌جانبه,Noun/Adjective/Misc,د,8,1,2
ده‌جلدی,Noun/Adjective/Misc,د,7,1,2
ده‌جمله‌ای,Noun/Adjective/Misc,د,10,1,3
ده‌حالته,Noun/Adjective/Misc,د,8,1,2
ده‌حالتی,Noun/Adjective/Misc,د,8,1,2
ده‌حرفی,Noun/Adjective/Misc,د,7,1,2
ده‌دانه‌ای,Noun/Adjective/Misc,د,10,1,3
ده‌درصدی,Noun/Adjective/Misc,د,8,1,2
ده‌دستگی,Noun/Adjective/Misc,د,8,1,2
ده‌دقیقه‌ای,Noun/Adjective/Misc,د,11,1,3
ده‌دلاری,Noun/Adjective/Misc,د,8,1,2
ده‌دهم,Noun/Adjective/Misc,د,6,1,2
ده‌دوم,Noun/Adjective/Misc,د,6,1,2
ده‌دوّم,Noun/Adjective/Misc,د,7,1,2
ده‌رقمی,Noun/Adjective/Misc,د,7,1,2
ده‌روزه,Noun/Adjective/Misc,د,7,1,2
ده‌ریالی,Noun/Adjective/Misc,د,8,1,2
ده‌ساعته,Noun/Adjective/Misc,د,8,1,2
ده‌ساعتی,Noun/Adjective/Misc,د,8,1,2
ده‌ساله,Noun/Adjective/Misc,د,7,1,2
ده‌سالگی,Noun/Adjective/Misc,د,8,1,2
ده‌سوم,Noun/Adjective/Misc,د,6,1,2
ده‌سوّم,Noun/Adjective/Misc,د,7,1,2
ده‌ششم,Noun/Adjective/Misc,د,6,1,2
ده‌صدم,Noun/Adjective/Misc,د,6,1,2
ده‌صفحه‌ای,Noun/Adjective/Misc,د,10,1,3
ده‌قرانی,Noun/Adjective/Misc,د,8,1,2
ده‌قسمته,Noun/Adjective/Misc,د,8,1,2
ده‌قسمتی,Noun/Adjective/Misc,د,8,1,2
ده‌قلو,Noun/Adjective/Misc,د,6,1,2
ده‌لو,Noun/Adjective/Misc,د,5,1,2
ده‌ماهه,Noun/Adjective/Misc,د,7,1,2
ده‌ماهگی,Noun/Adjective/Misc,د,8,1,2
ده‌میلیاردنفره,Noun/Adjective/Misc,د,14,1,2
ده‌میلیاردنفری,Noun/Adjective/Misc,د,14,1,2
ده‌میلیاردی,Noun/Adjective/Misc,د,11,1,2
ده‌میلیونی,Noun/Adjective/Misc,د,10,1,2
ده‌میلیون‌نفره,Noun/Adjective/Misc,د,14,1,3
ده‌میلیون‌نفری,Noun/Adjective/Misc,د,14,1,3
ده‌نشین,Noun/Adjective/Misc,د,7,1,2
ده‌نفره,Noun/Adjective/Misc,د,7,1,2
ده‌نفری,Noun/Adjective/Misc,د,7,1,2
ده‌نمکی,Noun/Adjective/Misc,د,7,1,2
ده‌نهم,Noun/Adjective/Misc,د,6,1,2
ده‌هجایی,Noun/Adjective/Misc,د,8,1,2
ده‌هزارتومانی,Noun/Adjective/Misc,د,13,1,2
ده‌هزارساله,Noun/Adjective/Misc,د,11,1,2
ده‌هزارسالگی,Noun/Adjective/Misc,د,12,1,2
ده‌هزارصفحه‌ای,Noun/Adjective/Misc,د,14,1,3
ده‌هزارم,Noun/Adjective/Misc,د,8,1,2
ده‌هزارنفره,Noun/Adjective/Misc,د,11,1,2
ده‌هزارنفری,Noun/Adjective/Misc,د,11,1,2
ده‌هزاری,Noun/Adjective/Misc,د,8,1,2
ده‌هشتم,Noun/Adjective/Misc,د,7,1,2
ده‌هفتم,Noun/Adjective/Misc,د,7,1,2
ده‌هفته‌ای,Noun/Adjective/Misc,د,10,1,3
ده‌پرده‌ای,Noun/Adjective/Misc,د,10,1,3
ده‌پنجم,Noun/Adjective/Misc,د,7,1,2
ده‌چرخه,Noun/Adjective/Misc,د,7,1,2
ده‌چهارم,Noun/Adjective/Misc,د,8,1,2
ده‌کاره,Noun/Adjective/Misc,د,7,1,2
ده‌کلمه‌ای,Noun/Adjective/Misc,د,10,1,3
ده‌کوره,Noun/Adjective/Misc,د,7,1,2
ده‌گان,Noun/Adjective/Misc,د,6,1,2
ده‌گانه,Noun/Adjective/Misc,د,7,1,2
ده‌یورویی,Noun/Adjective/Misc,د,9,1,2
دوازده‌امامی,Noun/Adjective/Misc,د,12,1,2
دوازده‌بخشی,Noun/Adjective/Misc,د,11,1,2
دوازده‌تا,Noun/Adjective/Misc,د,9,1,2
دوازده‌تایی,Noun/Adjective/Misc,د,11,1,2
دوازده‌ثانیه‌ای,Noun/Adjective/Misc,د,15,1,3
دوازده‌جلدی,Noun/Adjective/Misc,د,11,1,2
دوازده‌حالته,Noun/Adjective/Misc,د,12,1,2
دوازده‌حالتی,Noun/Adjective/Misc,د,12,1,2
دوازده‌حرفی,Noun/Adjective/Misc,د,11,1,2
دوازده‌دانه‌ای,Noun/Adjective/Misc,د,14,1,3
دوازده‌درصدی,Noun/Adjective/Misc,د,12,1,2
دوازده‌دقیقه‌ای,Noun/Adjective/Misc,د,15,1,3
دوازده‌رقمی,Noun/Adjective/Misc,د,11,1,2
دوازده‌روزه,Noun/Adjective/Misc,د,11,1,2
دوازده‌ساعته,Noun/Adjective/Misc,د,12,1,2
دوازده‌ساعتی,Noun/Adjective/Misc,د,12,1,2
دوازده‌ساله,Noun/Adjective/Misc,د,11,1,2
دوازده‌سالگی,Noun/Adjective/Misc,د,12,1,2
دوازده‌صفحه‌ای,Noun/Adjective/Misc,د,14,1,3
دوازده‌قسمته,Noun/Adjective/Misc,د,12,1,2
دوازده‌قسمتی,Noun/Adjective/Misc,د,12,1,2
دوازده‌ماهه,Noun/Adjective/Misc,د,11,1,2
دوازده‌ماهگی,Noun/Adjective/Misc,د,12,1,2
دوازده‌میلیاردی,Noun/Adjective/Misc,د,15,1,2
دوازده‌میلیونی,Noun/Adjective/Misc,د,14,1,2
دوازده‌میلیون‌نفره,Noun/Adjective/Misc,د,18,1,3
دوازده‌میلیون‌نفری,Noun/Adjective/Misc,د,18,1,3
دوازده‌نفره,Noun/Adjective/Misc,د,11,1,2
دوازده‌نفری,Noun/Adjective/Misc,د,11,1,2
دوازده‌هجایی,Noun/Adjective/Misc,د,12,1,2
دوازده‌هزارساله,Noun/Adjective/Misc,د,15,1,2
دوازده‌هزارسالگی,Noun/Adjective/Misc,د,16,1,2
دوازده‌هزارنفره,Noun/Adjective/Misc,د,15,1,2
دوازده‌هزارنفری,Noun/Adjective/Misc,د,15,1,2
دوازده‌هفته‌ای,Noun/Adjective/Misc,د,14,1,3
دوازده‌پرده‌ای,Noun/Adjective/Misc,د,14,1,3
دوازده‌گانه,Noun/Adjective/Misc,د,11,1,2
دوام‌دار,Noun/Adjective/Misc,د,8,1,2
دوباره‌سازی,Noun/Adjective/Misc,د,11,1,2
دوباره‌نویسی,Noun/Adjective/Misc,د,12,1,2
دوباره‌کاری,Noun/Adjective/Misc,د,11,1,2
دوبله‌شده,Noun/Adjective/Misc,د,9,1,2
دوبه‌ده,Noun/Adjective/Misc,د,7,1,2
دوبه‌سه,Noun/Adjective/Misc,د,7,1,2
دوبه‌شش,Noun/Adjective/Misc,د,7,1,2
دوبه‌نه,Noun/Adjective/Misc,د,7,1,2
دوبه‌هشت,Noun/Adjective/Misc,د,8,1,2
دوبه‌هفت,Noun/Adjective/Misc,د,8,1,2
دوبه‌پنج,Noun/Adjective/Misc,د,8,1,2
دوبه‌چهار,Noun/Adjective/Misc,د,9,1,2
دوبه‌یک,Noun/Adjective/Misc,د,7,1,2
دوثانیه‌ای,Noun/Adjective/Misc,د,10,1,2
دوجمله‌ای,Noun/Adjective/Misc,د,9,1,2
دوخته‌شده,Noun/Adjective/Misc,د,9,1,2
دودانه‌ای,Noun/Adjective/Misc,د,9,1,2
دودرجه‌ای,Noun/Adjective/Misc,د,9,1,2
دودقیقه‌ای,Noun/Adjective/Misc,د,10,1,2
دودوزه‌بازی,Noun/Adjective/Misc,د,11,1,2
دوران‌ساز,Noun/Adjective/Misc,د,9,1,2
دوره‌افتاده,Noun/Adjective/Misc,د,11,1,2
دوره‌دیده,Noun/Adjective/Misc,د,9,1,2
دوره‌گرد,Noun/Adjective/Misc,د,8,1,2
دوره‌گردی,Noun/Adjective/Misc,د,9,1,2
دوست‌داشتنی,Noun/Adjective/Misc,د,11,1,2
دوست‌محمد,Noun/Adjective/Misc,د,9,1,2
دوست‌نداشتن,Noun/Adjective/Misc,د,11,1,2
دوست‌یابی,Noun/Adjective/Misc,د,9,1,2
دوسه‌روزه,Noun/Adjective/Misc,د,9,1,2
دوسه‌ساله,Noun/Adjective/Misc,د,9,1,2
دوسه‌ماهه,Noun/Adjective/Misc,د,9,1,2
دوصفحه‌ای,Noun/Adjective/Misc,د,9,1,2
دوغاب‌شده,Noun/Adjective/Misc,د,9,1,2
دوغ‌خوری,Noun/Adjective/Misc,د,8,1,2
دولت‌آباد,Noun/Adjective/Misc,د,9,1,2
دولت‌خواه,Noun/Adjective/Misc,د,9,1,2
دولت‌خواهانه,Noun/Adjective/Misc,د,12,1,2
دولت‌محور,Noun/Adjective/Misc,د,9,1,2
دولت‌مدار,Noun/Adjective/Misc,د,9,1,2
دولت‌مداری,Noun/Adjective/Misc,د,10,1,2
دولت‌مرد,Noun/Adjective/Misc,د,8,1,2
دولت‌گرا,Noun/Adjective/Misc,د,8,1,2
دولپه‌ای,Noun/Adjective/Misc,د,8,1,2
دومرحله‌ای,Noun/Adjective/Misc,د,10,1,2
دومیلیون‌نفره,Noun/Adjective/Misc,د,13,1,2
دومیلیون‌نفری,Noun/Adjective/Misc,د,13,1,2
دون‌همت,Noun/Adjective/Misc,د,7,1,2
دون‌همتی,Noun/Adjective/Misc,د,8,1,2
دون‌پایه,Noun/Adjective/Misc,د,8,1,2
دوهزارصفحه‌ای,Noun/Adjective/Misc,د,13,1,2
دوهفته‌ای,Noun/Adjective/Misc,د,9,1,2
دوپرده‌ای,Noun/Adjective/Misc,د,9,1,2
دوچرخه‌ساز,Noun/Adjective/Misc,د,10,1,2
دوچرخه‌سازی,Noun/Adjective/Misc,د,11,1,2
دوچرخه‌سوار,Noun/Adjective/Misc,د,11,1,2
دوچرخه‌سواری,Noun/Adjective/Misc,د,12,1,2
دوکلمه‌ای,Noun/Adjective/Misc,د,9,1,2
دوگانه‌سوز,Noun/Adjective/Misc,د,10,1,2
دویست‌بخشی,Noun/Adjective/Misc,د,10,1,2
دویست‌تا,Noun/Adjective/Misc,د,8,1,2
دویست‌تومانی,Noun/Adjective/Misc,د,12,1,2
دویست‌ثانیه‌ای,Noun/Adjective/Misc,د,14,1,3
دویست‌جلدی,Noun/Adjective/Misc,د,10,1,2
دویست‌حالته,Noun/Adjective/Misc,د,11,1,2
دویست‌حالتی,Noun/Adjective/Misc,د,11,1,2
دویست‌دانه‌ای,Noun/Adjective/Misc,د,13,1,3
دویست‌دقیقه‌ای,Noun/Adjective/Misc,د,14,1,3
دویست‌رقمی,Noun/Adjective/Misc,د,10,1,2
دویست‌روزه,Noun/Adjective/Misc,د,10,1,2
دویست‌ساعته,Noun/Adjective/Misc,د,11,1,2
دویست‌ساعتی,Noun/Adjective/Misc,د,11,1,2
دویست‌ساله,Noun/Adjective/Misc,د,10,1,2
دویست‌سالگی,Noun/Adjective/Misc,د,11,1,2
دویست‌صفحه‌ای,Noun/Adjective/Misc,د,13,1,3
دویست‌قسمته,Noun/Adjective/Misc,د,11,1,2
دویست‌قسمتی,Noun/Adjective/Misc,د,11,1,2
دویست‌ماهه,Noun/Adjective/Misc,د,10,1,2
دویست‌ماهگی,Noun/Adjective/Misc,د,11,1,2
دویست‌میلیاردی,Noun/Adjective/Misc,د,14,1,2
دویست‌میلیونی,Noun/Adjective/Misc,د,13,1,2
دویست‌میلیون‌نفره,Noun/Adjective/Misc,د,17,1,3
دویست‌میلیون‌نفری,Noun/Adjective/Misc,د,17,1,3
دویست‌نفره,Noun/Adjective/Misc,د,10,1,2
دویست‌نفری,Noun/Adjective/Misc,د,10,1,2
دویست‌هزارساله,Noun/Adjective/Misc,د,14,1,2
دویست‌هزارسالگی,Noun/Adjective/Misc,د,15,1,2
دویست‌هزارنفره,Noun/Adjective/Misc,د,14,1,2
دویست‌هزارنفری,Noun/Adjective/Misc,د,14,1,2
دویست‌هفته‌ای,Noun/Adjective/Misc,د,13,1,3
دویست‌وچند,Noun/Adjective/Misc,د,10,1,2
دویست‌وچندساله,Noun/Adjective/Misc,د,14,1,2
دویست‌وچندسالگی,Noun/Adjective/Misc,د,15,1,2
دویست‌کلمه‌ای,Noun/Adjective/Misc,د,13,1,3
دویست‌گانه,Noun/Adjective/Misc,د,10,1,2
دویست‌یورویی,Noun/Adjective/Misc,د,12,1,2
دکان‌دار,Noun/Adjective/Misc,د,8,1,2
دگرگون‌سازی,Noun/Adjective/Misc,د,11,1,2
دگرگون‌شده,Noun/Adjective/Misc,د,10,1,2
دگرگون‌کننده,Noun/Adjective/Misc,د,12,1,2
دیالوگ‌نویسی,Noun/Adjective/Misc,د,12,1,2
دیده‌بان,Noun/Adjective/Misc,د,8,1,2
دیده‌بوسی,Noun/Adjective/Misc,د,9,1,2
دیده‌شده,Noun/Adjective/Misc,د,8,1,2
دیفرانسیل‌گیری,Noun/Adjective/Misc,د,14,1,2
دیمی‌کاری,Noun/Adjective/Misc,د,9,1,2
دین‌آباد,Noun/Adjective/Misc,د,8,1,2
دین‌باور,Noun/Adjective/Misc,د,8,1,2
دین‌باوری,Noun/Adjective/Misc,د,9,1,2
دین‌دار,Noun/Adjective/Misc,د,7,1,2
دین‌دانشی,Noun/Adjective/Misc,د,9,1,2
دین‌ستیز,Noun/Adjective/Misc,د,8,1,2
دین‌شناس,Noun/Adjective/Misc,د,8,1,2
دین‌شناسانه,Noun/Adjective/Misc,د,11,1,2
دین‌فروش,Noun/Adjective/Misc,د,8,1,2
دین‌محمدی,Noun/Adjective/Misc,د,9,1,2
دین‌محوری,Noun/Adjective/Misc,د,9,1,2
دین‌مدار,Noun/Adjective/Misc,د,8,1,2
دین‌مداری,Noun/Adjective/Misc,د,9,1,2
دین‌پژوه,Noun/Adjective/Misc,د,8,1,2
دین‌گرا,Noun/Adjective/Misc,د,7,1,2
دین‌گریز,Noun/Adjective/Misc,د,8,1,2
دین‌گستر,Noun/Adjective/Misc,د,8,1,2
دیه‌گو,Noun/Adjective/Misc,د,6,1,2
دیوانه‌بازی,Noun/Adjective/Misc,د,11,1,2
دیوانه‌خانه,Noun/Adjective/Misc,د,11,1,2
دیوانه‌وار,Noun/Adjective/Misc,د,10,1,2
دیوان‌سالار,Noun/Adjective/Misc,د,11,1,2
دیوان‌سالاری,Noun/Adjective/Misc,د,12,1,2
دی‌ان‌آ,Noun/Adjective/Misc,د,7,1,3
دی‌ان‌ای,Noun/Adjective/Misc,د,8,1,3
دی‌اکسید,Noun/Adjective/Misc,د,8,1,2
دی‌ماه,Noun/Adjective/Misc,د,6,1,2
دی‌وی‌دی,Noun/Adjective/Misc,د,8,1,3
داستان‌سرایی,Noun/Adjective/Misc,د,12,1,2
داغول‌بازی,Noun/Adjective/Misc,د,10,1,2
دانش‌پژوهشی,Noun/Adjective/Misc,د,11,1,2
دانه‌درشت,Noun/Adjective/Misc,د,9,1,2
دبل‌آ,Noun/Adjective/Misc,د,5,1,2
دراپ‌بال,Noun/Adjective/Misc,د,8,1,2
دربه‌دری,Noun/Adjective/Misc,د,8,1,2
درس‌نامه,Noun/Adjective/Misc,د,8,1,2
درس‌نامه‌های,Noun/Adjective/Misc,د,12,1,3
دروازه‌بانی,Noun/Adjective/Misc,د,11,1,2
درون‌رحمی,Noun/Adjective/Misc,د,9,1,2
در‌برگیرنده,Noun/Adjective/Misc,د,11,1,2
دستش‌ده,Noun/Adjective/Misc,د,7,1,2
دست‌بند,Noun/Adjective/Misc,د,7,1,2
دست‌کش,Noun/Adjective/Misc,د,6,1,2
دسیسه‌چینی,Noun/Adjective/Misc,د,10,1,2
دشمن‌شناسی,Noun/Adjective/Misc,د,10,1,2
دشنام‌دهنده,Noun/Adjective/Misc,د,11,1,2
دقیقه‌شماری,Noun/Adjective/Misc,د,11,1,2
دلتنگی‌ها,Noun/Adjective/Misc,د,9,1,2
دلقک‌ماهی,Noun/Adjective/Misc,د,9,1,2
دل‌تنگی,Noun/Adjective/Misc,د,7,1,2
دل‌خواسته,Noun/Adjective/Misc,د,9,1,2
دل‌نوشته,Noun/Adjective/Misc,د,8,1,2
دمکراتیزه‌سازی,Noun/Adjective/Misc,د,14,1,2
دم‌پایی,Noun/Adjective/Misc,د,7,1,2
دنباله‌روی,Noun/Adjective/Misc,د,10,1,2
دنده‌عقب,Noun/Adjective/Misc,د,8,1,2
دهشت‌افکنی,Noun/Adjective/Misc,د,10,1,2
دهن‌کجی,Noun/Adjective/Misc,د,7,1,2
ده‌ها,Noun/Adjective/Misc,د,5,1,2
دوخون‌سانی,Noun/Adjective/Misc,د,10,1,2
دوست‌نما,Noun/Adjective/Misc,د,8,1,2
دولت‌شهر,Noun/Adjective/Misc,د,8,1,2
دوهفته‌نامه,Noun/Adjective/Misc,د,11,1,2
دیدار‌کننده,Noun/Adjective/Misc,د,11,1,2
دیده‌بانی,Noun/Adjective/Misc,د,9,1,2
دین‌داری,Noun/Adjective/Misc,د,8,1,2
دین‌دانا,Noun/Adjective/Misc,د,8,1,2
دین‌زدایی,Noun/Adjective/Misc,د,9,1,2
دین‌سالار,Noun/Adjective/Misc,د,9,1,2
دین‌فروشی,Noun/Adjective/Misc,د,9,1,2
دین‌گریزی,Noun/Adjective/Misc,د,9,1,2
دین‌یاری,Noun/Adjective/Misc,د,8,1,2
دایره‌زنگی,Noun/Adjective/Misc,د,10,1,2
دخل‌وتصرف,Noun/Adjective/Misc,د,9,1,2
درخواست‌نامه,Noun/Adjective/Misc,د,12,1,2
دردی‌آشام,Noun/Adjective/Misc,د,9,1,2
دردی‌کش,Noun/Adjective/Misc,د,7,1,2
درس‌ناخوانده,Noun/Adjective/Misc,د,12,1,2
درویش‌منشانه,Noun/Adjective/Misc,د,12,1,2
درهم‌برهم,Noun/Adjective/Misc,د,9,1,2
دریوزه‌گر,Noun/Adjective/Misc,د,9,1,2
دست‌به‌یقه,Noun/Adjective/Misc,د,10,1,3
دست‌تنگ,Noun/Adjective/Misc,د,7,1,2
دست‌دوم,Noun/Adjective/Misc,د,7,1,2
دست‌نماز,Noun/Adjective/Misc,د,8,1,2
دست‌وپاچلفتی,Noun/Adjective/Misc,د,12,1,2
دل‌فگار,Noun/Adjective/Misc,د,7,1,2
دل‌واپسی,Noun/Adjective/Misc,د,8,1,2
دم‌وبازدم,Noun/Adjective/Misc,د,9,1,2
دمدمی‌مزاج,Noun/Adjective/Misc,د,10,1,2
دندان‌گرفتن,Noun/Adjective/Misc,د,11,1,2
دنگ‌وفنگ,Noun/Adjective/Misc,د,8,1,2
دوستاق‌خانه,Noun/Adjective/Misc,د,11,1,2
دولت‌سرا,Noun/Adjective/Misc,د,8,1,2
دون‌صفت,Noun/Adjective/Misc,د,7,1,2
دین‌پرور,Noun/Adjective/Misc,د,8,1,2
دیوانه‌وش,Noun/Adjective/Misc,د,9,1,2
ذات‌الریه,Noun/Adjective/Misc,ذ,9,1,2
ذبح‌شده,Noun/Adjective/Misc,ذ,7,1,2
ذبیح‌الله,Noun/Adjective/Misc,ذ,9,1,2
ذخیره‌سازی,Noun/Adjective/Misc,ذ,10,1,2
ذخیره‌شده,Noun/Adjective/Misc,ذ,9,1,2
ذره‌بین,Noun/Adjective/Misc,ذ,7,1,2
ذره‌بینی,Noun/Adjective/Misc,ذ,8,1,2
ذره‌ذره,Noun/Adjective/Misc,ذ,7,1,2
ذره‌پرور,Noun/Adjective/Misc,ذ,8,1,2
ذره‌پروری,Noun/Adjective/Misc,ذ,9,1,2
ذلت‌بار,Noun/Adjective/Misc,ذ,7,1,2
ذلیل‌شده,Noun/Adjective/Misc,ذ,8,1,2
ذلیل‌مرده,Noun/Adjective/Misc,ذ,9,1,2
ذهن‌خوانی,Noun/Adjective/Misc,ذ,9,1,2
ذهن‌گرا,Noun/Adjective/Misc,ذ,7,1,2
ذوب‌آهن,Noun/Adjective/Misc,ذ,7,1,2
ذوب‌شده,Noun/Adjective/Misc,ذ,7,1,2
ذوق‌زده,Noun/Adjective/Misc,ذ,7,1,2
ذوق‌زدگی,Noun/Adjective/Misc,ذ,8,1,2
ذوق‌مرگ,Noun/Adjective/Misc,ذ,7,1,2
ذی‌الجلال,Noun/Adjective/Misc,ذ,9,1,2
ذی‌الجوشن,Noun/Adjective/Misc,ذ,9,1,2
ذی‌الحجه,Noun/Adjective/Misc,ذ,8,1,2
ذی‌القعده,Noun/Adjective/Misc,ذ,9,1,2
ذی‌حجه,Noun/Adjective/Misc,ذ,6,1,2
ذی‌حساب,Noun/Adjective/Misc,ذ,7,1,2
ذی‌حق,Noun/Adjective/Misc,ذ,5,1,2
ذی‌ربط,Noun/Adjective/Misc,ذ,6,1,2
ذی‌روح,Noun/Adjective/Misc,ذ,6,1,2
ذی‌شعور,Noun/Adjective/Misc,ذ,7,1,2
ذی‌صلاح,Noun/Adjective/Misc,ذ,7,1,2
ذی‌فنون,Noun/Adjective/Misc,ذ,7,1,2
ذی‌قعده,Noun/Adjective/Misc,ذ,7,1,2
ذی‌قیمت,Noun/Adjective/Misc,ذ,7,1,2
ذی‌نفع,Noun/Adjective/Misc,ذ,6,1,2
ذی‌نفوذ,Noun/Adjective/Misc,ذ,7,1,2
ذمه‌دار,Noun/Adjective/Misc,ذ,7,1,2
ذی‌نفس,Noun/Adjective/Misc,ذ,6,1,2
ذی‌مدخل,Noun/Adjective/Misc,ذ,7,1,2
رأس‌السرطان,Noun/Adjective/Misc,ر,11,1,2
رأی‌العین,Noun/Adjective/Misc,ر,9,1,2
رأی‌دهنده,Noun/Adjective/Misc,ر,9,1,2
رأی‌دهی,Noun/Adjective/Misc,ر,7,1,2
رأی‌گیری,Noun/Adjective/Misc,ر,8,1,2
رئیس‌الرؤسا,Noun/Adjective/Misc,ر,11,1,2
رئیس‌الوزرا,Noun/Adjective/Misc,ر,11,1,2
رئیس‌الوزراء,Noun/Adjective/Misc,ر,12,1,2
رئیس‌جمهور,Noun/Adjective/Misc,ر,10,1,2
رئیس‌جمهوری,Noun/Adjective/Misc,ر,11,1,2
رئیس‌علی,Noun/Adjective/Misc,ر,8,1,2
رئیس‌کل,Noun/Adjective/Misc,ر,7,1,2
رابین‌هود,Noun/Adjective/Misc,ر,9,1,2
راحت‌افزا,Noun/Adjective/Misc,ر,9,1,2
راحت‌الحلقوم,Noun/Adjective/Misc,ر,12,1,2
راحت‌طلب,Noun/Adjective/Misc,ر,8,1,2
راحت‌طلبی,Noun/Adjective/Misc,ر,9,1,2
راست‌دست,Noun/Adjective/Misc,ر,8,1,2
راست‌رو,Noun/Adjective/Misc,ر,7,1,2
راست‌چین,Noun/Adjective/Misc,ر,8,1,2
راست‌کردار,Noun/Adjective/Misc,ر,10,1,2
راست‌کرداری,Noun/Adjective/Misc,ر,11,1,2
راست‌گرا,Noun/Adjective/Misc,ر,8,1,2
راست‌گرایی,Noun/Adjective/Misc,ر,10,1,2
راست‌گفتار,Noun/Adjective/Misc,ر,10,1,2
راست‌گو,Noun/Adjective/Misc,ر,7,1,2
راست‌گویی,Noun/Adjective/Misc,ر,9,1,2
راس‌الجدی,Noun/Adjective/Misc,ر,9,1,2
راضی‌کننده,Noun/Adjective/Misc,ر,10,1,2
رانت‌خوار,Noun/Adjective/Misc,ر,9,1,2
رانت‌خواری,Noun/Adjective/Misc,ر,10,1,2
رانده‌شده,Noun/Adjective/Misc,ر,9,1,2
راه‌آب,Noun/Adjective/Misc,ر,6,1,2
راه‌آهن,Noun/Adjective/Misc,ر,7,1,2
راه‌انداز,Noun/Adjective/Misc,ر,9,1,2
راه‌اندازی,Noun/Adjective/Misc,ر,10,1,2
راه‌بند,Noun/Adjective/Misc,ر,7,1,2
راه‌بندان,Noun/Adjective/Misc,ر,9,1,2
راه‌توشه,Noun/Adjective/Misc,ر,8,1,2
راه‌حل,Noun/Adjective/Misc,ر,6,1,2
راه‌راه,Noun/Adjective/Misc,ر,7,1,2
راه‌ساز,Noun/Adjective/Misc,ر,7,1,2
راه‌سازی,Noun/Adjective/Misc,ر,8,1,2
راه‌پله,Noun/Adjective/Misc,ر,7,1,2
راه‌پیما,Noun/Adjective/Misc,ر,8,1,2
راه‌پیمایی,Noun/Adjective/Misc,ر,10,1,2
راه‌کار,Noun/Adjective/Misc,ر,7,1,2
راه‌کوره,Noun/Adjective/Misc,ر,8,1,2
راه‌یابی,Noun/Adjective/Misc,ر,8,1,2
راه‌یافته,Noun/Adjective/Misc,ر,9,1,2
رایانه‌سازی,Noun/Adjective/Misc,ر,11,1,2
رباب‌زن,Noun/Adjective/Misc,ر,7,1,2
رباط‌کریم,Noun/Adjective/Misc,ر,9,1,2
ربع‌سکه,Noun/Adjective/Misc,ر,7,1,2
ربوده‌شده,Noun/Adjective/Misc,ر,9,1,2
ربیع‌الاول,Noun/Adjective/Misc,ر,10,1,2
ربیع‌الثانی,Noun/Adjective/Misc,ر,11,1,2
رب‌العالمین,Noun/Adjective/Misc,ر,11,1,2
رب‌النوع,Noun/Adjective/Misc,ر,8,1,2
رتبه‌بندی,Noun/Adjective/Misc,ر,9,1,2
رتق‌وفتق,Noun/Adjective/Misc,ر,8,1,2
رجب‌بیگی,Noun/Adjective/Misc,ر,8,1,2
رجب‌زاده,Noun/Adjective/Misc,ر,8,1,2
رجب‌علی,Noun/Adjective/Misc,ر,7,1,2
رج‌بندی,Noun/Adjective/Misc,ر,7,1,2
رحمت‌آباد,Noun/Adjective/Misc,ر,9,1,2
رحمت‌الله,Noun/Adjective/Misc,ر,9,1,2
رحمه‌الله,Noun/Adjective/Misc,ر,9,1,2
رحم‌دل,Noun/Adjective/Misc,ر,6,1,2
رحیم‌پور,Noun/Adjective/Misc,ر,8,1,2
رختخواب‌پیچ,Noun/Adjective/Misc,ر,11,1,2
رختشوی‌خانه,Noun/Adjective/Misc,ر,11,1,2
رخت‌آویز,Noun/Adjective/Misc,ر,8,1,2
رخت‌شو,Noun/Adjective/Misc,ر,6,1,2
رخت‌شویی,Noun/Adjective/Misc,ر,8,1,2
رخنه‌پذیر,Noun/Adjective/Misc,ر,9,1,2
رخ‌داده,Noun/Adjective/Misc,ر,7,1,2
رخ‌نمایی,Noun/Adjective/Misc,ر,8,1,2
رده‌بالا,Noun/Adjective/Misc,ر,8,1,2
رده‌بندی,Noun/Adjective/Misc,ر,8,1,2
رده‌شناختی,Noun/Adjective/Misc,ر,10,1,2
رده‌شناس,Noun/Adjective/Misc,ر,8,1,2
رزمی‌کار,Noun/Adjective/Misc,ر,8,1,2
رزم‌آرا,Noun/Adjective/Misc,ر,7,1,2
رزم‌آزما,Noun/Adjective/Misc,ر,8,1,2
رزم‌آزمایی,Noun/Adjective/Misc,ر,10,1,2
رزم‌آور,Noun/Adjective/Misc,ر,7,1,2
رزم‌جو,Noun/Adjective/Misc,ر,6,1,2
رزم‌ناو,Noun/Adjective/Misc,ر,7,1,2
رسالت‌پیشه,Noun/Adjective/Misc,ر,10,1,2
رساله‌نویس,Noun/Adjective/Misc,ر,10,1,2
رستم‌آباد,Noun/Adjective/Misc,ر,9,1,2
رستوران‌دار,Noun/Adjective/Misc,ر,11,1,2
رستگاری‌جو,Noun/Adjective/Misc,ر,10,1,2
رسم‌الخط,Noun/Adjective/Misc,ر,8,1,2
رسوب‌دهی,Noun/Adjective/Misc,ر,8,1,2
رسوب‌شناسی,Noun/Adjective/Misc,ر,10,1,2
رسوب‌کرده,Noun/Adjective/Misc,ر,9,1,2
رسوب‌گذاری,Noun/Adjective/Misc,ر,10,1,2
رسوب‌گیر,Noun/Adjective/Misc,ر,8,1,2
رسول‌الله,Noun/Adjective/Misc,ر,9,1,2
رسول‌زاده,Noun/Adjective/Misc,ر,9,1,2
رسیدگی‌کننده,Noun/Adjective/Misc,ر,12,1,2
رشته‌ای,Noun/Adjective/Misc,ر,7,1,2
رشته‌رشته,Noun/Adjective/Misc,ر,9,1,2
رشته‌فرنگی,Noun/Adjective/Misc,ر,10,1,2
رشته‌پلو,Noun/Adjective/Misc,ر,8,1,2
رشته‌کوه,Noun/Adjective/Misc,ر,8,1,2
رشوه‌خوار,Noun/Adjective/Misc,ر,9,1,2
رشوه‌خواری,Noun/Adjective/Misc,ر,10,1,2
رشوه‌ده,Noun/Adjective/Misc,ر,7,1,2
رشوه‌گیر,Noun/Adjective/Misc,ر,8,1,2
رشوه‌گیری,Noun/Adjective/Misc,ر,9,1,2
رشک‌برانگیز,Noun/Adjective/Misc,ر,11,1,2
رضایت‌بخش,Noun/Adjective/Misc,ر,9,1,2
رضایت‌مندی,Noun/Adjective/Misc,ر,10,1,2
رضایت‌نامه,Noun/Adjective/Misc,ر,10,1,2
رضوان‌الله,Noun/Adjective/Misc,ر,10,1,2
رضوان‌شهر,Noun/Adjective/Misc,ر,9,1,2
رطب‌خورده,Noun/Adjective/Misc,ر,9,1,2
رطوبت‌سنج,Noun/Adjective/Misc,ر,9,1,2
رطوبت‌گیر,Noun/Adjective/Misc,ر,9,1,2
رعب‌آور,Noun/Adjective/Misc,ر,7,1,2
رعب‌انگیز,Noun/Adjective/Misc,ر,9,1,2
رعیت‌زاده,Noun/Adjective/Misc,ر,9,1,2
رعیت‌نواز,Noun/Adjective/Misc,ر,9,1,2
رعیت‌پرور,Noun/Adjective/Misc,ر,9,1,2
رعیت‌پروری,Noun/Adjective/Misc,ر,10,1,2
رغبت‌انگیز,Noun/Adjective/Misc,ر,10,1,2
رفاه‌زدگی,Noun/Adjective/Misc,ر,9,1,2
رفاه‌طلب,Noun/Adjective/Misc,ر,8,1,2
رفاه‌طلبی,Noun/Adjective/Misc,ر,9,1,2
رفته‌رفته,Noun/Adjective/Misc,ر,9,1,2
رفت‌وآمد,Noun/Adjective/Misc,ر,8,1,2
رفت‌وروب,Noun/Adjective/Misc,ر,8,1,2
رفع‌ورجوع,Noun/Adjective/Misc,ر,9,1,2
رفیق‌باز,Noun/Adjective/Misc,ر,8,1,2
رفیق‌دوست,Noun/Adjective/Misc,ر,9,1,2
رقابت‌آمیز,Noun/Adjective/Misc,ر,10,1,2
رقابت‌جو,Noun/Adjective/Misc,ر,8,1,2
رقابت‌جویی,Noun/Adjective/Misc,ر,10,1,2
رقابت‌طلب,Noun/Adjective/Misc,ر,9,1,2
رقابت‌پذیر,Noun/Adjective/Misc,ر,10,1,2
رقاص‌خانه,Noun/Adjective/Misc,ر,9,1,2
رقت‌آور,Noun/Adjective/Misc,ر,7,1,2
رقت‌انگیز,Noun/Adjective/Misc,ر,9,1,2
رقت‌بار,Noun/Adjective/Misc,ر,7,1,2
رقت‌برانگیز,Noun/Adjective/Misc,ر,11,1,2
رقص‌وار,Noun/Adjective/Misc,ر,7,1,2
رقص‌پا,Noun/Adjective/Misc,ر,6,1,2
رقص‌کنان,Noun/Adjective/Misc,ر,8,1,2
رقمی‌ساز,Noun/Adjective/Misc,ر,8,1,2
رقیق‌القلب,Noun/Adjective/Misc,ر,10,1,2
رقیق‌سازی,Noun/Adjective/Misc,ر,9,1,2
رقیق‌شده,Noun/Adjective/Misc,ر,8,1,2
رقیق‌کننده,Noun/Adjective/Misc,ر,10,1,2
رمان‌نویس,Noun/Adjective/Misc,ر,9,1,2
رمان‌نویسی,Noun/Adjective/Misc,ر,10,1,2
رمان‌پرداز,Noun/Adjective/Misc,ر,10,1,2
رمزنگاری‌شده,Noun/Adjective/Misc,ر,12,1,2
رمزی‌شده,Noun/Adjective/Misc,ر,8,1,2
رمه‌دار,Noun/Adjective/Misc,ر,7,1,2
رنجیده‌خاطر,Noun/Adjective/Misc,ر,11,1,2
رنج‌آور,Noun/Adjective/Misc,ر,7,1,2
رنج‌دیده,Noun/Adjective/Misc,ر,8,1,2
رنج‌نامه,Noun/Adjective/Misc,ر,8,1,2
رنج‌کش,Noun/Adjective/Misc,ر,6,1,2
رنج‌کشیده,Noun/Adjective/Misc,ر,9,1,2
رنده‌کاری,Noun/Adjective/Misc,ر,9,1,2
رنگین‌پوست,Noun/Adjective/Misc,ر,10,1,2
رنگین‌کمان,Noun/Adjective/Misc,ر,10,1,2
رنگ‌آمیز,Noun/Adjective/Misc,ر,8,1,2
رنگ‌آمیزی,Noun/Adjective/Misc,ر,9,1,2
رنگ‌باخته,Noun/Adjective/Misc,ر,9,1,2
رنگ‌بندی,Noun/Adjective/Misc,ر,8,1,2
رنگ‌دانه,Noun/Adjective/Misc,ر,8,1,2
رنگ‌رفته,Noun/Adjective/Misc,ر,8,1,2
رنگ‌زدا,Noun/Adjective/Misc,ر,7,1,2
رنگ‌سازی,Noun/Adjective/Misc,ر,8,1,2
رنگ‌شده,Noun/Adjective/Misc,ر,7,1,2
رنگ‌شناسی,Noun/Adjective/Misc,ر,9,1,2
رنگ‌فروشی,Noun/Adjective/Misc,ر,9,1,2
رنگ‌وروباخته,Noun/Adjective/Misc,ر,12,1,2
رنگ‌ورورفته,Noun/Adjective/Misc,ر,11,1,2
رنگ‌ووارنگ,Noun/Adjective/Misc,ر,10,1,2
رنگ‌پذیر,Noun/Adjective/Misc,ر,8,1,2
رنگ‌پذیری,Noun/Adjective/Misc,ر,9,1,2
رنگ‌پریده,Noun/Adjective/Misc,ر,9,1,2
رنگ‌پریدگی,Noun/Adjective/Misc,ر,10,1,2
رنگ‌کار,Noun/Adjective/Misc,ر,7,1,2
رنگ‌کاری,Noun/Adjective/Misc,ر,8,1,2
رهایی‌بخش,Noun/Adjective/Misc,ر,9,1,2
ره‌آورد,Noun/Adjective/Misc,ر,7,1,2
ره‌توشه,Noun/Adjective/Misc,ر,7,1,2
ره‌جو,Noun/Adjective/Misc,ر,5,1,2
ره‌گیری,Noun/Adjective/Misc,ر,7,1,2
ره‌یاب,Noun/Adjective/Misc,ر,6,1,2
ره‌یافت,Noun/Adjective/Misc,ر,7,1,2
ره‌یافته,Noun/Adjective/Misc,ر,8,1,2
روئین‌تن,Noun/Adjective/Misc,ر,8,1,2
روان‌بخش,Noun/Adjective/Misc,ر,8,1,2
روان‌تنی,Noun/Adjective/Misc,ر,8,1,2
روان‌خوانی,Noun/Adjective/Misc,ر,10,1,2
روان‌درمانگر,Noun/Adjective/Misc,ر,12,1,2
روان‌درمانی,Noun/Adjective/Misc,ر,11,1,2
روان‌ساخته,Noun/Adjective/Misc,ر,10,1,2
روان‌ساز,Noun/Adjective/Misc,ر,8,1,2
روان‌سازی,Noun/Adjective/Misc,ر,9,1,2
روان‌سنجی,Noun/Adjective/Misc,ر,9,1,2
روان‌شناختی,Noun/Adjective/Misc,ر,11,1,2
روان‌شناس,Noun/Adjective/Misc,ر,9,1,2
روان‌شناسانه,Noun/Adjective/Misc,ر,12,1,2
روان‌شناسی,Noun/Adjective/Misc,ر,10,1,2
روان‌نویس,Noun/Adjective/Misc,ر,9,1,2
روان‌پریش,Noun/Adjective/Misc,ر,9,1,2
روان‌پریشی,Noun/Adjective/Misc,ر,10,1,2
روان‌پزشک,Noun/Adjective/Misc,ر,9,1,2
روان‌گردان,Noun/Adjective/Misc,ر,10,1,2
روان‌گردانی,Noun/Adjective/Misc,ر,11,1,2
روایت‌شده,Noun/Adjective/Misc,ر,9,1,2
روبات‌سازی,Noun/Adjective/Misc,ر,10,1,2
روباه‌صفت,Noun/Adjective/Misc,ر,9,1,2
روباه‌صفتی,Noun/Adjective/Misc,ر,10,1,2
روبه‌جلو,Noun/Adjective/Misc,ر,8,1,2
روبه‌راه,Noun/Adjective/Misc,ر,8,1,2
روبه‌رو,Noun/Adjective/Misc,ر,7,1,2
روبه‌مرگ,Noun/Adjective/Misc,ر,8,1,2
روبه‌پیشرفت,Noun/Adjective/Misc,ر,11,1,2
روحانی‌نما,Noun/Adjective/Misc,ر,10,1,2
روحیه‌بخش,Noun/Adjective/Misc,ر,9,1,2
روحیه‌دهنده,Noun/Adjective/Misc,ر,11,1,2
روحیه‌ساز,Noun/Adjective/Misc,ر,9,1,2
روح‌افزا,Noun/Adjective/Misc,ر,8,1,2
روح‌الامین,Noun/Adjective/Misc,ر,10,1,2
روح‌القدس,Noun/Adjective/Misc,ر,9,1,2
روح‌الله,Noun/Adjective/Misc,ر,8,1,2
روح‌انگیز,Noun/Adjective/Misc,ر,9,1,2
روح‌بخش,Noun/Adjective/Misc,ر,7,1,2
روح‌خراش,Noun/Adjective/Misc,ر,8,1,2
روح‌شناسی,Noun/Adjective/Misc,ر,9,1,2
روح‌نواز,Noun/Adjective/Misc,ر,8,1,2
روح‌پرور,Noun/Adjective/Misc,ر,8,1,2
روده‌بر,Noun/Adjective/Misc,ر,7,1,2
روده‌درازی,Noun/Adjective/Misc,ر,10,1,2
روزبه‌روز,Noun/Adjective/Misc,ر,9,1,2
روزنامه‌جات,Noun/Adjective/Misc,ر,11,1,2
روزنامه‌خوان,Noun/Adjective/Misc,ر,12,1,2
روزنامه‌فروش,Noun/Adjective/Misc,ر,12,1,2
روزنامه‌فروشی,Noun/Adjective/Misc,ر,13,1,2
روزنامه‌نویس,Noun/Adjective/Misc,ر,12,1,2
روزنامه‌نویسی,Noun/Adjective/Misc,ر,13,1,2
روزنامه‌نگار,Noun/Adjective/Misc,ر,12,1,2
روزنامه‌نگاری,Noun/Adjective/Misc,ر,13,1,2
روزه‌خوار,Noun/Adjective/Misc,ر,9,1,2
روزه‌خواری,Noun/Adjective/Misc,ر,10,1,2
روزه‌خور,Noun/Adjective/Misc,ر,8,1,2
روزه‌خوری,Noun/Adjective/Misc,ر,9,1,2
روزه‌دار,Noun/Adjective/Misc,ر,8,1,2
روزه‌داری,Noun/Adjective/Misc,ر,9,1,2
روزه‌گشایی,Noun/Adjective/Misc,ر,10,1,2
روزه‌گیر,Noun/Adjective/Misc,ر,8,1,2
روزه‌گیری,Noun/Adjective/Misc,ر,9,1,2
روزی‌بخش,Noun/Adjective/Misc,ر,8,1,2
روزی‌خوار,Noun/Adjective/Misc,ر,9,1,2
روزی‌خور,Noun/Adjective/Misc,ر,8,1,2
روزی‌ده,Noun/Adjective/Misc,ر,7,1,2
روزی‌رسان,Noun/Adjective/Misc,ر,9,1,2
روزی‌طلب,Noun/Adjective/Misc,ر,8,1,2
روسپی‌گری,Noun/Adjective/Misc,ر,9,1,2
روسی‌زبان,Noun/Adjective/Misc,ر,9,1,2
روشنایی‌بخش,Noun/Adjective/Misc,ر,11,1,2
روشنی‌بخش,Noun/Adjective/Misc,ر,9,1,2
روشن‌اندیش,Noun/Adjective/Misc,ر,10,1,2
روشن‌اندیشی,Noun/Adjective/Misc,ر,11,1,2
روشن‌بیان,Noun/Adjective/Misc,ر,9,1,2
روشن‌بین,Noun/Adjective/Misc,ر,8,1,2
روشن‌بینانه,Noun/Adjective/Misc,ر,11,1,2
روشن‌بینی,Noun/Adjective/Misc,ر,9,1,2
روشن‌دل,Noun/Adjective/Misc,ر,7,1,2
روشن‌روان,Noun/Adjective/Misc,ر,9,1,2
روشن‌شده,Noun/Adjective/Misc,ر,8,1,2
روشن‌ضمیر,Noun/Adjective/Misc,ر,9,1,2
روشن‌فکر,Noun/Adjective/Misc,ر,8,1,2
روشن‌فکرانه,Noun/Adjective/Misc,ر,11,1,2
روشن‌فکری,Noun/Adjective/Misc,ر,9,1,2
روشن‌کننده,Noun/Adjective/Misc,ر,10,1,2
روش‌شناختی,Noun/Adjective/Misc,ر,10,1,2
روش‌شناسی,Noun/Adjective/Misc,ر,9,1,2
روضه‌خوان,Noun/Adjective/Misc,ر,9,1,2
روضه‌خوانی,Noun/Adjective/Misc,ر,10,1,2
روغن‌دار,Noun/Adjective/Misc,ر,8,1,2
روغن‌دان,Noun/Adjective/Misc,ر,8,1,2
روغن‌زده,Noun/Adjective/Misc,ر,8,1,2
روغن‌سازی,Noun/Adjective/Misc,ر,9,1,2
روغن‌سوزی,Noun/Adjective/Misc,ر,9,1,2
روغن‌فروش,Noun/Adjective/Misc,ر,9,1,2
روغن‌مالی,Noun/Adjective/Misc,ر,9,1,2
روغن‌کاری,Noun/Adjective/Misc,ر,9,1,2
روغن‌کشی,Noun/Adjective/Misc,ر,8,1,2
روغن‌گیری,Noun/Adjective/Misc,ر,9,1,2
رول‌پلاک,Noun/Adjective/Misc,ر,8,1,2
رومانیایی‌تبار,Noun/Adjective/Misc,ر,14,1,2
رومی‌تبار,Noun/Adjective/Misc,ر,9,1,2
رونق‌بخش,Noun/Adjective/Misc,ر,8,1,2
روکم‌کنی,Noun/Adjective/Misc,ر,8,1,2
رویه‌نگار,Noun/Adjective/Misc,ر,9,1,2
رویین‌تن,Noun/Adjective/Misc,ر,8,1,2
روی‌اندود,Noun/Adjective/Misc,ر,9,1,2
روی‌داده,Noun/Adjective/Misc,ر,8,1,2
روی‌هم,Noun/Adjective/Misc,ر,6,1,2
روی‌هم‌رفته,Noun/Adjective/Misc,ر,11,1,3
روی‌گردان,Noun/Adjective/Misc,ر,9,1,2
روی‌گردانی,Noun/Adjective/Misc,ر,10,1,2
رکاب‌دار,Noun/Adjective/Misc,ر,8,1,2
رکاب‌زن,Noun/Adjective/Misc,ر,7,1,2
رکاب‌زنان,Noun/Adjective/Misc,ر,9,1,2
رکن‌آباد,Noun/Adjective/Misc,ر,8,1,2
رکن‌الدین,Noun/Adjective/Misc,ر,9,1,2
رک‌وپوست‌کنده,Noun/Adjective/Misc,ر,13,1,3
رک‌گو,Noun/Adjective/Misc,ر,5,1,2
رک‌گویی,Noun/Adjective/Misc,ر,7,1,2
رگ‌زنی,Noun/Adjective/Misc,ر,6,1,2
ریاست‌جمهور,Noun/Adjective/Misc,ر,11,1,2
ریاست‌خواه,Noun/Adjective/Misc,ر,10,1,2
ریاست‌طلب,Noun/Adjective/Misc,ر,9,1,2
ریاست‌طلبی,Noun/Adjective/Misc,ر,10,1,2
ریاضت‌پیشه,Noun/Adjective/Misc,ر,10,1,2
ریاضت‌کش,Noun/Adjective/Misc,ر,8,1,2
ریاضی‌دان,Noun/Adjective/Misc,ر,9,1,2
ریاضی‌مانند,Noun/Adjective/Misc,ر,11,1,2
ریخته‌واریخته,Noun/Adjective/Misc,ر,13,1,2
ریخته‌پاشیده,Noun/Adjective/Misc,ر,12,1,2
ریخته‌پاشیدگی,Noun/Adjective/Misc,ر,13,1,2
ریخته‌گر,Noun/Adjective/Misc,ر,8,1,2
ریخت‌شناس,Noun/Adjective/Misc,ر,9,1,2
ریخت‌شناسی,Noun/Adjective/Misc,ر,10,1,2
ریخت‌وپاش,Noun/Adjective/Misc,ر,9,1,2
ریزه‌خوار,Noun/Adjective/Misc,ر,9,1,2
ریزه‌ریزه,Noun/Adjective/Misc,ر,9,1,2
ریزه‌میزه,Noun/Adjective/Misc,ر,9,1,2
ریزه‌کاری,Noun/Adjective/Misc,ر,9,1,2
ریسمان‌بازی,Noun/Adjective/Misc,ر,11,1,2
ریسمان‌باف,Noun/Adjective/Misc,ر,10,1,2
ریسمان‌ریس,Noun/Adjective/Misc,ر,10,1,2
ریسک‌پذیر,Noun/Adjective/Misc,ر,9,1,2
ریشه‌دار,Noun/Adjective/Misc,ر,8,1,2
ریشه‌ریشه,Noun/Adjective/Misc,ر,9,1,2
ریشه‌شناختی,Noun/Adjective/Misc,ر,11,1,2
ریشه‌شناس,Noun/Adjective/Misc,ر,9,1,2
ریشه‌شناسی,Noun/Adjective/Misc,ر,10,1,2
ریشه‌کن,Noun/Adjective/Misc,ر,7,1,2
ریشه‌کن‌سازی,Noun/Adjective/Misc,ر,12,1,3
ریشه‌یاب,Noun/Adjective/Misc,ر,8,1,2
ریشه‌یابی,Noun/Adjective/Misc,ر,9,1,2
ریش‌بابا,Noun/Adjective/Misc,ر,8,1,2
ریش‌بزی,Noun/Adjective/Misc,ر,7,1,2
ریش‌تراش,Noun/Adjective/Misc,ر,8,1,2
ریش‌تراشی,Noun/Adjective/Misc,ر,9,1,2
ریش‌ریش,Noun/Adjective/Misc,ر,7,1,2
ریش‌سفید,Noun/Adjective/Misc,ر,8,1,2
ریل‌گذار,Noun/Adjective/Misc,ر,8,1,2
ریمل‌زده,Noun/Adjective/Misc,ر,8,1,2
ریگ‌زار,Noun/Adjective/Misc,ر,7,1,2
رییس‌الوزرا,Noun/Adjective/Misc,ر,11,1,2
رییس‌جمهور,Noun/Adjective/Misc,ر,10,1,2
رییس‌کل,Noun/Adjective/Misc,ر,7,1,2
ری‌شهر,Noun/Adjective/Misc,ر,6,1,2
رئیس‌الوزیر,Noun/Adjective/Misc,ر,11,1,2
راست‌نمایی,Noun/Adjective/Misc,ر,10,1,2
رام‌الله,Noun/Adjective/Misc,ر,8,1,2
راهنمایی‌های,Noun/Adjective/Misc,ر,12,1,2
ربابه‌سلطان,Noun/Adjective/Misc,ر,11,1,2
رحمة‌الله,Noun/Adjective/Misc,ر,9,1,2
رسته‌بندی,Noun/Adjective/Misc,ر,9,1,2
رضا‌شاه,Noun/Adjective/Misc,ر,7,1,2
رضی‌الله,Noun/Adjective/Misc,ر,8,1,2
رنجش‌زدایی,Noun/Adjective/Misc,ر,10,1,2
روان‌درمانگری,Noun/Adjective/Misc,ر,13,1,2
روان‌کاوی,Noun/Adjective/Misc,ر,9,1,2
روزنامه‌دیواری,Noun/Adjective/Misc,ر,14,1,2
روضه‌الشهدا,Noun/Adjective/Misc,ر,11,1,2
روضه‌الصفا,Noun/Adjective/Misc,ر,10,1,2
روپوش‌سفید,Noun/Adjective/Misc,ر,10,1,2
رکن‌الدوله,Noun/Adjective/Misc,ر,10,1,2
ریاست‌جمهوری,Noun/Adjective/Misc,ر,12,1,2
ریخته‌گری,Noun/Adjective/Misc,ر,9,1,2
ریل‌گذاری,Noun/Adjective/Misc,ر,9,1,2
رییس‌جمهوری,Noun/Adjective/Misc,ر,11,1,2
راجع‌به,Noun/Adjective/Misc,ر,7,1,2
رانده‌وو,Noun/Adjective/Misc,ر,8,1,2
راه‌بر,Noun/Adjective/Misc,ر,6,1,2
راه‌شیری,Noun/Adjective/Misc,ر,8,1,2
رخت‌بربستن,Noun/Adjective/Misc,ر,10,1,2
رخت‌بستن,Noun/Adjective/Misc,ر,8,1,2
رشوه‌ستان,Noun/Adjective/Misc,ر,9,1,2
رطوبت‌دار,Noun/Adjective/Misc,ر,9,1,2
رعب‌آمیز,Noun/Adjective/Misc,ر,8,1,2
رعشه‌ناک,Noun/Adjective/Misc,ر,8,1,2
رمل‌زار,Noun/Adjective/Misc,ر,7,1,2
رمه‌بان,Noun/Adjective/Misc,ر,7,1,2
روده‌دراز,Noun/Adjective/Misc,ر,9,1,2
روزنامه‌چی,Noun/Adjective/Misc,ر,10,1,2
روشن‌سازی,Noun/Adjective/Misc,ر,9,1,2
ریسمان‌تاب,Noun/Adjective/Misc,ر,10,1,2
ریم‌آلود,Noun/Adjective/Misc,ر,8,1,2
زابه‌راه,Noun/Adjective/Misc,ز,8,1,2
زاری‌کنان,Noun/Adjective/Misc,ز,9,1,2
زاغه‌نشین,Noun/Adjective/Misc,ز,9,1,2
زاغ‌چشم,Noun/Adjective/Misc,ز,7,1,2
زاویه‌دار,Noun/Adjective/Misc,ز,9,1,2
زاویه‌سنج,Noun/Adjective/Misc,ز,9,1,2
زاویه‌نشین,Noun/Adjective/Misc,ز,10,1,2
زاویه‌نشینی,Noun/Adjective/Misc,ز,11,1,2
زاویه‌یاب,Noun/Adjective/Misc,ز,9,1,2
زاینده‌رود,Noun/Adjective/Misc,ز,10,1,2
زباله‌دان,Noun/Adjective/Misc,ز,9,1,2
زباله‌سوز,Noun/Adjective/Misc,ز,9,1,2
زباله‌کش,Noun/Adjective/Misc,ز,8,1,2
زبانه‌دار,Noun/Adjective/Misc,ز,9,1,2
زبان‌آموز,Noun/Adjective/Misc,ز,9,1,2
زبان‌آموزی,Noun/Adjective/Misc,ز,10,1,2
زبان‌آور,Noun/Adjective/Misc,ز,8,1,2
زبان‌آوری,Noun/Adjective/Misc,ز,9,1,2
زبان‌باز,Noun/Adjective/Misc,ز,8,1,2
زبان‌بازی,Noun/Adjective/Misc,ز,9,1,2
زبان‌بریده,Noun/Adjective/Misc,ز,10,1,2
زبان‌بسته,Noun/Adjective/Misc,ز,9,1,2
زبان‌بستگی,Noun/Adjective/Misc,ز,10,1,2
زبان‌دار,Noun/Adjective/Misc,ز,8,1,2
زبان‌دان,Noun/Adjective/Misc,ز,8,1,2
زبان‌دراز,Noun/Adjective/Misc,ز,9,1,2
زبان‌درازی,Noun/Adjective/Misc,ز,10,1,2
زبان‌زده,Noun/Adjective/Misc,ز,8,1,2
زبان‌سرا,Noun/Adjective/Misc,ز,8,1,2
زبان‌شناختی,Noun/Adjective/Misc,ز,11,1,2
زبان‌شناس,Noun/Adjective/Misc,ز,9,1,2
زبان‌شناسی,Noun/Adjective/Misc,ز,10,1,2
زبان‌نفهم,Noun/Adjective/Misc,ز,9,1,2
زبان‌گرفته,Noun/Adjective/Misc,ز,10,1,2
زبان‌گنجشکی,Noun/Adjective/Misc,ز,11,1,2
زبون‌شده,Noun/Adjective/Misc,ز,8,1,2
زحمت‌کش,Noun/Adjective/Misc,ز,7,1,2
زحمت‌کشیده,Noun/Adjective/Misc,ز,10,1,2
زخم‌بندی,Noun/Adjective/Misc,ز,8,1,2
زخم‌خورده,Noun/Adjective/Misc,ز,9,1,2
زخم‌زبان,Noun/Adjective/Misc,ز,8,1,2
زده‌شده,Noun/Adjective/Misc,ز,7,1,2
زرشکی‌رنگ,Noun/Adjective/Misc,ز,9,1,2
زرشک‌پلو,Noun/Adjective/Misc,ز,8,1,2
زرق‌وبرق,Noun/Adjective/Misc,ز,8,1,2
زرنگ‌بازی,Noun/Adjective/Misc,ز,9,1,2
زره‌ساز,Noun/Adjective/Misc,ز,7,1,2
زره‌پوش,Noun/Adjective/Misc,ز,7,1,2
زرینه‌رود,Noun/Adjective/Misc,ز,9,1,2
زرین‌آباد,Noun/Adjective/Misc,ز,9,1,2
زرین‌بال,Noun/Adjective/Misc,ز,8,1,2
زرین‌دست,Noun/Adjective/Misc,ز,8,1,2
زرین‌دشت,Noun/Adjective/Misc,ز,8,1,2
زرین‌شهر,Noun/Adjective/Misc,ز,8,1,2
زرین‌فام,Noun/Adjective/Misc,ز,8,1,2
زرین‌کوب,Noun/Adjective/Misc,ز,8,1,2
زری‌باف,Noun/Adjective/Misc,ز,7,1,2
زری‌بافی,Noun/Adjective/Misc,ز,8,1,2
زری‌دوزی,Noun/Adjective/Misc,ز,8,1,2
زشت‌خو,Noun/Adjective/Misc,ز,6,1,2
زشت‌خویی,Noun/Adjective/Misc,ز,8,1,2
زشت‌رو,Noun/Adjective/Misc,ز,6,1,2
زشت‌رویی,Noun/Adjective/Misc,ز,8,1,2
زشت‌سیرت,Noun/Adjective/Misc,ز,8,1,2
زشت‌کار,Noun/Adjective/Misc,ز,7,1,2
زشت‌کاری,Noun/Adjective/Misc,ز,8,1,2
زشت‌کردار,Noun/Adjective/Misc,ز,9,1,2
زشت‌گویی,Noun/Adjective/Misc,ز,8,1,2
زغالی‌رنگ,Noun/Adjective/Misc,ز,9,1,2
زغال‌اخته,Noun/Adjective/Misc,ز,9,1,2
زغال‌سنگ,Noun/Adjective/Misc,ز,8,1,2
زغال‌فروش,Noun/Adjective/Misc,ز,9,1,2
زق‌زق,Noun/Adjective/Misc,ز,5,1,2
زلزله‌خیز,Noun/Adjective/Misc,ز,9,1,2
زلزله‌زده,Noun/Adjective/Misc,ز,9,1,2
زلزله‌سنج,Noun/Adjective/Misc,ز,9,1,2
زلزله‌سنجی,Noun/Adjective/Misc,ز,10,1,2
زلزله‌شناس,Noun/Adjective/Misc,ز,10,1,2
زلزله‌شناسی,Noun/Adjective/Misc,ز,11,1,2
زلزله‌نگار,Noun/Adjective/Misc,ز,10,1,2
زلزله‌نگاری,Noun/Adjective/Misc,ز,11,1,2
زلم‌زیمبو,Noun/Adjective/Misc,ز,9,1,2
زمان‌بر,Noun/Adjective/Misc,ز,7,1,2
زمان‌بند,Noun/Adjective/Misc,ز,8,1,2
زمان‌بندی,Noun/Adjective/Misc,ز,9,1,2
زمان‌دار,Noun/Adjective/Misc,ز,8,1,2
زمان‌سنج,Noun/Adjective/Misc,ز,8,1,2
زمان‌شناس,Noun/Adjective/Misc,ز,9,1,2
زمان‌شناسی,Noun/Adjective/Misc,ز,10,1,2
زمان‌گیر,Noun/Adjective/Misc,ز,8,1,2
زمزمه‌کنان,Noun/Adjective/Misc,ز,10,1,2
زمزمه‌گر,Noun/Adjective/Misc,ز,8,1,2
زمینه‌دار,Noun/Adjective/Misc,ز,9,1,2
زمینه‌ساز,Noun/Adjective/Misc,ز,9,1,2
زمینه‌چینی,Noun/Adjective/Misc,ز,10,1,2
زمینه‌یابی,Noun/Adjective/Misc,ز,10,1,2
زمین‌خوار,Noun/Adjective/Misc,ز,9,1,2
زمین‌خورده,Noun/Adjective/Misc,ز,10,1,2
زمین‌دار,Noun/Adjective/Misc,ز,8,1,2
زمین‌شناختی,Noun/Adjective/Misc,ز,11,1,2
زمین‌شناس,Noun/Adjective/Misc,ز,9,1,2
زمین‌شناسی,Noun/Adjective/Misc,ز,10,1,2
زمین‌لرزه,Noun/Adjective/Misc,ز,9,1,2
زمین‌پیما,Noun/Adjective/Misc,ز,9,1,2
زمین‌گیر,Noun/Adjective/Misc,ز,8,1,2
زنجان‌پور,Noun/Adjective/Misc,ز,9,1,2
زندانی‌شده,Noun/Adjective/Misc,ز,10,1,2
زنده‌باد,Noun/Adjective/Misc,ز,8,1,2
زنده‌به‌گور,Noun/Adjective/Misc,ز,11,1,3
زنده‌دل,Noun/Adjective/Misc,ز,7,1,2
زنده‌زا,Noun/Adjective/Misc,ز,7,1,2
زنده‌زنده,Noun/Adjective/Misc,ز,9,1,2
زنده‌یاد,Noun/Adjective/Misc,ز,8,1,2
زندگی‌بخش,Noun/Adjective/Misc,ز,9,1,2
زندگی‌نامه,Noun/Adjective/Misc,ز,10,1,2
زنگی‌آباد,Noun/Adjective/Misc,ز,9,1,2
زنگی‌آبادی,Noun/Adjective/Misc,ز,10,1,2
زنگ‌خورده,Noun/Adjective/Misc,ز,9,1,2
زنگ‌خوردگی,Noun/Adjective/Misc,ز,10,1,2
زنگ‌دار,Noun/Adjective/Misc,ز,7,1,2
زنگ‌زدایی,Noun/Adjective/Misc,ز,9,1,2
زنگ‌زده,Noun/Adjective/Misc,ز,7,1,2
زنگ‌زدگی,Noun/Adjective/Misc,ز,8,1,2
زن‌باره,Noun/Adjective/Misc,ز,7,1,2
زن‌بارگی,Noun/Adjective/Misc,ز,8,1,2
زن‌باز,Noun/Adjective/Misc,ز,6,1,2
زن‌دار,Noun/Adjective/Misc,ز,6,1,2
زن‌دایی,Noun/Adjective/Misc,ز,7,1,2
زن‌ذلیل,Noun/Adjective/Misc,ز,7,1,2
زن‌سالاری,Noun/Adjective/Misc,ز,9,1,2
زن‌ستیزی,Noun/Adjective/Misc,ز,8,1,2
زن‌صفت,Noun/Adjective/Misc,ز,6,1,2
زن‌صفتی,Noun/Adjective/Misc,ز,7,1,2
زن‌نما,Noun/Adjective/Misc,ز,6,1,2
زهره‌ترک,Noun/Adjective/Misc,ز,8,1,2
زه‌کش,Noun/Adjective/Misc,ز,5,1,2
زوال‌ناپذیر,Noun/Adjective/Misc,ز,11,1,2
زوال‌پذیر,Noun/Adjective/Misc,ز,9,1,2
زوال‌پذیری,Noun/Adjective/Misc,ز,10,1,2
زوج‌درمانی,Noun/Adjective/Misc,ز,10,1,2
زوزه‌کش,Noun/Adjective/Misc,ز,7,1,2
زیاده‌جو,Noun/Adjective/Misc,ز,8,1,2
زیاده‌خواه,Noun/Adjective/Misc,ز,10,1,2
زیاده‌خواهی,Noun/Adjective/Misc,ز,11,1,2
زیاده‌روی,Noun/Adjective/Misc,ز,9,1,2
زیاده‌طلب,Noun/Adjective/Misc,ز,9,1,2
زیاده‌طلبی,Noun/Adjective/Misc,ز,10,1,2
زیاده‌گو,Noun/Adjective/Misc,ز,8,1,2
زیارت‌خانه,Noun/Adjective/Misc,ز,10,1,2
زیارت‌نامه,Noun/Adjective/Misc,ز,10,1,2
زیان‌آور,Noun/Adjective/Misc,ز,8,1,2
زیان‌بار,Noun/Adjective/Misc,ز,8,1,2
زیان‌بخش,Noun/Adjective/Misc,ز,8,1,2
زیان‌دار,Noun/Adjective/Misc,ز,8,1,2
زیان‌دیده,Noun/Adjective/Misc,ز,9,1,2
زیان‌کار,Noun/Adjective/Misc,ز,8,1,2
زیان‌کاری,Noun/Adjective/Misc,ز,9,1,2
زیبایی‌آفرین,Noun/Adjective/Misc,ز,12,1,2
زیبایی‌شناختی,Noun/Adjective/Misc,ز,13,1,2
زیبایی‌شناس,Noun/Adjective/Misc,ز,11,1,2
زیبایی‌شناسی,Noun/Adjective/Misc,ز,12,1,2
زیتونی‌رنگ,Noun/Adjective/Misc,ز,10,1,2
زیتون‌پرورده,Noun/Adjective/Misc,ز,12,1,2
زیتون‌کاری,Noun/Adjective/Misc,ز,10,1,2
زیره‌پلو,Noun/Adjective/Misc,ز,8,1,2
زیست‌بوم,Noun/Adjective/Misc,ز,8,1,2
زیست‌شناختی,Noun/Adjective/Misc,ز,11,1,2
زیست‌شناس,Noun/Adjective/Misc,ز,9,1,2
زیست‌فنّاوری,Noun/Adjective/Misc,ز,12,1,2
زیست‌محیطی,Noun/Adjective/Misc,ز,10,1,2
زیست‌گاه,Noun/Adjective/Misc,ز,8,1,2
زینب‌آباد,Noun/Adjective/Misc,ز,9,1,2
زینت‌آلات,Noun/Adjective/Misc,ز,9,1,2
زینت‌بخش,Noun/Adjective/Misc,ز,8,1,2
زین‌الدین,Noun/Adjective/Misc,ز,9,1,2
زین‌العابدین,Noun/Adjective/Misc,ز,12,1,2
زین‌وبرگ,Noun/Adjective/Misc,ز,8,1,2
زیگزال‌دوز,Noun/Adjective/Misc,ز,10,1,2
زیگزاگ‌دوز,Noun/Adjective/Misc,ز,10,1,2
زرتشتی‌گری,Noun/Adjective/Misc,ز,10,1,2
زمزم‌کولا,Noun/Adjective/Misc,ز,9,1,2
زمینه‌سازی,Noun/Adjective/Misc,ز,10,1,2
زمین‌خواری,Noun/Adjective/Misc,ز,10,1,2
زمین‌داری,Noun/Adjective/Misc,ز,9,1,2
زنده‌سازی,Noun/Adjective/Misc,ز,9,1,2
زندگینامه‌نویس,Noun/Adjective/Misc,ز,14,1,2
زندگی‌دوستی,Noun/Adjective/Misc,ز,11,1,2
زن‌برادر,Noun/Adjective/Misc,ز,8,1,2
زن‌داداش,Noun/Adjective/Misc,ز,8,1,2
زهره‌وند,Noun/Adjective/Misc,ز,8,1,2
زه‌کشی,Noun/Adjective/Misc,ز,6,1,2
زواره‌ای,Noun/Adjective/Misc,ز,8,1,2
زیاد‌بن‌ابیه,Noun/Adjective/Misc,ز,12,1,3
زیرک‌ساران,Noun/Adjective/Misc,ز,10,1,2
زراعت‌پیشه,Noun/Adjective/Misc,ز,10,1,2
زن‌بمزد,Noun/Adjective/Misc,ز,7,1,2
ژاپنی‌الاصل,Noun/Adjective/Misc,ژ,11,1,2
ژاپنی‌تبار,Noun/Adjective/Misc,ژ,10,1,2
ژاپنی‌زبان,Noun/Adjective/Misc,ژ,10,1,2
ژرف‌اندیش,Noun/Adjective/Misc,ژ,9,1,2
ژرف‌اندیشی,Noun/Adjective/Misc,ژ,10,1,2
ژرف‌بین,Noun/Adjective/Misc,ژ,7,1,2
ژرف‌بینی,Noun/Adjective/Misc,ژ,8,1,2
ژرف‌نگر,Noun/Adjective/Misc,ژ,7,1,2
ژرف‌نگری,Noun/Adjective/Misc,ژ,8,1,2
ژل‌مانند,Noun/Adjective/Misc,ژ,8,1,2
ژنتیک‌شناس,Noun/Adjective/Misc,ژ,10,1,2
ژنده‌پوش,Noun/Adjective/Misc,ژ,8,1,2
ژن‌درمانی,Noun/Adjective/Misc,ژ,9,1,2
ژول‌ورن,Noun/Adjective/Misc,ژ,7,1,2
ژن‌شناس,Noun/Adjective/Misc,ژ,7,1,2
ژن‌شناسی,Noun/Adjective/Misc,ژ,8,1,2
سؤال‌برانگیز,Noun/Adjective/Misc,س,12,1,2
سؤال‌کننده,Noun/Adjective/Misc,س,10,1,2
سابقه‌دار,Noun/Adjective/Misc,س,9,1,2
سابق‌الذکر,Noun/Adjective/Misc,س,10,1,2
ساحل‌عاج,Noun/Adjective/Misc,س,8,1,2
ساحل‌نشین,Noun/Adjective/Misc,س,9,1,2
ساختمان‌ساز,Noun/Adjective/Misc,س,11,1,2
ساختمان‌سازی,Noun/Adjective/Misc,س,12,1,2
ساخته‌شدن,Noun/Adjective/Misc,س,9,1,2
ساخته‌شده,Noun/Adjective/Misc,س,9,1,2
ساخت‌باور,Noun/Adjective/Misc,س,9,1,2
ساخت‌واژه,Noun/Adjective/Misc,س,9,1,2
ساخت‌واژی,Noun/Adjective/Misc,س,9,1,2
ساخت‌وساز,Noun/Adjective/Misc,س,9,1,2
ساخت‌وپاخت,Noun/Adjective/Misc,س,10,1,2
ساخت‌گرا,Noun/Adjective/Misc,س,8,1,2
ساخت‌گرایی,Noun/Adjective/Misc,س,10,1,2
ساخت‌یافته,Noun/Adjective/Misc,س,10,1,2
ساده‌اندیش,Noun/Adjective/Misc,س,10,1,2
ساده‌اندیشی,Noun/Adjective/Misc,س,11,1,2
ساده‌انگار,Noun/Adjective/Misc,س,10,1,2
ساده‌انگارانه,Noun/Adjective/Misc,س,13,1,2
ساده‌انگاری,Noun/Adjective/Misc,س,11,1,2
ساده‌دل,Noun/Adjective/Misc,س,7,1,2
ساده‌دلانه,Noun/Adjective/Misc,س,10,1,2
ساده‌دلی,Noun/Adjective/Misc,س,8,1,2
ساده‌زیست,Noun/Adjective/Misc,س,9,1,2
ساده‌سازی,Noun/Adjective/Misc,س,9,1,2
ساده‌شده,Noun/Adjective/Misc,س,8,1,2
ساده‌لوح,Noun/Adjective/Misc,س,8,1,2
ساده‌لوحانه,Noun/Adjective/Misc,س,11,1,2
ساده‌نویسی,Noun/Adjective/Misc,س,10,1,2
ساده‌نگر,Noun/Adjective/Misc,س,8,1,2
ساده‌نگری,Noun/Adjective/Misc,س,9,1,2
ساده‌گویی,Noun/Adjective/Misc,س,9,1,2
ساروج‌ساز,Noun/Adjective/Misc,س,9,1,2
سازش‌نامه,Noun/Adjective/Misc,س,9,1,2
سازش‌ناپذیر,Noun/Adjective/Misc,س,11,1,2
سازش‌کار,Noun/Adjective/Misc,س,8,1,2
سازش‌کارانه,Noun/Adjective/Misc,س,11,1,2
سازش‌کاری,Noun/Adjective/Misc,س,9,1,2
سازماندهی‌شده,Noun/Adjective/Misc,س,13,1,2
سازمان‌بخشی,Noun/Adjective/Misc,س,11,1,2
سازمان‌بندی,Noun/Adjective/Misc,س,11,1,2
سازمان‌دهی,Noun/Adjective/Misc,س,10,1,2
سازمان‌یابی,Noun/Adjective/Misc,س,11,1,2
سازمان‌یافته,Noun/Adjective/Misc,س,12,1,2
سازمان‌یافتگی,Noun/Adjective/Misc,س,13,1,2
سازه‌گستر,Noun/Adjective/Misc,س,9,1,2
ساطع‌شده,Noun/Adjective/Misc,س,8,1,2
ساعت‌ساز,Noun/Adjective/Misc,س,8,1,2
ساعت‌سازی,Noun/Adjective/Misc,س,9,1,2
ساعت‌فروش,Noun/Adjective/Misc,س,9,1,2
ساعت‌فروشی,Noun/Adjective/Misc,س,10,1,2
ساقط‌شده,Noun/Adjective/Misc,س,8,1,2
ساقی‌نامه,Noun/Adjective/Misc,س,9,1,2
ساق‌بند,Noun/Adjective/Misc,س,7,1,2
سالم‌سازی,Noun/Adjective/Misc,س,9,1,2
سال‌تحویل,Noun/Adjective/Misc,س,9,1,2
سال‌خورده,Noun/Adjective/Misc,س,9,1,2
سال‌خوردگی,Noun/Adjective/Misc,س,10,1,2
سال‌شمار,Noun/Adjective/Misc,س,8,1,2
سال‌شماری,Noun/Adjective/Misc,س,9,1,2
سال‌نما,Noun/Adjective/Misc,س,7,1,2
سال‌یابی,Noun/Adjective/Misc,س,8,1,2
سامان‌بخش,Noun/Adjective/Misc,س,9,1,2
سامان‌دهی,Noun/Adjective/Misc,س,9,1,2
سامان‌یافته,Noun/Adjective/Misc,س,11,1,2
سانتی‌متر,Noun/Adjective/Misc,س,9,1,2
سانتی‌گراد,Noun/Adjective/Misc,س,10,1,2
ساندویچ‌فروشی,Noun/Adjective/Misc,س,13,1,2
سان‌فرانسیسکو,Noun/Adjective/Misc,س,13,1,2
سایه‌انداز,Noun/Adjective/Misc,س,10,1,2
سایه‌بان,Noun/Adjective/Misc,س,8,1,2
سایه‌دار,Noun/Adjective/Misc,س,8,1,2
سایه‌سار,Noun/Adjective/Misc,س,8,1,2
سایه‌وار,Noun/Adjective/Misc,س,8,1,2
سایه‌گستر,Noun/Adjective/Misc,س,9,1,2
سبب‌ساز,Noun/Adjective/Misc,س,7,1,2
سبب‌سازی,Noun/Adjective/Misc,س,8,1,2
سبب‌شناسی,Noun/Adjective/Misc,س,9,1,2
سبحان‌الله,Noun/Adjective/Misc,س,10,1,2
سبزه‌رو,Noun/Adjective/Misc,س,7,1,2
سبزه‌زار,Noun/Adjective/Misc,س,8,1,2
سبزه‌قبا,Noun/Adjective/Misc,س,8,1,2
سبزه‌میدان,Noun/Adjective/Misc,س,10,1,2
سبزی‌فروش,Noun/Adjective/Misc,س,9,1,2
سبزی‌پلو,Noun/Adjective/Misc,س,8,1,2
سبزی‌کار,Noun/Adjective/Misc,س,8,1,2
سبزی‌کاری,Noun/Adjective/Misc,س,9,1,2
سبقت‌گرفته,Noun/Adjective/Misc,س,10,1,2
سبقت‌گیر,Noun/Adjective/Misc,س,8,1,2
سبوس‌دار,Noun/Adjective/Misc,س,8,1,2
سبوس‌گیر,Noun/Adjective/Misc,س,8,1,2
سبک‌بار,Noun/Adjective/Misc,س,7,1,2
سبک‌باری,Noun/Adjective/Misc,س,8,1,2
سبک‌بال,Noun/Adjective/Misc,س,7,1,2
سبک‌بالی,Noun/Adjective/Misc,س,8,1,2
سبک‌سر,Noun/Adjective/Misc,س,6,1,2
سبک‌سرانه,Noun/Adjective/Misc,س,9,1,2
سبک‌سری,Noun/Adjective/Misc,س,7,1,2
سبک‌سنگین,Noun/Adjective/Misc,س,9,1,2
سبک‌شناختی,Noun/Adjective/Misc,س,10,1,2
سبک‌شناسی,Noun/Adjective/Misc,س,9,1,2
سبک‌مغز,Noun/Adjective/Misc,س,7,1,2
سبک‌وزن,Noun/Adjective/Misc,س,7,1,2
ستاره‌بینی,Noun/Adjective/Misc,س,10,1,2
ستاره‌دار,Noun/Adjective/Misc,س,9,1,2
ستاره‌سرخ,Noun/Adjective/Misc,س,9,1,2
ستاره‌شناس,Noun/Adjective/Misc,س,10,1,2
ستاره‌پرست,Noun/Adjective/Misc,س,10,1,2
ستاره‌پرستی,Noun/Adjective/Misc,س,11,1,2
ستاره‌چین,Noun/Adjective/Misc,س,9,1,2
ستایش‌آمیز,Noun/Adjective/Misc,س,10,1,2
ستایش‌شده,Noun/Adjective/Misc,س,9,1,2
ستایش‌کنان,Noun/Adjective/Misc,س,10,1,2
ستایش‌کننده,Noun/Adjective/Misc,س,11,1,2
سترون‌سازی,Noun/Adjective/Misc,س,10,1,2
ستم‌خواهی,Noun/Adjective/Misc,س,9,1,2
ستم‌ستیز,Noun/Adjective/Misc,س,8,1,2
ستم‌شاهی,Noun/Adjective/Misc,س,8,1,2
ستم‌پیشه,Noun/Adjective/Misc,س,8,1,2
ستم‌کار,Noun/Adjective/Misc,س,7,1,2
ستم‌کش,Noun/Adjective/Misc,س,6,1,2
ستم‌کشی,Noun/Adjective/Misc,س,7,1,2
ستم‌کشیده,Noun/Adjective/Misc,س,9,1,2
ستون‌بندی,Noun/Adjective/Misc,س,9,1,2
ستون‌سازی,Noun/Adjective/Misc,س,9,1,2
ستیزه‌جو,Noun/Adjective/Misc,س,8,1,2
ستیزه‌جویانه,Noun/Adjective/Misc,س,12,1,2
ستیزه‌جویی,Noun/Adjective/Misc,س,10,1,2
ستیزه‌کار,Noun/Adjective/Misc,س,9,1,2
ستیزه‌گر,Noun/Adjective/Misc,س,8,1,2
سجاده‌نشین,Noun/Adjective/Misc,س,10,1,2
سجاف‌دار,Noun/Adjective/Misc,س,8,1,2
سجده‌کنان,Noun/Adjective/Misc,س,9,1,2
سجده‌گاه,Noun/Adjective/Misc,س,8,1,2
سختی‌کشیده,Noun/Adjective/Misc,س,10,1,2
سخت‌افزار,Noun/Adjective/Misc,س,9,1,2
سخت‌جان,Noun/Adjective/Misc,س,7,1,2
سخت‌روی,Noun/Adjective/Misc,س,7,1,2
سخت‌سر,Noun/Adjective/Misc,س,6,1,2
سخت‌پوست,Noun/Adjective/Misc,س,8,1,2
سخت‌کوش,Noun/Adjective/Misc,س,7,1,2
سخت‌کوشانه,Noun/Adjective/Misc,س,10,1,2
سخت‌کوشی,Noun/Adjective/Misc,س,8,1,2
سخت‌گیر,Noun/Adjective/Misc,س,7,1,2
سخت‌گیرانه,Noun/Adjective/Misc,س,10,1,2
سخت‌گیری,Noun/Adjective/Misc,س,8,1,2
سخن‌آرا,Noun/Adjective/Misc,س,7,1,2
سخن‌آرایی,Noun/Adjective/Misc,س,9,1,2
سخن‌آموز,Noun/Adjective/Misc,س,8,1,2
سخن‌دان,Noun/Adjective/Misc,س,7,1,2
سخن‌دانی,Noun/Adjective/Misc,س,8,1,2
سخن‌ران,Noun/Adjective/Misc,س,7,1,2
سخن‌سرا,Noun/Adjective/Misc,س,7,1,2
سخن‌سنج,Noun/Adjective/Misc,س,7,1,2
سخن‌سنجی,Noun/Adjective/Misc,س,8,1,2
سخن‌شناس,Noun/Adjective/Misc,س,8,1,2
سخن‌شناسی,Noun/Adjective/Misc,س,9,1,2
سخن‌پراکنی,Noun/Adjective/Misc,س,10,1,2
سخن‌پرداز,Noun/Adjective/Misc,س,9,1,2
سخن‌پردازی,Noun/Adjective/Misc,س,10,1,2
سخن‌پرور,Noun/Adjective/Misc,س,8,1,2
سخن‌پروری,Noun/Adjective/Misc,س,9,1,2
سخن‌چین,Noun/Adjective/Misc,س,7,1,2
سخن‌چینی,Noun/Adjective/Misc,س,8,1,2
سخن‌گو,Noun/Adjective/Misc,س,6,1,2
سخن‌گویی,Noun/Adjective/Misc,س,8,1,2
سراج‌الدین,Noun/Adjective/Misc,س,10,1,2
سرامیک‌سازی,Noun/Adjective/Misc,س,11,1,2
سرایه‌دار,Noun/Adjective/Misc,س,9,1,2
سربه‌راه,Noun/Adjective/Misc,س,8,1,2
سربه‌زیر,Noun/Adjective/Misc,س,8,1,2
سربه‌سر,Noun/Adjective/Misc,س,7,1,2
سربه‌مهر,Noun/Adjective/Misc,س,8,1,2
سربی‌رنگ,Noun/Adjective/Misc,س,8,1,2
سرخابی‌رنگ,Noun/Adjective/Misc,س,10,1,2
سرخاب‌مالیده,Noun/Adjective/Misc,س,12,1,2
سرخه‌حصار,Noun/Adjective/Misc,س,9,1,2
سرخ‌رو,Noun/Adjective/Misc,س,6,1,2
سرخ‌رود,Noun/Adjective/Misc,س,7,1,2
سرخ‌شده,Noun/Adjective/Misc,س,7,1,2
سرخ‌فام,Noun/Adjective/Misc,س,7,1,2
سرخ‌مو,Noun/Adjective/Misc,س,6,1,2
سرخ‌پوست,Noun/Adjective/Misc,س,8,1,2
سرخ‌پوش,Noun/Adjective/Misc,س,7,1,2
سرخ‌کرده,Noun/Adjective/Misc,س,8,1,2
سرخ‌کن,Noun/Adjective/Misc,س,6,1,2
سرسام‌آور,Noun/Adjective/Misc,س,9,1,2
سرطان‌زا,Noun/Adjective/Misc,س,8,1,2
سرطان‌شناسی,Noun/Adjective/Misc,س,11,1,2
سرعت‌سنج,Noun/Adjective/Misc,س,8,1,2
سرعت‌گیر,Noun/Adjective/Misc,س,8,1,2
سرفه‌کن,Noun/Adjective/Misc,س,7,1,2
سرمایه‌برداری,Noun/Adjective/Misc,س,13,1,2
سرمایه‌دار,Noun/Adjective/Misc,س,10,1,2
سرمایه‌گذار,Noun/Adjective/Misc,س,11,1,2
سرمه‌ای‌رنگ,Noun/Adjective/Misc,س,11,1,3
سرمه‌دان,Noun/Adjective/Misc,س,8,1,2
سرمه‌دوزی,Noun/Adjective/Misc,س,9,1,2
سرم‌درمانی,Noun/Adjective/Misc,س,10,1,2
سرم‌سازی,Noun/Adjective/Misc,س,8,1,2
سرنوشت‌ساز,Noun/Adjective/Misc,س,10,1,2
سرنگون‌شده,Noun/Adjective/Misc,س,10,1,2
سرهم‌بندی,Noun/Adjective/Misc,س,9,1,2
سرهم‌نویسی,Noun/Adjective/Misc,س,10,1,2
سره‌ساز,Noun/Adjective/Misc,س,7,1,2
سره‌سازی,Noun/Adjective/Misc,س,8,1,2
سرویس‌دهنده,Noun/Adjective/Misc,س,11,1,2
سرویس‌دهی,Noun/Adjective/Misc,س,9,1,2
سرویس‌کار,Noun/Adjective/Misc,س,9,1,2
سرویس‌گیرنده,Noun/Adjective/Misc,س,12,1,2
سرکوب‌شده,Noun/Adjective/Misc,س,9,1,2
سرکوب‌کننده,Noun/Adjective/Misc,س,11,1,2
سرگرمی‌سازی,Noun/Adjective/Misc,س,11,1,2
سرگرم‌کننده,Noun/Adjective/Misc,س,11,1,2
سرگرم‌کنندگی,Noun/Adjective/Misc,س,12,1,2
سرگیجه‌آور,Noun/Adjective/Misc,س,10,1,2
سریش‌آباد,Noun/Adjective/Misc,س,9,1,2
سریع‌الانتقال,Noun/Adjective/Misc,س,13,1,2
سریع‌السیر,Noun/Adjective/Misc,س,10,1,2
سریع‌الوصول,Noun/Adjective/Misc,س,11,1,2
سری‌سازی,Noun/Adjective/Misc,س,8,1,2
سری‌لانکا,Noun/Adjective/Misc,س,9,1,2
سست‌اندام,Noun/Adjective/Misc,س,9,1,2
سست‌بنیان,Noun/Adjective/Misc,س,9,1,2
سست‌عقیده,Noun/Adjective/Misc,س,9,1,2
سست‌عنصر,Noun/Adjective/Misc,س,8,1,2
سست‌مایه,Noun/Adjective/Misc,س,8,1,2
سست‌نهاد,Noun/Adjective/Misc,س,8,1,2
سست‌پیمان,Noun/Adjective/Misc,س,9,1,2
سست‌پیوند,Noun/Adjective/Misc,س,9,1,2
سطحی‌نگر,Noun/Adjective/Misc,س,8,1,2
سطحی‌نگری,Noun/Adjective/Misc,س,9,1,2
سطح‌بندی,Noun/Adjective/Misc,س,8,1,2
سعادت‌آباد,Noun/Adjective/Misc,س,10,1,2
سعادت‌آمیز,Noun/Adjective/Misc,س,10,1,2
سعادت‌بخش,Noun/Adjective/Misc,س,9,1,2
سعادت‌نامه,Noun/Adjective/Misc,س,10,1,2
سعایت‌پیشه,Noun/Adjective/Misc,س,10,1,2
سعه‌صدر,Noun/Adjective/Misc,س,7,1,2
سفارت‌خانه,Noun/Adjective/Misc,س,10,1,2
سفارش‌دهنده,Noun/Adjective/Misc,س,11,1,2
سفارش‌نامه,Noun/Adjective/Misc,س,10,1,2
سفارش‌گیرنده,Noun/Adjective/Misc,س,12,1,2
سفال‌ساز,Noun/Adjective/Misc,س,8,1,2
سفال‌پزی,Noun/Adjective/Misc,س,8,1,2
سفال‌گری,Noun/Adjective/Misc,س,8,1,2
سفته‌بازی,Noun/Adjective/Misc,س,9,1,2
سفت‌کاری,Noun/Adjective/Misc,س,8,1,2
سفره‌آرایی,Noun/Adjective/Misc,س,10,1,2
سفره‌خانه,Noun/Adjective/Misc,س,9,1,2
سفینة‌النجات,Noun/Adjective/Misc,س,12,1,2
سقط‌جنین,Noun/Adjective/Misc,س,8,1,2
سقوط‌کننده,Noun/Adjective/Misc,س,10,1,2
سلامت‌جوی,Noun/Adjective/Misc,س,9,1,2
سلام‌الله,Noun/Adjective/Misc,س,9,1,2
سلانه‌سلانه,Noun/Adjective/Misc,س,11,1,2
سلب‌کننده,Noun/Adjective/Misc,س,9,1,2
سلسله‌مراتب,Noun/Adjective/Misc,س,11,1,2
سلطان‌آباد,Noun/Adjective/Misc,س,10,1,2
سلطان‌علی,Noun/Adjective/Misc,س,9,1,2
سلطان‌پور,Noun/Adjective/Misc,س,9,1,2
سلطنت‌طلب,Noun/Adjective/Misc,س,9,1,2
سلطه‌جو,Noun/Adjective/Misc,س,7,1,2
سلطه‌جویانه,Noun/Adjective/Misc,س,11,1,2
سلطه‌جویی,Noun/Adjective/Misc,س,9,1,2
سلطه‌ستیزی,Noun/Adjective/Misc,س,10,1,2
سلطه‌طلب,Noun/Adjective/Misc,س,8,1,2
سلطه‌پذیر,Noun/Adjective/Misc,س,9,1,2
سلطه‌پذیری,Noun/Adjective/Misc,س,10,1,2
سلطه‌گر,Noun/Adjective/Misc,س,7,1,2
سلطه‌گرانه,Noun/Adjective/Misc,س,10,1,2
سلف‌خر,Noun/Adjective/Misc,س,6,1,2
سلف‌سرویس,Noun/Adjective/Misc,س,9,1,2
سلول‌سازی,Noun/Adjective/Misc,س,9,1,2
سلول‌شناسی,Noun/Adjective/Misc,س,10,1,2
سلیطه‌گری,Noun/Adjective/Misc,س,9,1,2
سلیقه‌یابی,Noun/Adjective/Misc,س,10,1,2
سلیمان‌وار,Noun/Adjective/Misc,س,10,1,2
سلیم‌النفس,Noun/Adjective/Misc,س,10,1,2
سمت‌وسو,Noun/Adjective/Misc,س,7,1,2
سمت‌گیری,Noun/Adjective/Misc,س,8,1,2
سم‌زدا,Noun/Adjective/Misc,س,6,1,2
سم‌زدایی,Noun/Adjective/Misc,س,8,1,2
سم‌شناس,Noun/Adjective/Misc,س,7,1,2
سم‌شناسی,Noun/Adjective/Misc,س,8,1,2
سم‌پاش,Noun/Adjective/Misc,س,6,1,2
سم‌پاشی,Noun/Adjective/Misc,س,7,1,2
سنبل‌الطیب,Noun/Adjective/Misc,س,10,1,2
سنت‌شکن,Noun/Adjective/Misc,س,7,1,2
سنت‌طلب,Noun/Adjective/Misc,س,7,1,2
سنت‌گرا,Noun/Adjective/Misc,س,7,1,2
سنت‌گرایی,Noun/Adjective/Misc,س,9,1,2
سنگین‌وزن,Noun/Adjective/Misc,س,9,1,2
سنگ‌انداز,Noun/Adjective/Misc,س,9,1,2
سنگ‌اندازی,Noun/Adjective/Misc,س,10,1,2
سنگ‌بر,Noun/Adjective/Misc,س,6,1,2
سنگ‌بری,Noun/Adjective/Misc,س,7,1,2
سنگ‌تراش,Noun/Adjective/Misc,س,8,1,2
سنگ‌تراشی,Noun/Adjective/Misc,س,9,1,2
سنگ‌ریزه,Noun/Adjective/Misc,س,8,1,2
سنگ‌سابی,Noun/Adjective/Misc,س,8,1,2
سنگ‌ساز,Noun/Adjective/Misc,س,7,1,2
سنگ‌شناس,Noun/Adjective/Misc,س,8,1,2
سنگ‌شکن,Noun/Adjective/Misc,س,7,1,2
سنگ‌شکنی,Noun/Adjective/Misc,س,8,1,2
سنگ‌فرش,Noun/Adjective/Misc,س,7,1,2
سنگ‌نبشته,Noun/Adjective/Misc,س,9,1,2
سنگ‌نورد,Noun/Adjective/Misc,س,8,1,2
سنگ‌نوردی,Noun/Adjective/Misc,س,9,1,2
سنگ‌نوشته,Noun/Adjective/Misc,س,9,1,2
سنگ‌نگاره,Noun/Adjective/Misc,س,9,1,2
سنگ‌پرانی,Noun/Adjective/Misc,س,9,1,2
سنگ‌پشت,Noun/Adjective/Misc,س,7,1,2
سنگ‌چین,Noun/Adjective/Misc,س,7,1,2
سنگ‌کاری,Noun/Adjective/Misc,س,8,1,2
سن‌آگوستین,Noun/Adjective/Misc,س,10,1,2
سن‌دیه‌گو,Noun/Adjective/Misc,س,9,1,3
سن‌لویی,Noun/Adjective/Misc,س,7,1,2
سن‌پترزبورگ,Noun/Adjective/Misc,س,11,1,2
سهام‌دار,Noun/Adjective/Misc,س,8,1,2
سهل‌آباد,Noun/Adjective/Misc,س,8,1,2
سهل‌الوصول,Noun/Adjective/Misc,س,10,1,2
سهل‌انگار,Noun/Adjective/Misc,س,9,1,2
سهل‌انگارانه,Noun/Adjective/Misc,س,12,1,2
سهل‌انگاری,Noun/Adjective/Misc,س,10,1,2
سهمیه‌بندی,Noun/Adjective/Misc,س,10,1,2
سهم‌الارث,Noun/Adjective/Misc,س,9,1,2
سه‌اکتاوی,Noun/Adjective/Misc,س,9,1,2
سه‌باره,Noun/Adjective/Misc,س,7,1,2
سه‌بخشی,Noun/Adjective/Misc,س,7,1,2
سه‌بعدی,Noun/Adjective/Misc,س,7,1,2
سه‌به‌ده,Noun/Adjective/Misc,س,8,1,3
سه‌به‌سه,Noun/Adjective/Misc,س,8,1,3
سه‌به‌شش,Noun/Adjective/Misc,س,8,1,3
سه‌به‌نه,Noun/Adjective/Misc,س,8,1,3
سه‌به‌هشت,Noun/Adjective/Misc,س,9,1,3
سه‌به‌هفت,Noun/Adjective/Misc,س,9,1,3
سه‌به‌پنج,Noun/Adjective/Misc,س,9,1,3
سه‌به‌چهار,Noun/Adjective/Misc,س,10,1,3
سه‌به‌یک,Noun/Adjective/Misc,س,8,1,3
سه‌تا,Noun/Adjective/Misc,س,5,1,2
سه‌تار,Noun/Adjective/Misc,س,6,1,2
سه‌تاسه‌تا,Noun/Adjective/Misc,س,10,1,3
سه‌تایکی,Noun/Adjective/Misc,س,8,1,2
سه‌تایی,Noun/Adjective/Misc,س,7,1,2
سه‌ثانیه‌ای,Noun/Adjective/Misc,س,11,1,3
سه‌جانبه,Noun/Adjective/Misc,س,8,1,2
سه‌جزئی,Noun/Adjective/Misc,س,7,1,2
سه‌جلدی,Noun/Adjective/Misc,س,7,1,2
سه‌جمله‌ای,Noun/Adjective/Misc,س,10,1,3
سه‌حالته,Noun/Adjective/Misc,س,8,1,2
سه‌حالتی,Noun/Adjective/Misc,س,8,1,2
سه‌حرفی,Noun/Adjective/Misc,س,7,1,2
سه‌حزبی,Noun/Adjective/Misc,س,7,1,2
سه‌دانه‌ای,Noun/Adjective/Misc,س,10,1,3
سه‌در,Noun/Adjective/Misc,س,5,1,2
سه‌درجه‌ای,Noun/Adjective/Misc,س,10,1,3
سه‌درصدی,Noun/Adjective/Misc,س,8,1,2
سه‌دستگی,Noun/Adjective/Misc,س,8,1,2
سه‌دقیقه‌ای,Noun/Adjective/Misc,س,11,1,3
سه‌دهم,Noun/Adjective/Misc,س,6,1,2
سه‌دوم,Noun/Adjective/Misc,س,6,1,2
سه‌دوّم,Noun/Adjective/Misc,س,7,1,2
سه‌راه,Noun/Adjective/Misc,س,6,1,2
سه‌راهی,Noun/Adjective/Misc,س,7,1,2
سه‌رقمی,Noun/Adjective/Misc,س,7,1,2
سه‌روزه,Noun/Adjective/Misc,س,7,1,2
سه‌ساعته,Noun/Adjective/Misc,س,8,1,2
سه‌ساعتی,Noun/Adjective/Misc,س,8,1,2
سه‌ساله,Noun/Adjective/Misc,س,7,1,2
سه‌سالگی,Noun/Adjective/Misc,س,8,1,2
سه‌سوم,Noun/Adjective/Misc,س,6,1,2
سه‌سوّم,Noun/Adjective/Misc,س,7,1,2
سه‌ششم,Noun/Adjective/Misc,س,6,1,2
سه‌شنبه,Noun/Adjective/Misc,س,7,1,2
سه‌صدم,Noun/Adjective/Misc,س,6,1,2
سه‌صفحه‌ای,Noun/Adjective/Misc,س,10,1,3
سه‌ضربی,Noun/Adjective/Misc,س,7,1,2
سه‌طبقه,Noun/Adjective/Misc,س,7,1,2
سه‌طلاقه,Noun/Adjective/Misc,س,8,1,2
سه‌قسمته,Noun/Adjective/Misc,س,8,1,2
سه‌قسمتی,Noun/Adjective/Misc,س,8,1,2
سه‌قلو,Noun/Adjective/Misc,س,6,1,2
سه‌لو,Noun/Adjective/Misc,س,5,1,2
سه‌ماهه,Noun/Adjective/Misc,س,7,1,2
سه‌ماهگی,Noun/Adjective/Misc,س,8,1,2
سه‌میزانی,Noun/Adjective/Misc,س,9,1,2
سه‌میلیاردنفره,Noun/Adjective/Misc,س,14,1,2
سه‌میلیاردنفری,Noun/Adjective/Misc,س,14,1,2
سه‌میلیاردی,Noun/Adjective/Misc,س,11,1,2
سه‌میلیونی,Noun/Adjective/Misc,س,10,1,2
سه‌میلیون‌نفره,Noun/Adjective/Misc,س,14,1,3
سه‌میلیون‌نفری,Noun/Adjective/Misc,س,14,1,3
سه‌نفره,Noun/Adjective/Misc,س,7,1,2
سه‌نفری,Noun/Adjective/Misc,س,7,1,2
سه‌نقطه,Noun/Adjective/Misc,س,7,1,2
سه‌نهم,Noun/Adjective/Misc,س,6,1,2
سه‌هجایی,Noun/Adjective/Misc,س,8,1,2
سه‌هزارساله,Noun/Adjective/Misc,س,11,1,2
سه‌هزارسالگی,Noun/Adjective/Misc,س,12,1,2
سه‌هزارصفحه‌ای,Noun/Adjective/Misc,س,14,1,3
سه‌هزارم,Noun/Adjective/Misc,س,8,1,2
سه‌هزارنفره,Noun/Adjective/Misc,س,11,1,2
سه‌هزارنفری,Noun/Adjective/Misc,س,11,1,2
سه‌هزاری,Noun/Adjective/Misc,س,8,1,2
سه‌هشتم,Noun/Adjective/Misc,س,7,1,2
سه‌هفتم,Noun/Adjective/Misc,س,7,1,2
سه‌هفته‌ای,Noun/Adjective/Misc,س,10,1,3
سه‌پرده‌ای,Noun/Adjective/Misc,س,10,1,3
سه‌پنجم,Noun/Adjective/Misc,س,7,1,2
سه‌چرخه,Noun/Adjective/Misc,س,7,1,2
سه‌چهارروزه,Noun/Adjective/Misc,س,11,1,2
سه‌چهارساله,Noun/Adjective/Misc,س,11,1,2
سه‌چهارم,Noun/Adjective/Misc,س,8,1,2
سه‌چهارماهه,Noun/Adjective/Misc,س,11,1,2
سه‌کاره,Noun/Adjective/Misc,س,7,1,2
سه‌کلمه‌ای,Noun/Adjective/Misc,س,10,1,3
سه‌گام,Noun/Adjective/Misc,س,6,1,2
سه‌گانه,Noun/Adjective/Misc,س,7,1,2
سه‌گوش,Noun/Adjective/Misc,س,6,1,2
سوئدی‌زبان,Noun/Adjective/Misc,س,10,1,2
سواره‌رو,Noun/Adjective/Misc,س,8,1,2
سواره‌نظام,Noun/Adjective/Misc,س,10,1,2
سوته‌دل,Noun/Adjective/Misc,س,7,1,2
سوت‌زنان,Noun/Adjective/Misc,س,8,1,2
سوخت‌رسانی,Noun/Adjective/Misc,س,10,1,2
سوخت‌گیری,Noun/Adjective/Misc,س,9,1,2
سوراخ‌سوراخ,Noun/Adjective/Misc,س,11,1,2
سوراخ‌کاری,Noun/Adjective/Misc,س,10,1,2
سوراخ‌کن,Noun/Adjective/Misc,س,8,1,2
سوزش‌آور,Noun/Adjective/Misc,س,8,1,2
سوزن‌دوزی,Noun/Adjective/Misc,س,9,1,2
سوزن‌ساز,Noun/Adjective/Misc,س,8,1,2
سوزن‌کاری,Noun/Adjective/Misc,س,9,1,2
سوق‌دهنده,Noun/Adjective/Misc,س,9,1,2
سوهان‌پز,Noun/Adjective/Misc,س,8,1,2
سوپ‌خوری,Noun/Adjective/Misc,س,8,1,2
سوگ‌نامه,Noun/Adjective/Misc,س,8,1,2
سپاس‌دار,Noun/Adjective/Misc,س,8,1,2
سپاس‌نامه,Noun/Adjective/Misc,س,9,1,2
سپاس‌گزار,Noun/Adjective/Misc,س,9,1,2
سپاه‌دار,Noun/Adjective/Misc,س,8,1,2
سپاه‌سالار,Noun/Adjective/Misc,س,10,1,2
سپاه‌سالاری,Noun/Adjective/Misc,س,11,1,2
سپرده‌ای,Noun/Adjective/Misc,س,8,1,2
سپرده‌شده,Noun/Adjective/Misc,س,9,1,2
سپرده‌گذار,Noun/Adjective/Misc,س,10,1,2
سپرده‌گذاری,Noun/Adjective/Misc,س,11,1,2
سپری‌شده,Noun/Adjective/Misc,س,8,1,2
سپه‌سالار,Noun/Adjective/Misc,س,9,1,2
سپیده‌دم,Noun/Adjective/Misc,س,8,1,2
سکان‌دار,Noun/Adjective/Misc,س,8,1,2
سکه‌شناس,Noun/Adjective/Misc,س,8,1,2
سکه‌شناسی,Noun/Adjective/Misc,س,9,1,2
سکونت‌گاه,Noun/Adjective/Misc,س,9,1,2
سگ‌باز,Noun/Adjective/Misc,س,6,1,2
سگ‌دو,Noun/Adjective/Misc,س,5,1,2
سگ‌صفت,Noun/Adjective/Misc,س,6,1,2
سگ‌ماهی,Noun/Adjective/Misc,س,7,1,2
سگ‌کشی,Noun/Adjective/Misc,س,6,1,2
سیاحت‌نامه,Noun/Adjective/Misc,س,10,1,2
سیاحت‌گر,Noun/Adjective/Misc,س,8,1,2
سیاست‌باز,Noun/Adjective/Misc,س,9,1,2
سیاست‌بازی,Noun/Adjective/Misc,س,10,1,2
سیاست‌زدایی,Noun/Adjective/Misc,س,11,1,2
سیاست‌مدار,Noun/Adjective/Misc,س,10,1,2
سیاست‌مداری,Noun/Adjective/Misc,س,11,1,2
سیاست‌نامه,Noun/Adjective/Misc,س,10,1,2
سیاست‌پردازی,Noun/Adjective/Misc,س,12,1,2
سیاست‌گذار,Noun/Adjective/Misc,س,10,1,2
سیاست‌گذارانه,Noun/Adjective/Misc,س,13,1,2
سیاست‌گذاری,Noun/Adjective/Misc,س,11,1,2
سیاه‌بازی,Noun/Adjective/Misc,س,9,1,2
سیاه‌بخت,Noun/Adjective/Misc,س,8,1,2
سیاه‌بیشه,Noun/Adjective/Misc,س,9,1,2
سیاه‌دانه,Noun/Adjective/Misc,س,9,1,2
سیاه‌رنگ,Noun/Adjective/Misc,س,8,1,2
سیاه‌رگ,Noun/Adjective/Misc,س,7,1,2
سیاه‌زخم,Noun/Adjective/Misc,س,8,1,2
سیاه‌سرفه,Noun/Adjective/Misc,س,9,1,2
سیاه‌سوخته,Noun/Adjective/Misc,س,10,1,2
سیاه‌مشق,Noun/Adjective/Misc,س,8,1,2
سیاه‌پوست,Noun/Adjective/Misc,س,9,1,2
سیاه‌پوش,Noun/Adjective/Misc,س,8,1,2
سیاه‌چال,Noun/Adjective/Misc,س,8,1,2
سیاه‌چاله,Noun/Adjective/Misc,س,9,1,2
سیاه‌کار,Noun/Adjective/Misc,س,8,1,2
سیاه‌کاری,Noun/Adjective/Misc,س,9,1,2
سیب‌زمینی,Noun/Adjective/Misc,س,9,1,2
سیتی‌زن,Noun/Adjective/Misc,س,7,1,2
سیری‌ناپذیر,Noun/Adjective/Misc,س,11,1,2
سیزده‌بخشی,Noun/Adjective/Misc,س,10,1,2
سیزده‌تا,Noun/Adjective/Misc,س,8,1,2
سیزده‌تایی,Noun/Adjective/Misc,س,10,1,2
سیزده‌ثانیه‌ای,Noun/Adjective/Misc,س,14,1,3
سیزده‌جلدی,Noun/Adjective/Misc,س,10,1,2
سیزده‌حالته,Noun/Adjective/Misc,س,11,1,2
سیزده‌حالتی,Noun/Adjective/Misc,س,11,1,2
سیزده‌حرفی,Noun/Adjective/Misc,س,10,1,2
سیزده‌دانه‌ای,Noun/Adjective/Misc,س,13,1,3
سیزده‌درصدی,Noun/Adjective/Misc,س,11,1,2
سیزده‌دقیقه‌ای,Noun/Adjective/Misc,س,14,1,3
سیزده‌رقمی,Noun/Adjective/Misc,س,10,1,2
سیزده‌روزه,Noun/Adjective/Misc,س,10,1,2
سیزده‌ساعته,Noun/Adjective/Misc,س,11,1,2
سیزده‌ساعتی,Noun/Adjective/Misc,س,11,1,2
سیزده‌ساله,Noun/Adjective/Misc,س,10,1,2
سیزده‌سالگی,Noun/Adjective/Misc,س,11,1,2
سیزده‌صفحه‌ای,Noun/Adjective/Misc,س,13,1,3
سیزده‌قسمته,Noun/Adjective/Misc,س,11,1,2
سیزده‌قسمتی,Noun/Adjective/Misc,س,11,1,2
سیزده‌ماهه,Noun/Adjective/Misc,س,10,1,2
سیزده‌ماهگی,Noun/Adjective/Misc,س,11,1,2
سیزده‌میلیاردی,Noun/Adjective/Misc,س,14,1,2
سیزده‌میلیونی,Noun/Adjective/Misc,س,13,1,2
سیزده‌میلیون‌نفره,Noun/Adjective/Misc,س,17,1,3
سیزده‌میلیون‌نفری,Noun/Adjective/Misc,س,17,1,3
سیزده‌نفره,Noun/Adjective/Misc,س,10,1,2
سیزده‌نفری,Noun/Adjective/Misc,س,10,1,2
سیزده‌هجایی,Noun/Adjective/Misc,س,11,1,2
سیزده‌هزارساله,Noun/Adjective/Misc,س,14,1,2
سیزده‌هزارسالگی,Noun/Adjective/Misc,س,15,1,2
سیزده‌هزارنفره,Noun/Adjective/Misc,س,14,1,2
سیزده‌هزارنفری,Noun/Adjective/Misc,س,14,1,2
سیزده‌هفته‌ای,Noun/Adjective/Misc,س,13,1,3
سیزده‌گانه,Noun/Adjective/Misc,س,10,1,2
سیستم‌عامل,Noun/Adjective/Misc,س,10,1,2
سیصدثانیه‌ای,Noun/Adjective/Misc,س,12,1,2
سیصددانه‌ای,Noun/Adjective/Misc,س,11,1,2
سیصددقیقه‌ای,Noun/Adjective/Misc,س,12,1,2
سیصدصفحه‌ای,Noun/Adjective/Misc,س,11,1,2
سیصدمیلیون‌نفره,Noun/Adjective/Misc,س,15,1,2
سیصدمیلیون‌نفری,Noun/Adjective/Misc,س,15,1,2
سیصدهفته‌ای,Noun/Adjective/Misc,س,11,1,2
سیصدکلمه‌ای,Noun/Adjective/Misc,س,11,1,2
سیطره‌طلب,Noun/Adjective/Misc,س,9,1,2
سیف‌آباد,Noun/Adjective/Misc,س,8,1,2
سیف‌الدوله,Noun/Adjective/Misc,س,10,1,2
سیف‌الدین,Noun/Adjective/Misc,س,9,1,2
سیف‌الله,Noun/Adjective/Misc,س,8,1,2
سیل‌آسا,Noun/Adjective/Misc,س,7,1,2
سیل‌خیز,Noun/Adjective/Misc,س,7,1,2
سیل‌زده,Noun/Adjective/Misc,س,7,1,2
سیمان‌کار,Noun/Adjective/Misc,س,9,1,2
سیمان‌کاری,Noun/Adjective/Misc,س,10,1,2
سیمینه‌رود,Noun/Adjective/Misc,س,10,1,2
سیم‌بکسل,Noun/Adjective/Misc,س,8,1,2
سیم‌خاردار,Noun/Adjective/Misc,س,10,1,2
سیم‌لوله,Noun/Adjective/Misc,س,8,1,2
سیم‌پیچ,Noun/Adjective/Misc,س,7,1,2
سیم‌پیچی,Noun/Adjective/Misc,س,8,1,2
سیم‌چین,Noun/Adjective/Misc,س,7,1,2
سیم‌کارت,Noun/Adjective/Misc,س,8,1,2
سیم‌کش,Noun/Adjective/Misc,س,6,1,2
سیم‌کشی,Noun/Adjective/Misc,س,7,1,2
سینه‌بند,Noun/Adjective/Misc,س,8,1,2
سینه‌خیز,Noun/Adjective/Misc,س,8,1,2
سینه‌درد,Noun/Adjective/Misc,س,8,1,2
سینه‌ریز,Noun/Adjective/Misc,س,8,1,2
سینه‌زن,Noun/Adjective/Misc,س,7,1,2
سینه‌زنان,Noun/Adjective/Misc,س,9,1,2
سینه‌زنی,Noun/Adjective/Misc,س,8,1,2
سینه‌سوز,Noun/Adjective/Misc,س,8,1,2
سینه‌پهلو,Noun/Adjective/Misc,س,9,1,2
سینه‌چاک,Noun/Adjective/Misc,س,8,1,2
سین‌جیم,Noun/Adjective/Misc,س,7,1,2
سیه‌بخت,Noun/Adjective/Misc,س,7,1,2
سیه‌جامه,Noun/Adjective/Misc,س,8,1,2
سیه‌رو,Noun/Adjective/Misc,س,6,1,2
سیه‌روز,Noun/Adjective/Misc,س,7,1,2
سیه‌فام,Noun/Adjective/Misc,س,7,1,2
سیه‌پوش,Noun/Adjective/Misc,س,7,1,2
سیه‌چرده,Noun/Adjective/Misc,س,8,1,2
سی‌ام,Noun/Adjective/Misc,س,5,1,2
سی‌امین,Noun/Adjective/Misc,س,7,1,2
سی‌ان‌ان,Noun/Adjective/Misc,س,8,1,3
سی‌بخشی,Noun/Adjective/Misc,س,7,1,2
سی‌تا,Noun/Adjective/Misc,س,5,1,2
سی‌تاسی‌تا,Noun/Adjective/Misc,س,10,1,3
سی‌تایی,Noun/Adjective/Misc,س,7,1,2
سی‌تی‌اسکن,Noun/Adjective/Misc,س,10,1,3
سی‌ثانیه‌ای,Noun/Adjective/Misc,س,11,1,3
سی‌جلدی,Noun/Adjective/Misc,س,7,1,2
سی‌حالته,Noun/Adjective/Misc,س,8,1,2
سی‌حالتی,Noun/Adjective/Misc,س,8,1,2
سی‌حرفی,Noun/Adjective/Misc,س,7,1,2
سی‌دانه‌ای,Noun/Adjective/Misc,س,10,1,3
سی‌درصدی,Noun/Adjective/Misc,س,8,1,2
سی‌دقیقه‌ای,Noun/Adjective/Misc,س,11,1,3
سی‌دی,Noun/Adjective/Misc,س,5,1,2
سی‌دی‌رام,Noun/Adjective/Misc,س,9,1,3
سی‌رقمی,Noun/Adjective/Misc,س,7,1,2
سی‌روزه,Noun/Adjective/Misc,س,7,1,2
سی‌ساعته,Noun/Adjective/Misc,س,8,1,2
سی‌ساعتی,Noun/Adjective/Misc,س,8,1,2
سی‌ساله,Noun/Adjective/Misc,س,7,1,2
سی‌سالگی,Noun/Adjective/Misc,س,8,1,2
سی‌سنگان,Noun/Adjective/Misc,س,8,1,2
سی‌سی,Noun/Adjective/Misc,س,5,1,2
سی‌سی‌یو,Noun/Adjective/Misc,س,8,1,3
سی‌صفحه‌ای,Noun/Adjective/Misc,س,10,1,3
سی‌قسمته,Noun/Adjective/Misc,س,8,1,2
سی‌قسمتی,Noun/Adjective/Misc,س,8,1,2
سی‌ماهه,Noun/Adjective/Misc,س,7,1,2
سی‌ماهگی,Noun/Adjective/Misc,س,8,1,2
سی‌میلیاردی,Noun/Adjective/Misc,س,11,1,2
سی‌میلیونی,Noun/Adjective/Misc,س,10,1,2
سی‌میلیون‌نفره,Noun/Adjective/Misc,س,14,1,3
سی‌میلیون‌نفری,Noun/Adjective/Misc,س,14,1,3
سی‌نفره,Noun/Adjective/Misc,س,7,1,2
سی‌نفری,Noun/Adjective/Misc,س,7,1,2
سی‌هجایی,Noun/Adjective/Misc,س,8,1,2
سی‌هزارساله,Noun/Adjective/Misc,س,11,1,2
سی‌هزارسالگی,Noun/Adjective/Misc,س,12,1,2
سی‌هزارنفره,Noun/Adjective/Misc,س,11,1,2
سی‌هزارنفری,Noun/Adjective/Misc,س,11,1,2
سی‌هزاری,Noun/Adjective/Misc,س,8,1,2
سی‌هفته‌ای,Noun/Adjective/Misc,س,10,1,3
سی‌ودو,Noun/Adjective/Misc,س,6,1,2
سی‌ودوساله,Noun/Adjective/Misc,س,10,1,2
سی‌ودوسالگی,Noun/Adjective/Misc,س,11,1,2
سی‌وسه,Noun/Adjective/Misc,س,6,1,2
سی‌وسه‌ساله,Noun/Adjective/Misc,س,11,1,3
سی‌وسه‌سالگی,Noun/Adjective/Misc,س,12,1,3
سی‌وسه‌پل,Noun/Adjective/Misc,س,9,1,3
سی‌وشش,Noun/Adjective/Misc,س,6,1,2
سی‌وشش‌ساله,Noun/Adjective/Misc,س,11,1,3
سی‌وشش‌سالگی,Noun/Adjective/Misc,س,12,1,3
سی‌ونه,Noun/Adjective/Misc,س,6,1,2
سی‌ونه‌ساله,Noun/Adjective/Misc,س,11,1,3
سی‌ونه‌سالگی,Noun/Adjective/Misc,س,12,1,3
سی‌وهشت,Noun/Adjective/Misc,س,7,1,2
سی‌وهشت‌ساله,Noun/Adjective/Misc,س,12,1,3
سی‌وهشت‌سالگی,Noun/Adjective/Misc,س,13,1,3
سی‌وهفت,Noun/Adjective/Misc,س,7,1,2
سی‌وهفت‌ساله,Noun/Adjective/Misc,س,12,1,3
سی‌وهفت‌سالگی,Noun/Adjective/Misc,س,13,1,3
سی‌وپنج,Noun/Adjective/Misc,س,7,1,2
سی‌وپنج‌ساله,Noun/Adjective/Misc,س,12,1,3
سی‌وپنج‌سالگی,Noun/Adjective/Misc,س,13,1,3
سی‌وچند,Noun/Adjective/Misc,س,7,1,2
سی‌وچندساله,Noun/Adjective/Misc,س,11,1,2
سی‌وچندسالگی,Noun/Adjective/Misc,س,12,1,2
سی‌وچهار,Noun/Adjective/Misc,س,8,1,2
سی‌وچهارساله,Noun/Adjective/Misc,س,12,1,2
سی‌وچهارسالگی,Noun/Adjective/Misc,س,13,1,2
سی‌ویک,Noun/Adjective/Misc,س,6,1,2
سی‌ویک‌ساله,Noun/Adjective/Misc,س,11,1,3
سی‌ویک‌سالگی,Noun/Adjective/Misc,س,12,1,3
سی‌کاره,Noun/Adjective/Misc,س,7,1,2
سی‌کلمه‌ای,Noun/Adjective/Misc,س,10,1,3
سی‌گانه,Noun/Adjective/Misc,س,7,1,2
سؤال‌انگیزی,Noun/Adjective/Misc,س,11,1,2
ساتی‌لایت,Noun/Adjective/Misc,س,9,1,2
ساده‌تر,Noun/Adjective/Misc,س,7,1,2
ساده‌زیستی,Noun/Adjective/Misc,س,10,1,2
سازه‌انگاری,Noun/Adjective/Misc,س,11,1,2
سالگو‌اروسی,Noun/Adjective/Misc,س,11,1,2
سال‌ها,Noun/Adjective/Misc,س,6,1,2
سامی‌ستیزی,Noun/Adjective/Misc,س,10,1,2
سانتی‌متری,Noun/Adjective/Misc,س,10,1,2
سانگ‌سونگ,Noun/Adjective/Misc,س,9,1,2
سان‌لوییس,Noun/Adjective/Misc,س,9,1,2
سبیل‌الله,Noun/Adjective/Misc,س,9,1,2
ستاره‌شناسان,Noun/Adjective/Misc,س,12,1,2
ستاره‌شناسی,Noun/Adjective/Misc,س,11,1,2
ستم‌دیده,Noun/Adjective/Misc,س,8,1,2
سدیم‌سولفات,Noun/Adjective/Misc,س,11,1,2
سرحدی‌زاده,Noun/Adjective/Misc,س,10,1,2
سرطان‌زایی,Noun/Adjective/Misc,س,10,1,2
سرمایه‌داری,Noun/Adjective/Misc,س,11,1,2
سرمایه‌سالاری,Noun/Adjective/Misc,س,13,1,2
سرمایه‌گذاری,Noun/Adjective/Misc,س,12,1,2
سرمربی‌گری,Noun/Adjective/Misc,س,10,1,2
سرویس‌رسانی,Noun/Adjective/Misc,س,11,1,2
سرویس‌گرایی,Noun/Adjective/Misc,س,11,1,2
سریال‌سازی,Noun/Adjective/Misc,س,10,1,2
سر‌مقاله,Noun/Adjective/Misc,س,8,1,2
سطح‌الارض,Noun/Adjective/Misc,س,9,1,2
سعید‌بن‌عاص,Noun/Adjective/Misc,س,11,1,3
سفرنامه‌نویسی,Noun/Adjective/Misc,س,13,1,2
سلام‌الله‌علیه,Noun/Adjective/Misc,س,14,1,3
سلسله‌امور,Noun/Adjective/Misc,س,10,1,2
سلسله‌جبال,Noun/Adjective/Misc,س,10,1,2
سنگ‌باران,Noun/Adjective/Misc,س,9,1,2
سنگ‌دانه,Noun/Adjective/Misc,س,8,1,2
سه‌گاه,Noun/Adjective/Misc,س,6,1,2
سوءاستفاده‌کنندگان,Noun/Adjective/Misc,س,18,1,2
سوء‌تفاهم,Noun/Adjective/Misc,س,9,1,2
سوأ‌تغذیه,Noun/Adjective/Misc,س,9,1,2
سورتمه‌رانی,Noun/Adjective/Misc,س,11,1,2
سوپر‌دولوکس,Noun/Adjective/Misc,س,11,1,2
سپیده‌دمان,Noun/Adjective/Misc,س,10,1,2
سکته‌ای,Noun/Adjective/Misc,س,7,1,2
سگ‌بازی,Noun/Adjective/Misc,س,7,1,2
سیاست‌مرد,Noun/Adjective/Misc,س,9,1,2
سیاسی‌کاری,Noun/Adjective/Misc,س,10,1,2
سیاهی‌لشکر,Noun/Adjective/Misc,س,10,1,2
سیاه‌روزی,Noun/Adjective/Misc,س,9,1,2
سیزده‌به‌در,Noun/Adjective/Misc,س,11,1,3
سینه‌کش,Noun/Adjective/Misc,س,7,1,2
سی‌بی‌اس,Noun/Adjective/Misc,س,8,1,3
ساخته‌وپرداخته,Noun/Adjective/Misc,س,14,1,2
ساده‌رو,Noun/Adjective/Misc,س,7,1,2
ساده‌لوحی,Noun/Adjective/Misc,س,9,1,2
سازش‌پذیر,Noun/Adjective/Misc,س,9,1,2
ساق‌دوش,Noun/Adjective/Misc,س,7,1,2
سال‌گذشته,Noun/Adjective/Misc,س,9,1,2
سایه‌افکن,Noun/Adjective/Misc,س,9,1,2
سایه‌پرست,Noun/Adjective/Misc,س,9,1,2
سایه‌پرورد,Noun/Adjective/Misc,س,10,1,2
سایه‌روشن,Noun/Adjective/Misc,س,9,1,2
سایه‌گاه,Noun/Adjective/Misc,س,8,1,2
سبب‌سوز,Noun/Adjective/Misc,س,7,1,2
سبزی‌پاک‌کن,Noun/Adjective/Misc,س,11,1,3
سبک‌پا,Noun/Adjective/Misc,س,6,1,2
سبک‌خیز,Noun/Adjective/Misc,س,7,1,2
سبک‌داشت,Noun/Adjective/Misc,س,8,1,2
سبک‌رو,Noun/Adjective/Misc,س,6,1,2
سبک‌سیر,Noun/Adjective/Misc,س,7,1,2
سبک‌عقل,Noun/Adjective/Misc,س,7,1,2
سبک‌مایه,Noun/Adjective/Misc,س,8,1,2
سبک‌مغزی,Noun/Adjective/Misc,س,8,1,2
ستاره‌باران,Noun/Adjective/Misc,س,11,1,2
ستاره‌سوخته,Noun/Adjective/Misc,س,11,1,2
ستایش‌انگیز,Noun/Adjective/Misc,س,11,1,2
ستیزه‌خو,Noun/Adjective/Misc,س,8,1,2
ستیزه‌خویی,Noun/Adjective/Misc,س,10,1,2
سخاوت‌پیشه,Noun/Adjective/Misc,س,10,1,2
سخن‌گزار,Noun/Adjective/Misc,س,8,1,2
سدره‌نشین,Noun/Adjective/Misc,س,9,1,2
سربه‌گریبان,Noun/Adjective/Misc,س,11,1,2
سربه‌نیست,Noun/Adjective/Misc,س,9,1,2
سربه‌هوا,Noun/Adjective/Misc,س,8,1,2
سرخ‌رگ,Noun/Adjective/Misc,س,6,1,2
سردم‌دار,Noun/Adjective/Misc,س,8,1,2
سررشته‌دار,Noun/Adjective/Misc,س,10,1,2
سرزنش‌آلود,Noun/Adjective/Misc,س,10,1,2
سرگین‌گردان,Noun/Adjective/Misc,س,11,1,2
سرمه‌ای,Noun/Adjective/Misc,س,7,1,2
سریع‌التاثر,Noun/Adjective/Misc,س,11,1,2
سست‌اندیشه,Noun/Adjective/Misc,س,10,1,2
سست‌بنیاد,Noun/Adjective/Misc,س,9,1,2
سست‌رای,Noun/Adjective/Misc,س,7,1,2
سست‌عهد,Noun/Adjective/Misc,س,7,1,2
سست‌مهر,Noun/Adjective/Misc,س,7,1,2
سطحی‌گرا,Noun/Adjective/Misc,س,8,1,2
سفاهت‌آمیز,Noun/Adjective/Misc,س,10,1,2
سفره‌چی,Noun/Adjective/Misc,س,7,1,2
سفسطه‌باز,Noun/Adjective/Misc,س,9,1,2
سفله‌پرور,Noun/Adjective/Misc,س,9,1,2
سفیده‌دم,Noun/Adjective/Misc,س,8,1,2
سگ‌جان,Noun/Adjective/Misc,س,6,1,2
سگ‌دل,Noun/Adjective/Misc,س,5,1,2
سگ‌ساران,Noun/Adjective/Misc,س,8,1,2
سگ‌سار,Noun/Adjective/Misc,س,6,1,2
سلاح‌پوش,Noun/Adjective/Misc,س,8,1,2
سلاخ‌خانه,Noun/Adjective/Misc,س,9,1,2
سلامت‌جو,Noun/Adjective/Misc,س,8,1,2
سلامت‌خواهی,Noun/Adjective/Misc,س,11,1,2
سلسله‌جنبان,Noun/Adjective/Misc,س,11,1,2
سلیقه‌دار,Noun/Adjective/Misc,س,9,1,2
سم‌آلود,Noun/Adjective/Misc,س,7,1,2
سماق‌پالا,Noun/Adjective/Misc,س,9,1,2
سم‌دار,Noun/Adjective/Misc,س,6,1,2
سمن‌بیز,Noun/Adjective/Misc,س,7,1,2
سمن‌سا,Noun/Adjective/Misc,س,6,1,2
سمین‌زار,Noun/Adjective/Misc,س,8,1,2
سنت‌شکنی,Noun/Adjective/Misc,س,8,1,2
سوت‌وکور,Noun/Adjective/Misc,س,8,1,2
سوداوی‌مزاج,Noun/Adjective/Misc,س,11,1,2
سودایی‌مزاج,Noun/Adjective/Misc,س,11,1,2
سوزن‌زن,Noun/Adjective/Misc,س,7,1,2
سوق‌الجیشی,Noun/Adjective/Misc,س,10,1,2
سوگ‌سرود,Noun/Adjective/Misc,س,8,1,2
سوگ‌نشین,Noun/Adjective/Misc,س,8,1,2
سوء‌استفاده‌چی,Noun/Adjective/Misc,س,14,1,3
سوء‌ظن,Noun/Adjective/Misc,س,6,1,2
سوء‌قصد,Noun/Adjective/Misc,س,7,1,2
سوء‌نیت,Noun/Adjective/Misc,س,7,1,2
سه‌ضلعی,Noun/Adjective/Misc,س,7,1,2
سه‌کنج,Noun/Adjective/Misc,س,6,1,2
سهل‌الحصول,Noun/Adjective/Misc,س,10,1,2
سهل‌العبور,Noun/Adjective/Misc,س,10,1,2
سهل‌العلاج,Noun/Adjective/Misc,س,10,1,2
سهل‌الهضم,Noun/Adjective/Misc,س,9,1,2
سهل‌گیر,Noun/Adjective/Misc,س,7,1,2
سهل‌گیری,Noun/Adjective/Misc,س,8,1,2
سهم‌بری,Noun/Adjective/Misc,س,7,1,2
سه‌نبش,Noun/Adjective/Misc,س,6,1,2
سه‌یک,Noun/Adjective/Misc,س,5,1,2
سیاه‌بختی,Noun/Adjective/Misc,س,9,1,2
سیاه‌دل,Noun/Adjective/Misc,س,7,1,2
سیاه‌روز,Noun/Adjective/Misc,س,8,1,2
سیاه‌رو,Noun/Adjective/Misc,س,7,1,2
سیاه‌فام,Noun/Adjective/Misc,س,8,1,2
سیطره‌جو,Noun/Adjective/Misc,س,8,1,2
سیطره‌جویی,Noun/Adjective/Misc,س,10,1,2
سیل‌گیر,Noun/Adjective/Misc,س,7,1,2
سیماب‌گون,Noun/Adjective/Misc,س,9,1,2
سیم‌اندام,Noun/Adjective/Misc,س,9,1,2
سیمین‌بر,Noun/Adjective/Misc,س,8,1,2
سیمین‌عذار,Noun/Adjective/Misc,س,10,1,2
سینه‌به‌سینه,Noun/Adjective/Misc,س,12,1,3
سینه‌مال,Noun/Adjective/Misc,س,8,1,2
سیه‌روزی,Noun/Adjective/Misc,س,8,1,2
سیه‌کار,Noun/Adjective/Misc,س,7,1,2
سیه‌کاسه,Noun/Adjective/Misc,س,8,1,2
شاخه‌دار,Noun/Adjective/Misc,ش,8,1,2
شاخه‌شاخه,Noun/Adjective/Misc,ش,9,1,2
شاخک‌دار,Noun/Adjective/Misc,ش,8,1,2
شاخ‌دار,Noun/Adjective/Misc,ش,7,1,2
شادابی‌سازی,Noun/Adjective/Misc,ش,11,1,2
شادی‌آفرین,Noun/Adjective/Misc,ش,10,1,2
شادی‌آور,Noun/Adjective/Misc,ش,8,1,2
شادی‌بخش,Noun/Adjective/Misc,ش,8,1,2
شاسی‌بلند,Noun/Adjective/Misc,ش,9,1,2
شاش‌بند,Noun/Adjective/Misc,ش,7,1,2
شالی‌زار,Noun/Adjective/Misc,ش,8,1,2
شالی‌کار,Noun/Adjective/Misc,ش,8,1,2
شالی‌کاری,Noun/Adjective/Misc,ش,9,1,2
شالی‌کوب,Noun/Adjective/Misc,ش,8,1,2
شالی‌کوبی,Noun/Adjective/Misc,ش,9,1,2
شال‌بافی,Noun/Adjective/Misc,ش,8,1,2
شانزده‌بخشی,Noun/Adjective/Misc,ش,11,1,2
شانزده‌تا,Noun/Adjective/Misc,ش,9,1,2
شانزده‌تایی,Noun/Adjective/Misc,ش,11,1,2
شانزده‌ثانیه‌ای,Noun/Adjective/Misc,ش,15,1,3
شانزده‌جلدی,Noun/Adjective/Misc,ش,11,1,2
شانزده‌حالته,Noun/Adjective/Misc,ش,12,1,2
شانزده‌حالتی,Noun/Adjective/Misc,ش,12,1,2
شانزده‌حرفی,Noun/Adjective/Misc,ش,11,1,2
شانزده‌دانه‌ای,Noun/Adjective/Misc,ش,14,1,3
شانزده‌درصدی,Noun/Adjective/Misc,ش,12,1,2
شانزده‌دقیقه‌ای,Noun/Adjective/Misc,ش,15,1,3
شانزده‌رقمی,Noun/Adjective/Misc,ش,11,1,2
شانزده‌روزه,Noun/Adjective/Misc,ش,11,1,2
شانزده‌ساعته,Noun/Adjective/Misc,ش,12,1,2
شانزده‌ساعتی,Noun/Adjective/Misc,ش,12,1,2
شانزده‌ساله,Noun/Adjective/Misc,ش,11,1,2
شانزده‌سالگی,Noun/Adjective/Misc,ش,12,1,2
شانزده‌صفحه‌ای,Noun/Adjective/Misc,ش,14,1,3
شانزده‌قسمته,Noun/Adjective/Misc,ش,12,1,2
شانزده‌قسمتی,Noun/Adjective/Misc,ش,12,1,2
شانزده‌ماهه,Noun/Adjective/Misc,ش,11,1,2
شانزده‌ماهگی,Noun/Adjective/Misc,ش,12,1,2
شانزده‌میلیاردی,Noun/Adjective/Misc,ش,15,1,2
شانزده‌میلیونی,Noun/Adjective/Misc,ش,14,1,2
شانزده‌میلیون‌نفره,Noun/Adjective/Misc,ش,18,1,3
شانزده‌میلیون‌نفری,Noun/Adjective/Misc,ش,18,1,3
شانزده‌نفره,Noun/Adjective/Misc,ش,11,1,2
شانزده‌نفری,Noun/Adjective/Misc,ش,11,1,2
شانزده‌هجایی,Noun/Adjective/Misc,ش,12,1,2
شانزده‌هزارساله,Noun/Adjective/Misc,ش,15,1,2
شانزده‌هزارسالگی,Noun/Adjective/Misc,ش,16,1,2
شانزده‌هزارنفره,Noun/Adjective/Misc,ش,15,1,2
شانزده‌هزارنفری,Noun/Adjective/Misc,ش,15,1,2
شانزده‌هفته‌ای,Noun/Adjective/Misc,ش,14,1,3
شانزده‌گانه,Noun/Adjective/Misc,ش,11,1,2
شانه‌به‌سر,Noun/Adjective/Misc,ش,10,1,3
شاهان‌دشت,Noun/Adjective/Misc,ش,9,1,2
شاهنامه‌خوان,Noun/Adjective/Misc,ش,12,1,2
شاهنامه‌خوانی,Noun/Adjective/Misc,ش,13,1,2
شاهین‌دژ,Noun/Adjective/Misc,ش,8,1,2
شاهین‌شهر,Noun/Adjective/Misc,ش,9,1,2
شاه‌آباد,Noun/Adjective/Misc,ش,8,1,2
شاه‌آبادی,Noun/Adjective/Misc,ش,9,1,2
شاه‌بلوط,Noun/Adjective/Misc,ش,8,1,2
شاه‌بلوطی,Noun/Adjective/Misc,ش,9,1,2
شاه‌بیت,Noun/Adjective/Misc,ش,7,1,2
شاه‌توت,Noun/Adjective/Misc,ش,7,1,2
شاه‌دخت,Noun/Adjective/Misc,ش,7,1,2
شاه‌راه,Noun/Adjective/Misc,ش,7,1,2
شاه‌عباس,Noun/Adjective/Misc,ش,8,1,2
شاه‌محمدی,Noun/Adjective/Misc,ش,9,1,2
شاه‌میگو,Noun/Adjective/Misc,ش,8,1,2
شاه‌نشین,Noun/Adjective/Misc,ش,8,1,2
شاه‌پر,Noun/Adjective/Misc,ش,6,1,2
شاه‌پرست,Noun/Adjective/Misc,ش,8,1,2
شاه‌پرستی,Noun/Adjective/Misc,ش,9,1,2
شاه‌پسند,Noun/Adjective/Misc,ش,8,1,2
شاه‌چراغ,Noun/Adjective/Misc,ش,8,1,2
شاه‌کلید,Noun/Adjective/Misc,ش,8,1,2
شایان‌ذکر,Noun/Adjective/Misc,ش,9,1,2
شایسته‌سالاری,Noun/Adjective/Misc,ش,13,1,2
شایعه‌ساز,Noun/Adjective/Misc,ش,9,1,2
شایعه‌سازی,Noun/Adjective/Misc,ش,10,1,2
شایعه‌پراکن,Noun/Adjective/Misc,ش,11,1,2
شایعه‌پراکنی,Noun/Adjective/Misc,ش,12,1,2
شایعه‌پرداز,Noun/Adjective/Misc,ش,11,1,2
شبانه‌روز,Noun/Adjective/Misc,ش,9,1,2
شبانه‌روزی,Noun/Adjective/Misc,ش,10,1,2
شبح‌زده,Noun/Adjective/Misc,ش,7,1,2
شبح‌وار,Noun/Adjective/Misc,ش,7,1,2
شبهه‌ناک,Noun/Adjective/Misc,ش,8,1,2
شبهه‌ناکی,Noun/Adjective/Misc,ش,9,1,2
شبه‌اسلامی,Noun/Adjective/Misc,ش,10,1,2
شبه‌ایرانی,Noun/Adjective/Misc,ش,10,1,2
شبه‌جزیره,Noun/Adjective/Misc,ش,9,1,2
شبه‌دانشگاهی,Noun/Adjective/Misc,ش,12,1,2
شبه‌دایره,Noun/Adjective/Misc,ش,9,1,2
شبه‌دولتی,Noun/Adjective/Misc,ش,9,1,2
شبه‌دیجیتالی,Noun/Adjective/Misc,ش,12,1,2
شبه‌دین,Noun/Adjective/Misc,ش,7,1,2
شبه‌دینی,Noun/Adjective/Misc,ش,8,1,2
شبه‌علم,Noun/Adjective/Misc,ش,7,1,2
شبه‌علمی,Noun/Adjective/Misc,ش,8,1,2
شبه‌فاصله,Noun/Adjective/Misc,ش,9,1,2
شبه‌فرهنگی,Noun/Adjective/Misc,ش,10,1,2
شبه‌فلسفه,Noun/Adjective/Misc,ش,9,1,2
شبه‌فلسفی,Noun/Adjective/Misc,ش,9,1,2
شبه‌قاره,Noun/Adjective/Misc,ش,8,1,2
شبه‌مذهبی,Noun/Adjective/Misc,ش,9,1,2
شبه‌نظامی,Noun/Adjective/Misc,ش,9,1,2
شبه‌هنر,Noun/Adjective/Misc,ش,7,1,2
شبه‌هنری,Noun/Adjective/Misc,ش,8,1,2
شبه‌ورزش,Noun/Adjective/Misc,ش,8,1,2
شبه‌ورزشی,Noun/Adjective/Misc,ش,9,1,2
شبه‌کلام,Noun/Adjective/Misc,ش,8,1,2
شبه‌کلامی,Noun/Adjective/Misc,ش,9,1,2
شبکه‌بندی,Noun/Adjective/Misc,ش,9,1,2
شبکه‌سازی,Noun/Adjective/Misc,ش,9,1,2
شبکه‌گذاری,Noun/Adjective/Misc,ش,10,1,2
شبیه‌خوان,Noun/Adjective/Misc,ش,9,1,2
شبیه‌خوانی,Noun/Adjective/Misc,ش,10,1,2
شبیه‌ساز,Noun/Adjective/Misc,ش,8,1,2
شبیه‌سازی,Noun/Adjective/Misc,ش,9,1,2
شبیه‌سازی‌شده,Noun/Adjective/Misc,ش,13,1,3
شب‌ادراری,Noun/Adjective/Misc,ش,9,1,2
شب‌بو,Noun/Adjective/Misc,ش,5,1,2
شب‌تاب,Noun/Adjective/Misc,ش,6,1,2
شب‌خیز,Noun/Adjective/Misc,ش,6,1,2
شب‌رو,Noun/Adjective/Misc,ش,5,1,2
شب‌زنده‌دار,Noun/Adjective/Misc,ش,11,1,3
شب‌زنده‌داری,Noun/Adjective/Misc,ش,12,1,3
شب‌شعر,Noun/Adjective/Misc,ش,6,1,2
شب‌نامه,Noun/Adjective/Misc,ش,7,1,2
شب‌نشین,Noun/Adjective/Misc,ش,7,1,2
شب‌نشینی,Noun/Adjective/Misc,ش,8,1,2
شب‌هنگام,Noun/Adjective/Misc,ش,8,1,2
شب‌پره,Noun/Adjective/Misc,ش,6,1,2
شب‌چره,Noun/Adjective/Misc,ش,6,1,2
شب‌کار,Noun/Adjective/Misc,ش,6,1,2
شب‌کاری,Noun/Adjective/Misc,ش,7,1,2
شب‌کور,Noun/Adjective/Misc,ش,6,1,2
شب‌کوری,Noun/Adjective/Misc,ش,7,1,2
شب‌گیر,Noun/Adjective/Misc,ش,6,1,2
شتاب‌دار,Noun/Adjective/Misc,ش,8,1,2
شتاب‌دهنده,Noun/Adjective/Misc,ش,10,1,2
شتاب‌زده,Noun/Adjective/Misc,ش,8,1,2
شتاب‌زدگی,Noun/Adjective/Misc,ش,9,1,2
شجاع‌الدین,Noun/Adjective/Misc,ش,10,1,2
شجره‌نامه,Noun/Adjective/Misc,ش,9,1,2
شخصیت‌سازی,Noun/Adjective/Misc,ش,10,1,2
شخصیت‌پرداز,Noun/Adjective/Misc,ش,11,1,2
شخصیت‌پردازی,Noun/Adjective/Misc,ش,12,1,2
شخم‌زنی,Noun/Adjective/Misc,ش,7,1,2
شرابی‌رنگ,Noun/Adjective/Misc,ش,9,1,2
شراب‌خوار,Noun/Adjective/Misc,ش,9,1,2
شراب‌خواره,Noun/Adjective/Misc,ش,10,1,2
شراب‌خوارگی,Noun/Adjective/Misc,ش,11,1,2
شراب‌فروش,Noun/Adjective/Misc,ش,9,1,2
شراب‌فروشی,Noun/Adjective/Misc,ش,10,1,2
شرارت‌بار,Noun/Adjective/Misc,ش,9,1,2
شراکت‌نامه,Noun/Adjective/Misc,ش,10,1,2
شربت‌خوری,Noun/Adjective/Misc,ش,9,1,2
شرح‌حال,Noun/Adjective/Misc,ش,7,1,2
شرح‌حال‌نویس,Noun/Adjective/Misc,ش,12,1,3
شرح‌حال‌نگار,Noun/Adjective/Misc,ش,12,1,3
شرطی‌سازی,Noun/Adjective/Misc,ش,9,1,2
شرط‌بندی,Noun/Adjective/Misc,ش,8,1,2
شرف‌آباد,Noun/Adjective/Misc,ش,8,1,2
شرف‌الدین,Noun/Adjective/Misc,ش,9,1,2
شرق‌شناس,Noun/Adjective/Misc,ش,8,1,2
شرق‌شناسی,Noun/Adjective/Misc,ش,9,1,2
شرم‌آور,Noun/Adjective/Misc,ش,7,1,2
شرم‌الشیخ,Noun/Adjective/Misc,ش,9,1,2
شرم‌زده,Noun/Adjective/Misc,ش,7,1,2
شروع‌شده,Noun/Adjective/Misc,ش,8,1,2
شروع‌کننده,Noun/Adjective/Misc,ش,10,1,2
شرکت‌پذیر,Noun/Adjective/Misc,ش,9,1,2
شرکت‌کننده,Noun/Adjective/Misc,ش,10,1,2
شرک‌آلود,Noun/Adjective/Misc,ش,8,1,2
شرک‌ورزی,Noun/Adjective/Misc,ش,8,1,2
شریفی‌نیا,Noun/Adjective/Misc,ش,9,1,2
شریف‌زاده,Noun/Adjective/Misc,ش,9,1,2
شست‌وشو,Noun/Adjective/Misc,ش,7,1,2
ششلول‌بند,Noun/Adjective/Misc,ش,9,1,2
شش‌انداز,Noun/Adjective/Misc,ش,8,1,2
شش‌اکتاوی,Noun/Adjective/Misc,ش,9,1,2
شش‌باره,Noun/Adjective/Misc,ش,7,1,2
شش‌بخشی,Noun/Adjective/Misc,ش,7,1,2
شش‌به‌شش,Noun/Adjective/Misc,ش,8,1,3
شش‌تا,Noun/Adjective/Misc,ش,5,1,2
شش‌تاشش‌تا,Noun/Adjective/Misc,ش,10,1,3
شش‌تایکی,Noun/Adjective/Misc,ش,8,1,2
شش‌تایی,Noun/Adjective/Misc,ش,7,1,2
شش‌ثانیه‌ای,Noun/Adjective/Misc,ش,11,1,3
شش‌جانبه,Noun/Adjective/Misc,ش,8,1,2
شش‌جلدی,Noun/Adjective/Misc,ش,7,1,2
شش‌جمله‌ای,Noun/Adjective/Misc,ش,10,1,3
شش‌حالته,Noun/Adjective/Misc,ش,8,1,2
شش‌حالتی,Noun/Adjective/Misc,ش,8,1,2
شش‌حرفی,Noun/Adjective/Misc,ش,7,1,2
شش‌دانه‌ای,Noun/Adjective/Misc,ش,10,1,3
شش‌دانگ,Noun/Adjective/Misc,ش,7,1,2
شش‌درجه‌ای,Noun/Adjective/Misc,ش,10,1,3
شش‌درصدی,Noun/Adjective/Misc,ش,8,1,2
شش‌دستگی,Noun/Adjective/Misc,ش,8,1,2
شش‌دقیقه‌ای,Noun/Adjective/Misc,ش,11,1,3
شش‌دهم,Noun/Adjective/Misc,ش,6,1,2
شش‌دوم,Noun/Adjective/Misc,ش,6,1,2
شش‌دوّم,Noun/Adjective/Misc,ش,7,1,2
شش‌رقمی,Noun/Adjective/Misc,ش,7,1,2
شش‌روزه,Noun/Adjective/Misc,ش,7,1,2
شش‌ساعته,Noun/Adjective/Misc,ش,8,1,2
شش‌ساعتی,Noun/Adjective/Misc,ش,8,1,2
شش‌ساله,Noun/Adjective/Misc,ش,7,1,2
شش‌سالگی,Noun/Adjective/Misc,ش,8,1,2
شش‌سوم,Noun/Adjective/Misc,ش,6,1,2
شش‌سوّم,Noun/Adjective/Misc,ش,7,1,2
شش‌ششم,Noun/Adjective/Misc,ش,6,1,2
شش‌صد,Noun/Adjective/Misc,ش,5,1,2
شش‌صدبخشی,Noun/Adjective/Misc,ش,9,1,2
شش‌صدتا,Noun/Adjective/Misc,ش,7,1,2
شش‌صدثانیه‌ای,Noun/Adjective/Misc,ش,13,1,3
شش‌صدجلدی,Noun/Adjective/Misc,ش,9,1,2
شش‌صدحالته,Noun/Adjective/Misc,ش,10,1,2
شش‌صدحالتی,Noun/Adjective/Misc,ش,10,1,2
شش‌صددانه‌ای,Noun/Adjective/Misc,ش,12,1,3
شش‌صددقیقه‌ای,Noun/Adjective/Misc,ش,13,1,3
شش‌صدرقمی,Noun/Adjective/Misc,ش,9,1,2
شش‌صدروزه,Noun/Adjective/Misc,ش,9,1,2
شش‌صدساعته,Noun/Adjective/Misc,ش,10,1,2
شش‌صدساعتی,Noun/Adjective/Misc,ش,10,1,2
شش‌صدساله,Noun/Adjective/Misc,ش,9,1,2
شش‌صدسالگی,Noun/Adjective/Misc,ش,10,1,2
شش‌صدصفحه‌ای,Noun/Adjective/Misc,ش,12,1,3
شش‌صدقسمته,Noun/Adjective/Misc,ش,10,1,2
شش‌صدقسمتی,Noun/Adjective/Misc,ش,10,1,2
شش‌صدم,Noun/Adjective/Misc,ش,6,1,2
شش‌صدماهه,Noun/Adjective/Misc,ش,9,1,2
شش‌صدماهگی,Noun/Adjective/Misc,ش,10,1,2
شش‌صدمیلیاردی,Noun/Adjective/Misc,ش,13,1,2
شش‌صدمیلیونی,Noun/Adjective/Misc,ش,12,1,2
شش‌صدمیلیون‌نفره,Noun/Adjective/Misc,ش,16,1,3
شش‌صدمیلیون‌نفری,Noun/Adjective/Misc,ش,16,1,3
شش‌صدمین,Noun/Adjective/Misc,ش,8,1,2
شش‌صدنفره,Noun/Adjective/Misc,ش,9,1,2
شش‌صدنفری,Noun/Adjective/Misc,ش,9,1,2
شش‌صدهزارساله,Noun/Adjective/Misc,ش,13,1,2
شش‌صدهزارسالگی,Noun/Adjective/Misc,ش,14,1,2
شش‌صدهزارنفره,Noun/Adjective/Misc,ش,13,1,2
شش‌صدهزارنفری,Noun/Adjective/Misc,ش,13,1,2
شش‌صدهفته‌ای,Noun/Adjective/Misc,ش,12,1,3
شش‌صدوچند,Noun/Adjective/Misc,ش,9,1,2
شش‌صدوچندساله,Noun/Adjective/Misc,ش,13,1,2
شش‌صدوچندسالگی,Noun/Adjective/Misc,ش,14,1,2
شش‌صدکلمه‌ای,Noun/Adjective/Misc,ش,12,1,3
شش‌صدگانه,Noun/Adjective/Misc,ش,9,1,2
شش‌صفحه‌ای,Noun/Adjective/Misc,ش,10,1,3
شش‌ضربی,Noun/Adjective/Misc,ش,7,1,2
شش‌قسمته,Noun/Adjective/Misc,ش,8,1,2
شش‌قسمتی,Noun/Adjective/Misc,ش,8,1,2
شش‌قلو,Noun/Adjective/Misc,ش,6,1,2
شش‌لو,Noun/Adjective/Misc,ش,5,1,2
شش‌ماهه,Noun/Adjective/Misc,ش,7,1,2
شش‌ماهگی,Noun/Adjective/Misc,ش,8,1,2
شش‌میلیاردنفره,Noun/Adjective/Misc,ش,14,1,2
شش‌میلیاردنفری,Noun/Adjective/Misc,ش,14,1,2
شش‌میلیاردی,Noun/Adjective/Misc,ش,11,1,2
شش‌میلیونی,Noun/Adjective/Misc,ش,10,1,2
شش‌میلیون‌نفره,Noun/Adjective/Misc,ش,14,1,3
شش‌میلیون‌نفری,Noun/Adjective/Misc,ش,14,1,3
شش‌نفره,Noun/Adjective/Misc,ش,7,1,2
شش‌نفری,Noun/Adjective/Misc,ش,7,1,2
شش‌نهم,Noun/Adjective/Misc,ش,6,1,2
شش‌هجایی,Noun/Adjective/Misc,ش,8,1,2
شش‌هزارساله,Noun/Adjective/Misc,ش,11,1,2
شش‌هزارسالگی,Noun/Adjective/Misc,ش,12,1,2
شش‌هزارصفحه‌ای,Noun/Adjective/Misc,ش,14,1,3
شش‌هزارم,Noun/Adjective/Misc,ش,8,1,2
شش‌هزارنفره,Noun/Adjective/Misc,ش,11,1,2
شش‌هزارنفری,Noun/Adjective/Misc,ش,11,1,2
شش‌هزاری,Noun/Adjective/Misc,ش,8,1,2
شش‌هشتم,Noun/Adjective/Misc,ش,7,1,2
شش‌هفتم,Noun/Adjective/Misc,ش,7,1,2
شش‌هفته‌ای,Noun/Adjective/Misc,ش,10,1,3
شش‌هفت‌روزه,Noun/Adjective/Misc,ش,11,1,3
شش‌هفت‌ساله,Noun/Adjective/Misc,ش,11,1,3
شش‌هفت‌ماهه,Noun/Adjective/Misc,ش,11,1,3
شش‌پرده‌ای,Noun/Adjective/Misc,ش,10,1,3
شش‌پنجم,Noun/Adjective/Misc,ش,7,1,2
شش‌چرخه,Noun/Adjective/Misc,ش,7,1,2
شش‌چهارم,Noun/Adjective/Misc,ش,8,1,2
شش‌کاره,Noun/Adjective/Misc,ش,7,1,2
شش‌کلمه‌ای,Noun/Adjective/Misc,ش,10,1,3
شش‌گانه,Noun/Adjective/Misc,ش,7,1,2
شصت‌بخشی,Noun/Adjective/Misc,ش,8,1,2
شصت‌تا,Noun/Adjective/Misc,ش,6,1,2
شصت‌تاشصت‌تا,Noun/Adjective/Misc,ش,12,1,3
شصت‌تایی,Noun/Adjective/Misc,ش,8,1,2
شصت‌ثانیه‌ای,Noun/Adjective/Misc,ش,12,1,3
شصت‌جلدی,Noun/Adjective/Misc,ش,8,1,2
شصت‌حالته,Noun/Adjective/Misc,ش,9,1,2
شصت‌حالتی,Noun/Adjective/Misc,ش,9,1,2
شصت‌حرفی,Noun/Adjective/Misc,ش,8,1,2
شصت‌دانه‌ای,Noun/Adjective/Misc,ش,11,1,3
شصت‌درصدی,Noun/Adjective/Misc,ش,9,1,2
شصت‌دقیقه‌ای,Noun/Adjective/Misc,ش,12,1,3
شصت‌رقمی,Noun/Adjective/Misc,ش,8,1,2
شصت‌روزه,Noun/Adjective/Misc,ش,8,1,2
شصت‌ساعته,Noun/Adjective/Misc,ش,9,1,2
شصت‌ساعتی,Noun/Adjective/Misc,ش,9,1,2
شصت‌ساله,Noun/Adjective/Misc,ش,8,1,2
شصت‌سالگی,Noun/Adjective/Misc,ش,9,1,2
شصت‌صفحه‌ای,Noun/Adjective/Misc,ش,11,1,3
شصت‌قسمته,Noun/Adjective/Misc,ش,9,1,2
شصت‌قسمتی,Noun/Adjective/Misc,ش,9,1,2
شصت‌ماهه,Noun/Adjective/Misc,ش,8,1,2
شصت‌ماهگی,Noun/Adjective/Misc,ش,9,1,2
شصت‌میلیاردی,Noun/Adjective/Misc,ش,12,1,2
شصت‌میلیونی,Noun/Adjective/Misc,ش,11,1,2
شصت‌میلیون‌نفره,Noun/Adjective/Misc,ش,15,1,3
شصت‌میلیون‌نفری,Noun/Adjective/Misc,ش,15,1,3
شصت‌نفره,Noun/Adjective/Misc,ش,8,1,2
شصت‌نفری,Noun/Adjective/Misc,ش,8,1,2
شصت‌هجایی,Noun/Adjective/Misc,ش,9,1,2
شصت‌هزارساله,Noun/Adjective/Misc,ش,12,1,2
شصت‌هزارسالگی,Noun/Adjective/Misc,ش,13,1,2
شصت‌هزارنفره,Noun/Adjective/Misc,ش,12,1,2
شصت‌هزارنفری,Noun/Adjective/Misc,ش,12,1,2
شصت‌هزاری,Noun/Adjective/Misc,ش,9,1,2
شصت‌هفته‌ای,Noun/Adjective/Misc,ش,11,1,3
شصت‌ودو,Noun/Adjective/Misc,ش,7,1,2
شصت‌ودوساله,Noun/Adjective/Misc,ش,11,1,2
شصت‌ودوسالگی,Noun/Adjective/Misc,ش,12,1,2
شصت‌وسه,Noun/Adjective/Misc,ش,7,1,2
شصت‌وسه‌ساله,Noun/Adjective/Misc,ش,12,1,3
شصت‌وسه‌سالگی,Noun/Adjective/Misc,ش,13,1,3
شصت‌وشش,Noun/Adjective/Misc,ش,7,1,2
شصت‌وشش‌ساله,Noun/Adjective/Misc,ش,12,1,3
شصت‌وشش‌سالگی,Noun/Adjective/Misc,ش,13,1,3
شصت‌ونه,Noun/Adjective/Misc,ش,7,1,2
شصت‌ونه‌ساله,Noun/Adjective/Misc,ش,12,1,3
شصت‌ونه‌سالگی,Noun/Adjective/Misc,ش,13,1,3
شصت‌وهشت,Noun/Adjective/Misc,ش,8,1,2
شصت‌وهشت‌ساله,Noun/Adjective/Misc,ش,13,1,3
شصت‌وهشت‌سالگی,Noun/Adjective/Misc,ش,14,1,3
شصت‌وهفت,Noun/Adjective/Misc,ش,8,1,2
شصت‌وهفت‌ساله,Noun/Adjective/Misc,ش,13,1,3
شصت‌وهفت‌سالگی,Noun/Adjective/Misc,ش,14,1,3
شصت‌وپنج,Noun/Adjective/Misc,ش,8,1,2
شصت‌وپنج‌ساله,Noun/Adjective/Misc,ش,13,1,3
شصت‌وپنج‌سالگی,Noun/Adjective/Misc,ش,14,1,3
شصت‌وچند,Noun/Adjective/Misc,ش,8,1,2
شصت‌وچندساله,Noun/Adjective/Misc,ش,12,1,2
شصت‌وچندسالگی,Noun/Adjective/Misc,ش,13,1,2
شصت‌وچهار,Noun/Adjective/Misc,ش,9,1,2
شصت‌وچهارساله,Noun/Adjective/Misc,ش,13,1,2
شصت‌وچهارسالگی,Noun/Adjective/Misc,ش,14,1,2
شصت‌ویک,Noun/Adjective/Misc,ش,7,1,2
شصت‌ویک‌ساله,Noun/Adjective/Misc,ش,12,1,3
شصت‌ویک‌سالگی,Noun/Adjective/Misc,ش,13,1,3
شصت‌کاره,Noun/Adjective/Misc,ش,8,1,2
شصت‌کلمه‌ای,Noun/Adjective/Misc,ش,11,1,3
شصت‌گانه,Noun/Adjective/Misc,ش,8,1,2
شطرنج‌باز,Noun/Adjective/Misc,ش,9,1,2
شطرنج‌بازی,Noun/Adjective/Misc,ش,10,1,2
شعاع‌السلطنه,Noun/Adjective/Misc,ش,12,1,2
شعبده‌باز,Noun/Adjective/Misc,ش,9,1,2
شعبده‌بازی,Noun/Adjective/Misc,ش,10,1,2
شعله‌ور,Noun/Adjective/Misc,ش,7,1,2
شفاف‌بینی,Noun/Adjective/Misc,ش,9,1,2
شفاف‌سازی,Noun/Adjective/Misc,ش,9,1,2
شفیع‌زاده,Noun/Adjective/Misc,ش,9,1,2
شقاوت‌آمیز,Noun/Adjective/Misc,ش,10,1,2
شقاوت‌بار,Noun/Adjective/Misc,ش,9,1,2
شقه‌شقه,Noun/Adjective/Misc,ش,7,1,2
شق‌القمر,Noun/Adjective/Misc,ش,8,1,2
شق‌ورق,Noun/Adjective/Misc,ش,6,1,2
شلاق‌خورده,Noun/Adjective/Misc,ش,10,1,2
شلاق‌زنی,Noun/Adjective/Misc,ش,8,1,2
شلم‌شوربا,Noun/Adjective/Misc,ش,9,1,2
شله‌زرد,Noun/Adjective/Misc,ش,7,1,2
شلوغ‌کاری,Noun/Adjective/Misc,ش,9,1,2
شلوغ‌کنان,Noun/Adjective/Misc,ش,9,1,2
شلپ‌شلپ‌کنان,Noun/Adjective/Misc,ش,12,1,3
شلیک‌شده,Noun/Adjective/Misc,ش,8,1,2
شلیک‌کننده,Noun/Adjective/Misc,ش,10,1,2
شمارش‌شده,Noun/Adjective/Misc,ش,9,1,2
شماره‌دار,Noun/Adjective/Misc,ش,9,1,2
شماره‌گذاری,Noun/Adjective/Misc,ش,11,1,2
شماره‌گیر,Noun/Adjective/Misc,ش,9,1,2
شماطه‌دار,Noun/Adjective/Misc,ش,9,1,2
شمرده‌شده,Noun/Adjective/Misc,ش,9,1,2
شمرده‌گو,Noun/Adjective/Misc,ش,8,1,2
شمسی‌پور,Noun/Adjective/Misc,ش,8,1,2
شمس‌آباد,Noun/Adjective/Misc,ش,8,1,2
شمس‌الدین,Noun/Adjective/Misc,ش,9,1,2
شمس‌العماره,Noun/Adjective/Misc,ش,11,1,2
شمس‌المعالی,Noun/Adjective/Misc,ش,11,1,2
شمس‌الواعظین,Noun/Adjective/Misc,ش,12,1,2
شمع‌سازی,Noun/Adjective/Misc,ش,8,1,2
شناخته‌شده,Noun/Adjective/Misc,ش,10,1,2
شناخته‌نشده,Noun/Adjective/Misc,ش,11,1,2
شناخت‌شناسانه,Noun/Adjective/Misc,ش,13,1,2
شناخت‌شناسی,Noun/Adjective/Misc,ش,11,1,2
شناسایی‌شده,Noun/Adjective/Misc,ش,11,1,2
شناسنامه‌دار,Noun/Adjective/Misc,ش,12,1,2
شنوایی‌شناسی,Noun/Adjective/Misc,ش,12,1,2
شنیده‌شده,Noun/Adjective/Misc,ش,9,1,2
شن‌بازی,Noun/Adjective/Misc,ش,7,1,2
شن‌برداری,Noun/Adjective/Misc,ش,9,1,2
شن‌ریزی,Noun/Adjective/Misc,ش,7,1,2
شن‌کش,Noun/Adjective/Misc,ش,5,1,2
شهاب‌الدین,Noun/Adjective/Misc,ش,10,1,2
شهاب‌سنگ,Noun/Adjective/Misc,ش,8,1,2
شهادت‌طلب,Noun/Adjective/Misc,ش,9,1,2
شهادت‌طلبانه,Noun/Adjective/Misc,ش,12,1,2
شهادت‌طلبی,Noun/Adjective/Misc,ش,10,1,2
شهادت‌نامه,Noun/Adjective/Misc,ش,10,1,2
شهرت‌طلب,Noun/Adjective/Misc,ش,8,1,2
شهرت‌طلبی,Noun/Adjective/Misc,ش,9,1,2
شهرک‌سازی,Noun/Adjective/Misc,ش,9,1,2
شهرک‌نشین,Noun/Adjective/Misc,ش,9,1,2
شهوت‌آلود,Noun/Adjective/Misc,ش,9,1,2
شهوت‌آلوده,Noun/Adjective/Misc,ش,10,1,2
شهوت‌انگیز,Noun/Adjective/Misc,ش,10,1,2
شهوت‌ران,Noun/Adjective/Misc,ش,8,1,2
شهوت‌رانی,Noun/Adjective/Misc,ش,9,1,2
شهوت‌پرست,Noun/Adjective/Misc,ش,9,1,2
شهوت‌پرستی,Noun/Adjective/Misc,ش,10,1,2
شوخ‌طبع,Noun/Adjective/Misc,ش,7,1,2
شوخ‌طبعی,Noun/Adjective/Misc,ش,8,1,2
شوخ‌وشنگ,Noun/Adjective/Misc,ش,8,1,2
شورش‌طلب,Noun/Adjective/Misc,ش,8,1,2
شورش‌طلبی,Noun/Adjective/Misc,ش,9,1,2
شورش‌گرایانه,Noun/Adjective/Misc,ش,12,1,2
شوره‌زار,Noun/Adjective/Misc,ش,8,1,2
شوریده‌حال,Noun/Adjective/Misc,ش,10,1,2
شوق‌آفرین,Noun/Adjective/Misc,ش,9,1,2
شوق‌انگیز,Noun/Adjective/Misc,ش,9,1,2
شوق‌زده,Noun/Adjective/Misc,ش,7,1,2
شوق‌ناک,Noun/Adjective/Misc,ش,7,1,2
شول‌آباد,Noun/Adjective/Misc,ش,8,1,2
شومینه‌دار,Noun/Adjective/Misc,ش,10,1,2
شوک‌آور,Noun/Adjective/Misc,ش,7,1,2
شکایت‌آمیز,Noun/Adjective/Misc,ش,10,1,2
شکایت‌نامه,Noun/Adjective/Misc,ش,10,1,2
شکایت‌کننده,Noun/Adjective/Misc,ش,11,1,2
شکسته‌بال,Noun/Adjective/Misc,ش,9,1,2
شکسته‌بالی,Noun/Adjective/Misc,ش,10,1,2
شکسته‌بند,Noun/Adjective/Misc,ش,9,1,2
شکسته‌بندی,Noun/Adjective/Misc,ش,10,1,2
شکسته‌دل,Noun/Adjective/Misc,ش,8,1,2
شکسته‌دلی,Noun/Adjective/Misc,ش,9,1,2
شکسته‌نفس,Noun/Adjective/Misc,ش,9,1,2
شکسته‌نفسی,Noun/Adjective/Misc,ش,10,1,2
شکست‌خورده,Noun/Adjective/Misc,ش,10,1,2
شکست‌ناپذیر,Noun/Adjective/Misc,ش,11,1,2
شکست‌پذیر,Noun/Adjective/Misc,ش,9,1,2
شکلاتی‌رنگ,Noun/Adjective/Misc,ش,10,1,2
شکلات‌سازی,Noun/Adjective/Misc,ش,10,1,2
شکل‌بندی,Noun/Adjective/Misc,ش,8,1,2
شکل‌دهنده,Noun/Adjective/Misc,ش,9,1,2
شکل‌دهی,Noun/Adjective/Misc,ش,7,1,2
شکل‌پذیر,Noun/Adjective/Misc,ش,8,1,2
شکل‌پذیری,Noun/Adjective/Misc,ش,9,1,2
شکل‌گرفته,Noun/Adjective/Misc,ش,9,1,2
شکل‌گیری,Noun/Adjective/Misc,ش,8,1,2
شکم‌باره,Noun/Adjective/Misc,ش,8,1,2
شکم‌بارگی,Noun/Adjective/Misc,ش,9,1,2
شکم‌بند,Noun/Adjective/Misc,ش,7,1,2
شکم‌سیرکن,Noun/Adjective/Misc,ش,9,1,2
شکم‌پرست,Noun/Adjective/Misc,ش,8,1,2
شکم‌پرستی,Noun/Adjective/Misc,ش,9,1,2
شکم‌پرور,Noun/Adjective/Misc,ش,8,1,2
شکم‌پروری,Noun/Adjective/Misc,ش,9,1,2
شکم‌پرکن,Noun/Adjective/Misc,ش,8,1,2
شکم‌چران,Noun/Adjective/Misc,ش,8,1,2
شکم‌گنده,Noun/Adjective/Misc,ش,8,1,2
شکنجه‌شده,Noun/Adjective/Misc,ش,9,1,2
شکنجه‌گاه,Noun/Adjective/Misc,ش,9,1,2
شکنجه‌گر,Noun/Adjective/Misc,ش,8,1,2
شک‌برانگیز,Noun/Adjective/Misc,ش,10,1,2
شگفتی‌آفرین,Noun/Adjective/Misc,ش,11,1,2
شگفتی‌آور,Noun/Adjective/Misc,ش,9,1,2
شگفتی‌برانگیز,Noun/Adjective/Misc,ش,13,1,2
شگفتی‌ساز,Noun/Adjective/Misc,ش,9,1,2
شگفت‌آور,Noun/Adjective/Misc,ش,8,1,2
شگفت‌انگیز,Noun/Adjective/Misc,ش,10,1,2
شگفت‌زده,Noun/Adjective/Misc,ش,8,1,2
شگفت‌زدگی,Noun/Adjective/Misc,ش,9,1,2
شیب‌دار,Noun/Adjective/Misc,ش,7,1,2
شیخ‌الاسلام,Noun/Adjective/Misc,ش,11,1,2
شیخ‌الرئیس,Noun/Adjective/Misc,ش,10,1,2
شیخ‌نشین,Noun/Adjective/Misc,ش,8,1,2
شیرخام‌خورده,Noun/Adjective/Misc,ش,12,1,2
شیره‌پز,Noun/Adjective/Misc,ش,7,1,2
شیره‌کش,Noun/Adjective/Misc,ش,7,1,2
شیره‌کشی,Noun/Adjective/Misc,ش,8,1,2
شیرپاک‌خورده,Noun/Adjective/Misc,ش,12,1,2
شیرینی‌جات,Noun/Adjective/Misc,ش,10,1,2
شیرینی‌خور,Noun/Adjective/Misc,ش,10,1,2
شیرینی‌پزی,Noun/Adjective/Misc,ش,10,1,2
شیرین‌بیان,Noun/Adjective/Misc,ش,10,1,2
شیرین‌عقل,Noun/Adjective/Misc,ش,9,1,2
شیرین‌پلو,Noun/Adjective/Misc,ش,9,1,2
شیرین‌کار,Noun/Adjective/Misc,ش,9,1,2
شیرین‌کاری,Noun/Adjective/Misc,ش,10,1,2
شیرین‌کام,Noun/Adjective/Misc,ش,9,1,2
شیرین‌کننده,Noun/Adjective/Misc,ش,11,1,2
شیری‌رنگ,Noun/Adjective/Misc,ش,8,1,2
شیشه‌آلات,Noun/Adjective/Misc,ش,9,1,2
شیشه‌بر,Noun/Adjective/Misc,ش,7,1,2
شیشه‌شو,Noun/Adjective/Misc,ش,7,1,2
شیشه‌شویی,Noun/Adjective/Misc,ش,9,1,2
شیشه‌پاک‌کن,Noun/Adjective/Misc,ش,11,1,3
شیشه‌گر,Noun/Adjective/Misc,ش,7,1,2
شیشه‌گری,Noun/Adjective/Misc,ش,8,1,2
شیطان‌صفت,Noun/Adjective/Misc,ش,9,1,2
شیطان‌پرست,Noun/Adjective/Misc,ش,10,1,2
شیطان‌گرایی,Noun/Adjective/Misc,ش,11,1,2
شیطنت‌آمیز,Noun/Adjective/Misc,ش,10,1,2
شیطنت‌بار,Noun/Adjective/Misc,ش,9,1,2
شیعه‌نشین,Noun/Adjective/Misc,ش,9,1,2
شیعه‌گری,Noun/Adjective/Misc,ش,8,1,2
شیفته‌وار,Noun/Adjective/Misc,ش,9,1,2
شیمی‌دان,Noun/Adjective/Misc,ش,8,1,2
شیمی‌درمانی,Noun/Adjective/Misc,ش,11,1,2
شیوه‌نامه,Noun/Adjective/Misc,ش,9,1,2
شیک‌وپیک,Noun/Adjective/Misc,ش,8,1,2
شیک‌پوش,Noun/Adjective/Misc,ش,7,1,2
شیک‌پوشی,Noun/Adjective/Misc,ش,8,1,2
شبهه‌افکنی,Noun/Adjective/Misc,ش,10,1,2
شبه‌روشنفکر,Noun/Adjective/Misc,ش,11,1,2
شبه‌منتقد,Noun/Adjective/Misc,ش,9,1,2
شب‌به‌خیر,Noun/Adjective/Misc,ش,9,1,3
شخصی‌سازی,Noun/Adjective/Misc,ش,9,1,2
شرارت‌پیشه,Noun/Adjective/Misc,ش,10,1,2
شرح‌ما‌اشکل,Noun/Adjective/Misc,ش,11,1,3
شرکت‌کنندگان,Noun/Adjective/Misc,ش,12,1,2
شق‌درد,Noun/Adjective/Misc,ش,6,1,2
شله‌قلمکار,Noun/Adjective/Misc,ش,10,1,2
شماته‌دار,Noun/Adjective/Misc,ش,9,1,2
شن‌زار,Noun/Adjective/Misc,ش,6,1,2
شهرداری‌چی,Noun/Adjective/Misc,ش,10,1,2
شوت‌زنی,Noun/Adjective/Misc,ش,7,1,2
شکل‌بخشی,Noun/Adjective/Misc,ش,8,1,2
شکم‌خواری,Noun/Adjective/Misc,ش,9,1,2
شیب‌سنج,Noun/Adjective/Misc,ش,7,1,2
شیرینی‌فروش,Noun/Adjective/Misc,ش,11,1,2
شیرین‌زبانی,Noun/Adjective/Misc,ش,11,1,2
شیطان‌پرستی,Noun/Adjective/Misc,ش,11,1,2
شیعه‌ستیزی,Noun/Adjective/Misc,ش,10,1,2
شین‌هوا,Noun/Adjective/Misc,ش,7,1,2
شادی‌افزا,Noun/Adjective/Misc,ش,9,1,2
شالوده‌گذاری,Noun/Adjective/Misc,ش,12,1,2
شانه‌بسر,Noun/Adjective/Misc,ش,8,1,2
شب‌بیداری,Noun/Adjective/Misc,ش,9,1,2
شب‌مانده,Noun/Adjective/Misc,ش,8,1,2
شب‌رنگ,Noun/Adjective/Misc,ش,6,1,2
شبکه‌دار,Noun/Adjective/Misc,ش,8,1,2
شبهه‌زا,Noun/Adjective/Misc,ش,7,1,2
شراب‌خواری,Noun/Adjective/Misc,ش,10,1,2
شرحه‌شرحه,Noun/Adjective/Misc,ش,9,1,2
شریف‌نسب,Noun/Adjective/Misc,ش,8,1,2
شریک‌المال,Noun/Adjective/Misc,ش,10,1,2
شعله‌وری,Noun/Adjective/Misc,ش,8,1,2
شکم‌بندگی,Noun/Adjective/Misc,ش,9,1,2
شکم‌بنده,Noun/Adjective/Misc,ش,8,1,2
شکم‌روش,Noun/Adjective/Misc,ش,7,1,2
شکن‌برشکن,Noun/Adjective/Misc,ش,9,1,2
شمرده‌شمرده,Noun/Adjective/Misc,ش,11,1,2
شوخ‌چشم,Noun/Adjective/Misc,ش,7,1,2
شوخ‌چشمی,Noun/Adjective/Misc,ش,8,1,2
شوخ‌دیده,Noun/Adjective/Misc,ش,8,1,2
شوریده‌وار,Noun/Adjective/Misc,ش,10,1,2
شوق‌آمیز,Noun/Adjective/Misc,ش,8,1,2
شیرازه‌بند,Noun/Adjective/Misc,ش,10,1,2
شیرین‌سخن,Noun/Adjective/Misc,ش,9,1,2
شیله‌پیله,Noun/Adjective/Misc,ش,9,1,2
شیوه‌گر,Noun/Adjective/Misc,ش,7,1,2
صابون‌سازی,Noun/Adjective/Misc,ص,10,1,2
صابون‌مانند,Noun/Adjective/Misc,ص,11,1,2
صاحب‌الامر,Noun/Adjective/Misc,ص,10,1,2
صاحب‌الزمان,Noun/Adjective/Misc,ص,11,1,2
صاحب‌خانه,Noun/Adjective/Misc,ص,9,1,2
صاحب‌مقامات,Noun/Adjective/Misc,ص,11,1,2
صاحب‌نام,Noun/Adjective/Misc,ص,8,1,2
صاحب‌نظر,Noun/Adjective/Misc,ص,8,1,2
صاحب‌نظران,Noun/Adjective/Misc,ص,10,1,2
صاف‌کرده,Noun/Adjective/Misc,ص,8,1,2
صالح‌آباد,Noun/Adjective/Misc,ص,9,1,2
صبح‌به‌خیر,Noun/Adjective/Misc,ص,10,1,3
صحبت‌کنان,Noun/Adjective/Misc,ص,9,1,2
صحت‌سنج,Noun/Adjective/Misc,ص,7,1,2
صحنه‌آرا,Noun/Adjective/Misc,ص,8,1,2
صحنه‌آرایی,Noun/Adjective/Misc,ص,10,1,2
صحنه‌ساز,Noun/Adjective/Misc,ص,8,1,2
صحنه‌سازی,Noun/Adjective/Misc,ص,9,1,2
صحنه‌پرداز,Noun/Adjective/Misc,ص,10,1,2
صحنه‌پردازی,Noun/Adjective/Misc,ص,11,1,2
صحه‌گذاری,Noun/Adjective/Misc,ص,9,1,2
صخره‌نورد,Noun/Adjective/Misc,ص,9,1,2
صدارت‌جو,Noun/Adjective/Misc,ص,8,1,2
صدثانیه‌ای,Noun/Adjective/Misc,ص,10,1,2
صددانه‌ای,Noun/Adjective/Misc,ص,9,1,2
صددقیقه‌ای,Noun/Adjective/Misc,ص,10,1,2
صدصفحه‌ای,Noun/Adjective/Misc,ص,9,1,2
صدفی‌رنگ,Noun/Adjective/Misc,ص,8,1,2
صدمه‌دیده,Noun/Adjective/Misc,ص,9,1,2
صدمه‌دیدگی,Noun/Adjective/Misc,ص,10,1,2
صدمیلیون‌نفره,Noun/Adjective/Misc,ص,13,1,2
صدمیلیون‌نفری,Noun/Adjective/Misc,ص,13,1,2
صدهفته‌ای,Noun/Adjective/Misc,ص,9,1,2
صدکلمه‌ای,Noun/Adjective/Misc,ص,9,1,2
صراف‌خانه,Noun/Adjective/Misc,ص,9,1,2
صرفه‌جو,Noun/Adjective/Misc,ص,7,1,2
صرفه‌جویی,Noun/Adjective/Misc,ص,9,1,2
صرف‌نظر,Noun/Adjective/Misc,ص,7,1,2
صعب‌العبور,Noun/Adjective/Misc,ص,10,1,2
صعب‌العلاج,Noun/Adjective/Misc,ص,10,1,2
صفت‌ساز,Noun/Adjective/Misc,ص,7,1,2
صفحه‌آرایی,Noun/Adjective/Misc,ص,10,1,2
صفحه‌بندی,Noun/Adjective/Misc,ص,9,1,2
صفحه‌کلید,Noun/Adjective/Misc,ص,9,1,2
صفی‌آباد,Noun/Adjective/Misc,ص,8,1,2
صفی‌الدین,Noun/Adjective/Misc,ص,9,1,2
صف‌آرا,Noun/Adjective/Misc,ص,6,1,2
صف‌آرایی,Noun/Adjective/Misc,ص,8,1,2
صف‌بندی,Noun/Adjective/Misc,ص,7,1,2
صف‌شکن,Noun/Adjective/Misc,ص,6,1,2
صف‌کشیده,Noun/Adjective/Misc,ص,8,1,2
صلاحیت‌دار,Noun/Adjective/Misc,ص,10,1,2
صلاح‌الدین,Noun/Adjective/Misc,ص,10,1,2
صلاح‌دید,Noun/Adjective/Misc,ص,8,1,2
صلح‌آمیز,Noun/Adjective/Misc,ص,8,1,2
صلح‌جو,Noun/Adjective/Misc,ص,6,1,2
صلح‌جویانه,Noun/Adjective/Misc,ص,10,1,2
صلح‌جویی,Noun/Adjective/Misc,ص,8,1,2
صلح‌طلب,Noun/Adjective/Misc,ص,7,1,2
صلح‌نامه,Noun/Adjective/Misc,ص,8,1,2
صله‌رحم,Noun/Adjective/Misc,ص,7,1,2
صلی‌الله,Noun/Adjective/Misc,ص,8,1,2
صنایع‌دستی,Noun/Adjective/Misc,ص,10,1,2
صندلی‌سازی,Noun/Adjective/Misc,ص,10,1,2
صندوق‌خانه,Noun/Adjective/Misc,ص,10,1,2
صندوق‌دار,Noun/Adjective/Misc,ص,9,1,2
صنعت‌پرداز,Noun/Adjective/Misc,ص,10,1,2
صنعت‌کار,Noun/Adjective/Misc,ص,8,1,2
صنعت‌گر,Noun/Adjective/Misc,ص,7,1,2
صنعت‌گرایی,Noun/Adjective/Misc,ص,10,1,2
صنیع‌الدوله,Noun/Adjective/Misc,ص,11,1,2
صهیونیسم‌ستیزی,Noun/Adjective/Misc,ص,14,1,2
صورتی‌رنگ,Noun/Adjective/Misc,ص,9,1,2
صورت‌بندی,Noun/Adjective/Misc,ص,9,1,2
صورت‌جلسات,Noun/Adjective/Misc,ص,10,1,2
صورت‌جلسه,Noun/Adjective/Misc,ص,9,1,2
صورت‌غذا,Noun/Adjective/Misc,ص,8,1,2
صورت‌پذیر,Noun/Adjective/Misc,ص,9,1,2
صورت‌پذیری,Noun/Adjective/Misc,ص,10,1,2
صومعه‌سرا,Noun/Adjective/Misc,ص,9,1,2
صومعه‌نشین,Noun/Adjective/Misc,ص,10,1,2
صیفی‌جات,Noun/Adjective/Misc,ص,8,1,2
صیفی‌کار,Noun/Adjective/Misc,ص,8,1,2
صیفی‌کاری,Noun/Adjective/Misc,ص,9,1,2
صیقل‌خورده,Noun/Adjective/Misc,ص,10,1,2
صاحب‌مرده,Noun/Adjective/Misc,ص,9,1,2
صفحه‌ای,Noun/Adjective/Misc,ص,7,1,2
صفحه‌برش,Noun/Adjective/Misc,ص,8,1,2
صفحه‌نمایش,Noun/Adjective/Misc,ص,10,1,2
صلح‌طلبی,Noun/Adjective/Misc,ص,8,1,2
صلی‌الله‌علیه‌وآله,Noun/Adjective/Misc,ص,18,1,4
صنعت‌نفت,Noun/Adjective/Misc,ص,8,1,2
صوفی‌گری,Noun/Adjective/Misc,ص,8,1,2
صائب‌نظر,Noun/Adjective/Misc,ص,8,1,2
صاحب‌اختیار,Noun/Adjective/Misc,ص,11,1,2
صاحب‌اعتبار,Noun/Adjective/Misc,ص,11,1,2
صاحب‌حق,Noun/Adjective/Misc,ص,7,1,2
صاحب‌خبر,Noun/Adjective/Misc,ص,8,1,2
صاحب‌کار,Noun/Adjective/Misc,ص,8,1,2
صاحب‌منصب,Noun/Adjective/Misc,ص,9,1,2
صاحب‌درد,Noun/Adjective/Misc,ص,8,1,2
صاحب‌سخن,Noun/Adjective/Misc,ص,8,1,2
صاف‌وصادق,Noun/Adjective/Misc,ص,9,1,2
صبح‌خیز,Noun/Adjective/Misc,ص,7,1,2
صحت‌عمل,Noun/Adjective/Misc,ص,7,1,2
صحیح‌العمل,Noun/Adjective/Misc,ص,10,1,2
صحیح‌المزاج,Noun/Adjective/Misc,ص,11,1,2
صداقت‌آمیز,Noun/Adjective/Misc,ص,10,1,2
صریح‌اللهجه,Noun/Adjective/Misc,ص,11,1,2
صعب‌الحصول,Noun/Adjective/Misc,ص,10,1,2
صعب‌الوصول,Noun/Adjective/Misc,ص,10,1,2
صلاح‌اندیش,Noun/Adjective/Misc,ص,10,1,2
صلاح‌اندیشی,Noun/Adjective/Misc,ص,11,1,2
صورت‌ساز,Noun/Adjective/Misc,ص,8,1,2
صورت‌مجلس,Noun/Adjective/Misc,ص,9,1,2
صورت‌نگار,Noun/Adjective/Misc,ص,9,1,2
ضابطه‌بندی,Noun/Adjective/Misc,ض,10,1,2
ضابطه‌مند,Noun/Adjective/Misc,ض,9,1,2
ضامن‌دار,Noun/Adjective/Misc,ض,8,1,2
ضایع‌شده,Noun/Adjective/Misc,ض,8,1,2
ضبط‌شده,Noun/Adjective/Misc,ض,7,1,2
ضبط‌صوت,Noun/Adjective/Misc,ض,7,1,2
ضخیم‌دوزی,Noun/Adjective/Misc,ض,9,1,2
ضدعفونی‌کننده,Noun/Adjective/Misc,ض,13,1,2
ضراب‌خانه,Noun/Adjective/Misc,ض,9,1,2
ضربت‌خورده,Noun/Adjective/Misc,ض,10,1,2
ضربه‌پذیر,Noun/Adjective/Misc,ض,9,1,2
ضربه‌گیر,Noun/Adjective/Misc,ض,8,1,2
ضرب‌الاجل,Noun/Adjective/Misc,ض,9,1,2
ضرب‌المثل,Noun/Adjective/Misc,ض,9,1,2
ضرب‌دیده,Noun/Adjective/Misc,ض,8,1,2
ضرب‌دیدگی,Noun/Adjective/Misc,ض,9,1,2
ضرب‌وجرح,Noun/Adjective/Misc,ض,8,1,2
ضرب‌وزور,Noun/Adjective/Misc,ض,8,1,2
ضرب‌گیر,Noun/Adjective/Misc,ض,7,1,2
ضعیف‌الجثه,Noun/Adjective/Misc,ض,10,1,2
ضعیف‌النفس,Noun/Adjective/Misc,ض,10,1,2
ضعیف‌کش,Noun/Adjective/Misc,ض,7,1,2
ضمانت‌نامه,Noun/Adjective/Misc,ض,10,1,2
ضمیمه‌شده,Noun/Adjective/Misc,ض,9,1,2
ضدانقلابی‌گری,Noun/Adjective/Misc,ض,13,1,2
ضدتب‌خال,Noun/Adjective/Misc,ض,8,1,2
ضد‌انقلاب,Noun/Adjective/Misc,ض,9,1,2
ضرورت‌شناسی,Noun/Adjective/Misc,ض,11,1,2
ضایع‌سازی,Noun/Adjective/Misc,ض,9,1,2
ضعیف‌العقل,Noun/Adjective/Misc,ض,10,1,2
طاس‌کباب,Noun/Adjective/Misc,ط,8,1,2
طاقت‌فرسا,Noun/Adjective/Misc,ط,9,1,2
طاق‌باز,Noun/Adjective/Misc,ط,7,1,2
طاق‌بستان,Noun/Adjective/Misc,ط,9,1,2
طاق‌نما,Noun/Adjective/Misc,ط,7,1,2
طالب‌آباد,Noun/Adjective/Misc,ط,9,1,2
طالب‌زاده,Noun/Adjective/Misc,ط,9,1,2
طالع‌بین,Noun/Adjective/Misc,ط,8,1,2
طایفه‌گرایی,Noun/Adjective/Misc,ط,11,1,2
طبع‌آزمایی,Noun/Adjective/Misc,ط,10,1,2
طبقه‌بندی,Noun/Adjective/Misc,ط,9,1,2
طبقه‌سازی,Noun/Adjective/Misc,ط,9,1,2
طبل‌زن,Noun/Adjective/Misc,ط,6,1,2
طبیعت‌گرا,Noun/Adjective/Misc,ط,9,1,2
طبیعت‌گرایانه,Noun/Adjective/Misc,ط,13,1,2
طبیعت‌گرایی,Noun/Adjective/Misc,ط,11,1,2
طراحی‌شده,Noun/Adjective/Misc,ط,9,1,2
طراوت‌بخش,Noun/Adjective/Misc,ط,9,1,2
طرب‌انگیز,Noun/Adjective/Misc,ط,9,1,2
طرح‌افکنی,Noun/Adjective/Misc,ط,9,1,2
طرح‌بندی,Noun/Adjective/Misc,ط,8,1,2
طرح‌ریزی,Noun/Adjective/Misc,ط,8,1,2
طرح‌شده,Noun/Adjective/Misc,ط,7,1,2
طرح‌واره,Noun/Adjective/Misc,ط,8,1,2
طرفه‌العین,Noun/Adjective/Misc,ط,10,1,2
طریق‌التحقیق,Noun/Adjective/Misc,ط,12,1,2
طریق‌القدس,Noun/Adjective/Misc,ط,10,1,2
طعمه‌گذاری,Noun/Adjective/Misc,ط,10,1,2
طعم‌دهنده,Noun/Adjective/Misc,ط,9,1,2
طعنه‌آموز,Noun/Adjective/Misc,ط,9,1,2
طعنه‌آمیز,Noun/Adjective/Misc,ط,9,1,2
طعنه‌دار,Noun/Adjective/Misc,ط,8,1,2
طعنه‌زنی,Noun/Adjective/Misc,ط,8,1,2
طلاق‌نامه,Noun/Adjective/Misc,ط,9,1,2
طلایه‌دار,Noun/Adjective/Misc,ط,9,1,2
طلایی‌رنگ,Noun/Adjective/Misc,ط,9,1,2
طلیعه‌دار,Noun/Adjective/Misc,ط,9,1,2
طمع‌کار,Noun/Adjective/Misc,ط,7,1,2
طمع‌کاری,Noun/Adjective/Misc,ط,8,1,2
طناب‌بازی,Noun/Adjective/Misc,ط,9,1,2
طناب‌بافی,Noun/Adjective/Misc,ط,9,1,2
طناب‌پیچ,Noun/Adjective/Misc,ط,8,1,2
طناب‌کشی,Noun/Adjective/Misc,ط,8,1,2
طنین‌افکن,Noun/Adjective/Misc,ط,9,1,2
طنین‌انداز,Noun/Adjective/Misc,ط,10,1,2
طوسی‌رنگ,Noun/Adjective/Misc,ط,8,1,2
طوطی‌وار,Noun/Adjective/Misc,ط,8,1,2
طوفان‌زا,Noun/Adjective/Misc,ط,8,1,2
طوفان‌زده,Noun/Adjective/Misc,ط,9,1,2
طویل‌المدت,Noun/Adjective/Misc,ط,10,1,2
طیف‌بندی,Noun/Adjective/Misc,ط,8,1,2
طیف‌بین,Noun/Adjective/Misc,ط,7,1,2
طیف‌سنج,Noun/Adjective/Misc,ط,7,1,2
طیف‌سنجی,Noun/Adjective/Misc,ط,8,1,2
طائفی‌گری,Noun/Adjective/Misc,ط,9,1,2
طبیعت‌گردی,Noun/Adjective/Misc,ط,10,1,2
طوق‌بندان,Noun/Adjective/Misc,ط,9,1,2
طول‌موج,Noun/Adjective/Misc,ط,7,1,2
طاس‌بین,Noun/Adjective/Misc,ط,7,1,2
طاس‌گردان,Noun/Adjective/Misc,ط,9,1,2
طاعت‌پیشه,Noun/Adjective/Misc,ط,9,1,2
طاعت‌گزار,Noun/Adjective/Misc,ط,9,1,2
طاعون‌زده,Noun/Adjective/Misc,ط,9,1,2
طاق‌پوش,Noun/Adjective/Misc,ط,7,1,2
طاقت‌زدا,Noun/Adjective/Misc,ط,8,1,2
طاقت‌سوز,Noun/Adjective/Misc,ط,8,1,2
طاقت‌شکن,Noun/Adjective/Misc,ط,8,1,2
طاق‌وجفت,Noun/Adjective/Misc,ط,8,1,2
طاق‌وطرم,Noun/Adjective/Misc,ط,8,1,2
طالع‌بینی,Noun/Adjective/Misc,ط,9,1,2
طالع‌مند,Noun/Adjective/Misc,ط,8,1,2
طاووس‌وار,Noun/Adjective/Misc,ط,9,1,2
طایفه‌دار,Noun/Adjective/Misc,ط,9,1,2
طبعطبع‌پرست,Noun/Adjective/Misc,ط,11,1,2
طبع‌پرستی,Noun/Adjective/Misc,ط,9,1,2
طبع‌نواز,Noun/Adjective/Misc,ط,8,1,2
طبق‌بند,Noun/Adjective/Misc,ط,7,1,2
طبق‌زن,Noun/Adjective/Misc,ط,6,1,2
طبل‌خوار,Noun/Adjective/Misc,ط,8,1,2
طبیعتطبیعت‌گرا,Noun/Adjective/Misc,ط,14,1,2
طرب‌خانه,Noun/Adjective/Misc,ط,8,1,2
طرب‌سرا,Noun/Adjective/Misc,ط,7,1,2
طرح‌ریز,Noun/Adjective/Misc,ط,7,1,2
طریقت‌شناس,Noun/Adjective/Misc,ط,10,1,2
طعمه‌خوار,Noun/Adjective/Misc,ط,9,1,2
طعن‌آمیز,Noun/Adjective/Misc,ط,8,1,2
طعنه‌زنان,Noun/Adjective/Misc,ط,9,1,2
طعنه‌زن,Noun/Adjective/Misc,ط,7,1,2
طفره‌آمیز,Noun/Adjective/Misc,ط,9,1,2
طلسم‌گشا,Noun/Adjective/Misc,ط,8,1,2
طلسم‌گشایی,Noun/Adjective/Misc,ط,10,1,2
طلیعه‌گر,Noun/Adjective/Misc,ط,8,1,2
طمع‌خام,Noun/Adjective/Misc,ط,7,1,2
طناب‌خور,Noun/Adjective/Misc,ط,8,1,2
طنین‌دار,Noun/Adjective/Misc,ط,8,1,2
طوبی‌نشین,Noun/Adjective/Misc,ط,9,1,2
طوفان‌خیز,Noun/Adjective/Misc,ط,9,1,2
طوفان‌دیده,Noun/Adjective/Misc,ط,10,1,2
طول‌وتفصیل,Noun/Adjective/Misc,ط,10,1,2
طول‌وعرض,Noun/Adjective/Misc,ط,8,1,2
طیبت‌آمیز,Noun/Adjective/Misc,ط,9,1,2
طیف‌نما,Noun/Adjective/Misc,ط,7,1,2
ظرافت‌کاری,Noun/Adjective/Misc,ظ,10,1,2
ظرفیت‌سازی,Noun/Adjective/Misc,ظ,10,1,2
ظرفیت‌یابی,Noun/Adjective/Misc,ظ,10,1,2
ظرف‌شویی,Noun/Adjective/Misc,ظ,8,1,2
ظریف‌کاری,Noun/Adjective/Misc,ظ,9,1,2
ظلم‌ستیز,Noun/Adjective/Misc,ظ,8,1,2
ظلم‌پذیری,Noun/Adjective/Misc,ظ,9,1,2
ظهربه‌خیر,Noun/Adjective/Misc,ظ,9,1,2
ظلم‌ستیزی,Noun/Adjective/Misc,ظ,9,1,2
ظرف‌شور,Noun/Adjective/Misc,ظ,7,1,2
ظرف‌شوری,Noun/Adjective/Misc,ظ,8,1,2
ظرف‌شوی,Noun/Adjective/Misc,ظ,7,1,2
ظریف‌طبع,Noun/Adjective/Misc,ظ,8,1,2
عائله‌مند,Noun/Adjective/Misc,ع,9,1,2
عائله‌مندی,Noun/Adjective/Misc,ع,10,1,2
عادل‌آباد,Noun/Adjective/Misc,ع,9,1,2
عادی‌سازی,Noun/Adjective/Misc,ع,9,1,2
عارضه‌یابی,Noun/Adjective/Misc,ع,10,1,2
عاشق‌پیشه,Noun/Adjective/Misc,ع,9,1,2
عاشق‌پیشگی,Noun/Adjective/Misc,ع,10,1,2
عاطفه‌ورزی,Noun/Adjective/Misc,ع,10,1,2
عافیت‌جو,Noun/Adjective/Misc,ع,8,1,2
عافیت‌طلب,Noun/Adjective/Misc,ع,9,1,2
عاقبت‌اندیش,Noun/Adjective/Misc,ع,11,1,2
عاقبت‌به‌خیر,Noun/Adjective/Misc,ع,12,1,3
عاقله‌مرد,Noun/Adjective/Misc,ع,9,1,2
عالم‌تاب,Noun/Adjective/Misc,ع,8,1,2
عالم‌تاج,Noun/Adjective/Misc,ع,8,1,2
عالم‌گیر,Noun/Adjective/Misc,ع,8,1,2
عالی‌جناب,Noun/Adjective/Misc,ع,9,1,2
عالی‌رتبه,Noun/Adjective/Misc,ع,9,1,2
عالی‌قاپو,Noun/Adjective/Misc,ع,9,1,2
عالی‌قدر,Noun/Adjective/Misc,ع,8,1,2
عالی‌مقام,Noun/Adjective/Misc,ع,9,1,2
عامه‌پسند,Noun/Adjective/Misc,ع,9,1,2
عام‌الفیل,Noun/Adjective/Misc,ع,9,1,2
عام‌المنفعه,Noun/Adjective/Misc,ع,11,1,2
عام‌گرا,Noun/Adjective/Misc,ع,7,1,2
عایق‌بندی,Noun/Adjective/Misc,ع,9,1,2
عایق‌کاری,Noun/Adjective/Misc,ع,9,1,2
عایله‌مند,Noun/Adjective/Misc,ع,9,1,2
عبادت‌کننده,Noun/Adjective/Misc,ع,11,1,2
عباس‌آباد,Noun/Adjective/Misc,ع,9,1,2
عبدالعلی‌زاده,Noun/Adjective/Misc,ع,13,1,2
عبدل‌آباد,Noun/Adjective/Misc,ع,9,1,2
عبرت‌آموز,Noun/Adjective/Misc,ع,9,1,2
عبرت‌آموزی,Noun/Adjective/Misc,ع,10,1,2
عبرت‌انگیز,Noun/Adjective/Misc,ع,10,1,2
عتاب‌آلود,Noun/Adjective/Misc,ع,9,1,2
عتیقه‌جات,Noun/Adjective/Misc,ع,9,1,2
عتیقه‌فروش,Noun/Adjective/Misc,ع,10,1,2
عتیقه‌فروشی,Noun/Adjective/Misc,ع,11,1,2
عتیقه‌چی,Noun/Adjective/Misc,ع,8,1,2
عجب‌شیر,Noun/Adjective/Misc,ع,7,1,2
عجیب‌الخلقه,Noun/Adjective/Misc,ع,11,1,2
عجیب‌وغریب,Noun/Adjective/Misc,ع,10,1,2
عدالت‌جو,Noun/Adjective/Misc,ع,8,1,2
عدالت‌جویانه,Noun/Adjective/Misc,ع,12,1,2
عدالت‌خواه,Noun/Adjective/Misc,ع,10,1,2
عدالت‌خواهانه,Noun/Adjective/Misc,ع,13,1,2
عدالت‌خواهی,Noun/Adjective/Misc,ع,11,1,2
عدالت‌طلب,Noun/Adjective/Misc,ع,9,1,2
عدالت‌طلبانه,Noun/Adjective/Misc,ع,12,1,2
عدالت‌طلبی,Noun/Adjective/Misc,ع,10,1,2
عدالت‌پرور,Noun/Adjective/Misc,ع,10,1,2
عدالت‌پروری,Noun/Adjective/Misc,ع,11,1,2
عدالت‌پیشه,Noun/Adjective/Misc,ع,10,1,2
عدالت‌گستر,Noun/Adjective/Misc,ع,10,1,2
عدالت‌گستری,Noun/Adjective/Misc,ع,11,1,2
عدس‌پلو,Noun/Adjective/Misc,ع,7,1,2
عدل‌گستر,Noun/Adjective/Misc,ع,8,1,2
عدل‌گستری,Noun/Adjective/Misc,ع,9,1,2
عدم‌تأیید,Noun/Adjective/Misc,ع,9,1,2
عدم‌تخطی,Noun/Adjective/Misc,ع,8,1,2
عدم‌تساوی,Noun/Adjective/Misc,ع,9,1,2
عدم‌تناهی,Noun/Adjective/Misc,ع,9,1,2
عدم‌جامعیت,Noun/Adjective/Misc,ع,10,1,2
عدم‌حمایت,Noun/Adjective/Misc,ع,9,1,2
عدم‌مداخله,Noun/Adjective/Misc,ع,10,1,2
عدم‌پردازش,Noun/Adjective/Misc,ع,10,1,2
عدم‌کفایت,Noun/Adjective/Misc,ع,9,1,2
عذاب‌آور,Noun/Adjective/Misc,ع,8,1,2
عرابه‌چی,Noun/Adjective/Misc,ع,8,1,2
عربده‌جو,Noun/Adjective/Misc,ع,8,1,2
عربده‌جویی,Noun/Adjective/Misc,ع,10,1,2
عربده‌کشی,Noun/Adjective/Misc,ع,9,1,2
عرب‌آباد,Noun/Adjective/Misc,ع,8,1,2
عرب‌زبان,Noun/Adjective/Misc,ع,8,1,2
عرضه‌شده,Noun/Adjective/Misc,ع,8,1,2
عرضه‌کننده,Noun/Adjective/Misc,ع,10,1,2
عرض‌اندام,Noun/Adjective/Misc,ع,9,1,2
عرق‌خور,Noun/Adjective/Misc,ع,7,1,2
عرق‌ریزان,Noun/Adjective/Misc,ع,9,1,2
عرق‌سوز,Noun/Adjective/Misc,ع,7,1,2
عرق‌گیر,Noun/Adjective/Misc,ع,7,1,2
عروسک‌سازی,Noun/Adjective/Misc,ع,10,1,2
عروسک‌گردان,Noun/Adjective/Misc,ع,11,1,2
عروه‌الوثقی,Noun/Adjective/Misc,ع,11,1,2
عریضه‌نویس,Noun/Adjective/Misc,ع,10,1,2
عریضه‌نویسی,Noun/Adjective/Misc,ع,11,1,2
عزت‌آفرین,Noun/Adjective/Misc,ع,9,1,2
عزت‌الله,Noun/Adjective/Misc,ع,8,1,2
عزت‌نفس,Noun/Adjective/Misc,ع,7,1,2
عزلت‌نشین,Noun/Adjective/Misc,ع,9,1,2
عزلت‌گزینی,Noun/Adjective/Misc,ع,10,1,2
عسلی‌رنگ,Noun/Adjective/Misc,ع,8,1,2
عشرت‌آباد,Noun/Adjective/Misc,ع,9,1,2
عشق‌آباد,Noun/Adjective/Misc,ع,8,1,2
عشق‌باز,Noun/Adjective/Misc,ع,7,1,2
عشق‌بازی,Noun/Adjective/Misc,ع,8,1,2
عشق‌وحال,Noun/Adjective/Misc,ع,8,1,2
عشق‌ورزی,Noun/Adjective/Misc,ع,8,1,2
عشوه‌گر,Noun/Adjective/Misc,ع,7,1,2
عشوه‌گری,Noun/Adjective/Misc,ع,8,1,2
عصابه‌دست,Noun/Adjective/Misc,ع,9,1,2
عصبی‌کننده,Noun/Adjective/Misc,ع,10,1,2
عصب‌شناس,Noun/Adjective/Misc,ع,8,1,2
عصب‌شناسی,Noun/Adjective/Misc,ع,9,1,2
عصب‌کشی,Noun/Adjective/Misc,ع,7,1,2
عصربه‌خیر,Noun/Adjective/Misc,ع,9,1,2
عطسه‌آور,Noun/Adjective/Misc,ع,8,1,2
عظیم‌آباد,Noun/Adjective/Misc,ع,9,1,2
عظیم‌الجثه,Noun/Adjective/Misc,ع,10,1,2
عظیم‌الشأن,Noun/Adjective/Misc,ع,10,1,2
عفونت‌زا,Noun/Adjective/Misc,ع,8,1,2
عفونت‌زدایی,Noun/Adjective/Misc,ع,11,1,2
عفیف‌آباد,Noun/Adjective/Misc,ع,9,1,2
عقب‌افتاده,Noun/Adjective/Misc,ع,10,1,2
عقب‌افتادگی,Noun/Adjective/Misc,ع,11,1,2
عقب‌مانده,Noun/Adjective/Misc,ع,9,1,2
عقب‌ماندگی,Noun/Adjective/Misc,ع,10,1,2
عقب‌نشینی,Noun/Adjective/Misc,ع,9,1,2
عقب‌گرد,Noun/Adjective/Misc,ع,7,1,2
عقده‌گشا,Noun/Adjective/Misc,ع,8,1,2
عقده‌گشایی,Noun/Adjective/Misc,ع,10,1,2
عقل‌گرا,Noun/Adjective/Misc,ع,7,1,2
عقل‌گرایانه,Noun/Adjective/Misc,ع,11,1,2
عقل‌گرایی,Noun/Adjective/Misc,ع,9,1,2
عقیده‌مند,Noun/Adjective/Misc,ع,9,1,2
عقیم‌سازی,Noun/Adjective/Misc,ع,9,1,2
علاج‌پذیر,Noun/Adjective/Misc,ع,9,1,2
علاقه‌مند,Noun/Adjective/Misc,ع,9,1,2
علاقه‌مندسازی,Noun/Adjective/Misc,ع,13,1,2
علامت‌خوان,Noun/Adjective/Misc,ع,10,1,2
علامت‌دار,Noun/Adjective/Misc,ع,9,1,2
علامت‌گذاری,Noun/Adjective/Misc,ع,11,1,2
علت‌العلل,Noun/Adjective/Misc,ع,9,1,2
علت‌یابی,Noun/Adjective/Misc,ع,8,1,2
علف‌زار,Noun/Adjective/Misc,ع,7,1,2
علف‌کش,Noun/Adjective/Misc,ع,6,1,2
علم‌آموزی,Noun/Adjective/Misc,ع,9,1,2
علم‌الاشیا,Noun/Adjective/Misc,ع,10,1,2
علم‌الیقین,Noun/Adjective/Misc,ع,10,1,2
علم‌اندوزی,Noun/Adjective/Misc,ع,10,1,2
علم‌دار,Noun/Adjective/Misc,ع,7,1,2
علم‌شنگه,Noun/Adjective/Misc,ع,8,1,2
علم‌کوه,Noun/Adjective/Misc,ع,7,1,2
علم‌گرا,Noun/Adjective/Misc,ع,7,1,2
علیه‌السلام,Noun/Adjective/Misc,ع,11,1,2
علی‌آباد,Noun/Adjective/Misc,ع,8,1,2
علی‌آبادی,Noun/Adjective/Misc,ع,9,1,2
علی‌اشرف,Noun/Adjective/Misc,ع,8,1,2
علی‌اصغر,Noun/Adjective/Misc,ع,8,1,2
علی‌اف,Noun/Adjective/Misc,ع,6,1,2
علی‌الاصول,Noun/Adjective/Misc,ع,10,1,2
علی‌البدل,Noun/Adjective/Misc,ع,9,1,2
علی‌الحساب,Noun/Adjective/Misc,ع,10,1,2
علی‌الخصوص,Noun/Adjective/Misc,ع,10,1,2
علی‌الظاهر,Noun/Adjective/Misc,ع,10,1,2
علی‌القاعده,Noun/Adjective/Misc,ع,11,1,2
علی‌اکبر,Noun/Adjective/Misc,ع,8,1,2
علی‌بابا,Noun/Adjective/Misc,ع,8,1,2
علی‌حده,Noun/Adjective/Misc,ع,7,1,2
علی‌خان,Noun/Adjective/Misc,ع,7,1,2
علی‌رضا,Noun/Adjective/Misc,ع,7,1,2
علی‌رغم,Noun/Adjective/Misc,ع,7,1,2
علی‌صدر,Noun/Adjective/Misc,ع,7,1,2
علی‌قلی,Noun/Adjective/Misc,ع,7,1,2
علی‌محمد,Noun/Adjective/Misc,ع,8,1,2
علی‌نقی,Noun/Adjective/Misc,ع,7,1,2
علی‌هذا,Noun/Adjective/Misc,ع,7,1,2
عمده‌فروش,Noun/Adjective/Misc,ع,9,1,2
عمده‌فروشی,Noun/Adjective/Misc,ع,10,1,2
عمره‌گزار,Noun/Adjective/Misc,ع,9,1,2
عمق‌بخشی,Noun/Adjective/Misc,ع,8,1,2
عمل‌آوری,Noun/Adjective/Misc,ع,8,1,2
عمل‌کننده,Noun/Adjective/Misc,ع,9,1,2
عمل‌گرا,Noun/Adjective/Misc,ع,7,1,2
عمل‌گرایانه,Noun/Adjective/Misc,ع,11,1,2
عمل‌گرایی,Noun/Adjective/Misc,ع,9,1,2
عمومیت‌یافته,Noun/Adjective/Misc,ع,12,1,2
عمومی‌سازی,Noun/Adjective/Misc,ع,10,1,2
عنابی‌رنگ,Noun/Adjective/Misc,ع,9,1,2
عنان‌گسسته,Noun/Adjective/Misc,ع,10,1,2
عنان‌گسیخته,Noun/Adjective/Misc,ع,11,1,2
عنان‌گسیختگی,Noun/Adjective/Misc,ع,12,1,2
عنایت‌الله,Noun/Adjective/Misc,ع,10,1,2
عنوان‌بندی,Noun/Adjective/Misc,ع,10,1,2
عنوان‌شده,Noun/Adjective/Misc,ع,9,1,2
عن‌قریب,Noun/Adjective/Misc,ع,7,1,2
عهده‌دار,Noun/Adjective/Misc,ع,8,1,2
عوام‌الناس,Noun/Adjective/Misc,ع,10,1,2
عوام‌زده,Noun/Adjective/Misc,ع,8,1,2
عوام‌زدگی,Noun/Adjective/Misc,ع,9,1,2
عوام‌فریب,Noun/Adjective/Misc,ع,9,1,2
عوام‌فریبانه,Noun/Adjective/Misc,ع,12,1,2
عوام‌فریبی,Noun/Adjective/Misc,ع,10,1,2
عوام‌پسند,Noun/Adjective/Misc,ع,9,1,2
عوام‌پسندانه,Noun/Adjective/Misc,ع,12,1,2
عوام‌گرا,Noun/Adjective/Misc,ع,8,1,2
عوام‌گرایی,Noun/Adjective/Misc,ع,10,1,2
عکاس‌باشی,Noun/Adjective/Misc,ع,9,1,2
عکاس‌خانه,Noun/Adjective/Misc,ع,9,1,2
عکس‌العمل,Noun/Adjective/Misc,ع,9,1,2
عکس‌بردار,Noun/Adjective/Misc,ع,9,1,2
عکس‌برداری,Noun/Adjective/Misc,ع,10,1,2
عکس‌برگردان,Noun/Adjective/Misc,ع,11,1,2
عکس‌دار,Noun/Adjective/Misc,ع,7,1,2
عیال‌وار,Noun/Adjective/Misc,ع,8,1,2
عیب‌جو,Noun/Adjective/Misc,ع,6,1,2
عیب‌جویی,Noun/Adjective/Misc,ع,8,1,2
عیب‌پوشی,Noun/Adjective/Misc,ع,8,1,2
عیب‌گو,Noun/Adjective/Misc,ع,6,1,2
عیب‌یاب,Noun/Adjective/Misc,ع,7,1,2
عینک‌ساز,Noun/Adjective/Misc,ع,8,1,2
عینک‌سازی,Noun/Adjective/Misc,ع,9,1,2
عینک‌فروش,Noun/Adjective/Misc,ع,9,1,2
عینک‌فروشی,Noun/Adjective/Misc,ع,10,1,2
عینیت‌گرایی,Noun/Adjective/Misc,ع,11,1,2
عین‌الیقین,Noun/Adjective/Misc,ع,10,1,2
عادت‌زدایی,Noun/Adjective/Misc,ع,10,1,2
عاریه‌دهنده,Noun/Adjective/Misc,ع,11,1,2
عبدالرحمن‌بن‌عثمان,Noun/Adjective/Misc,ع,18,1,3
عبدالله‌بن‌اُبی,Noun/Adjective/Misc,ع,15,1,3
عبدالله‌بن‌جعفر,Noun/Adjective/Misc,ع,15,1,3
عبدالله‌بن‌زبیر,Noun/Adjective/Misc,ع,15,1,3
عبدالله‌بن‌سلام,Noun/Adjective/Misc,ع,15,1,3
عبدالله‌بن‌عامر,Noun/Adjective/Misc,ع,15,1,3
عبدالله‌بن‌عباس,Noun/Adjective/Misc,ع,15,1,3
عبدالله‌بن‌عصام,Noun/Adjective/Misc,ع,15,1,3
عبدالله‌بن‌عمر,Noun/Adjective/Misc,ع,14,1,3
عبدالله‌بن‌مسعود,Noun/Adjective/Misc,ع,16,1,3
عثمانی‌ها,Noun/Adjective/Misc,ع,9,1,2
عدالت‌محوری,Noun/Adjective/Misc,ع,11,1,2
عرفات‌العاشقین,Noun/Adjective/Misc,ع,14,1,2
عرق‌فروش,Noun/Adjective/Misc,ع,8,1,2
عزت‌طلبی,Noun/Adjective/Misc,ع,8,1,2
عصاره‌گیری,Noun/Adjective/Misc,ع,10,1,2
عظیم‌آبادی,Noun/Adjective/Misc,ع,10,1,2
عفیف‌نمایی,Noun/Adjective/Misc,ع,10,1,2
علاقه‌مندی,Noun/Adjective/Misc,ع,10,1,2
علمی‌پژوهشی,Noun/Adjective/Misc,ع,11,1,2
علم‌پژوهان,Noun/Adjective/Misc,ع,10,1,2
علیهم‌السلام,Noun/Adjective/Misc,ع,12,1,2
عافیت‌خواه,Noun/Adjective/Misc,ع,10,1,2
عاقبت‌الامر,Noun/Adjective/Misc,ع,11,1,2
عاقبت‌اندیشی,Noun/Adjective/Misc,ع,12,1,2
عاقبت‌بخیر,Noun/Adjective/Misc,ع,10,1,2
عاقبت‌بخیری,Noun/Adjective/Misc,ع,11,1,2
عاقبت‌نگر,Noun/Adjective/Misc,ع,9,1,2
عالم‌افروز,Noun/Adjective/Misc,ع,10,1,2
عالم‌سوز,Noun/Adjective/Misc,ع,8,1,2
عالی‌نسب,Noun/Adjective/Misc,ع,8,1,2
عبرت‌آمیز,Noun/Adjective/Misc,ع,9,1,2
عداوت‌آمیز,Noun/Adjective/Misc,ع,10,1,2
عدل‌بندی,Noun/Adjective/Misc,ع,8,1,2
عدل‌پرور,Noun/Adjective/Misc,ع,8,1,2
عرق‌زا,Noun/Adjective/Misc,ع,6,1,2
عریضه‌نگار,Noun/Adjective/Misc,ع,10,1,2
عزلت‌طلب,Noun/Adjective/Misc,ع,8,1,2
عزلت‌گزین,Noun/Adjective/Misc,ع,9,1,2
عشرت‌طلب,Noun/Adjective/Misc,ع,8,1,2
عشرت‌طلبی,Noun/Adjective/Misc,ع,9,1,2
عشوه‌ساز,Noun/Adjective/Misc,ع,8,1,2
عشوه‌کار,Noun/Adjective/Misc,ع,8,1,2
عشوه‌کنان,Noun/Adjective/Misc,ع,9,1,2
عظیم‌الشان,Noun/Adjective/Misc,ع,10,1,2
عقل‌باختگی,Noun/Adjective/Misc,ع,10,1,2
علاج‌بخش,Noun/Adjective/Misc,ع,8,1,2
علاج‌ناپذیر,Noun/Adjective/Misc,ع,11,1,2
علاوه‌براین,Noun/Adjective/Misc,ع,11,1,2
علف‌چر,Noun/Adjective/Misc,ع,6,1,2
علی‌الاتصال,Noun/Adjective/Misc,ع,11,1,2
علی‌الدوام,Noun/Adjective/Misc,ع,10,1,2
عیب‌گیری,Noun/Adjective/Misc,ع,8,1,2
عیش‌ونوش,Noun/Adjective/Misc,ع,8,1,2
غارت‌زده,Noun/Adjective/Misc,غ,8,1,2
غارت‌زدگی,Noun/Adjective/Misc,غ,9,1,2
غارت‌شده,Noun/Adjective/Misc,غ,8,1,2
غارت‌کننده,Noun/Adjective/Misc,غ,10,1,2
غارت‌گر,Noun/Adjective/Misc,غ,7,1,2
غافل‌گیر,Noun/Adjective/Misc,غ,8,1,2
غافل‌گیری,Noun/Adjective/Misc,غ,9,1,2
غایت‌گرا,Noun/Adjective/Misc,غ,8,1,2
غربال‌گری,Noun/Adjective/Misc,غ,9,1,2
غربت‌زده,Noun/Adjective/Misc,غ,8,1,2
غربت‌زدگی,Noun/Adjective/Misc,غ,9,1,2
غرب‌زده,Noun/Adjective/Misc,غ,7,1,2
غرب‌زدگی,Noun/Adjective/Misc,غ,8,1,2
غرب‌شناسی,Noun/Adjective/Misc,غ,9,1,2
غرب‌گرا,Noun/Adjective/Misc,غ,7,1,2
غرب‌گرایی,Noun/Adjective/Misc,غ,9,1,2
غرش‌کنان,Noun/Adjective/Misc,غ,8,1,2
غرض‌ورز,Noun/Adjective/Misc,غ,7,1,2
غرض‌ورزی,Noun/Adjective/Misc,غ,8,1,2
غرق‌شده,Noun/Adjective/Misc,غ,7,1,2
غریب‌نواز,Noun/Adjective/Misc,غ,9,1,2
غریب‌نوازی,Noun/Adjective/Misc,غ,10,1,2
غزل‌خوان,Noun/Adjective/Misc,غ,8,1,2
غزل‌سرا,Noun/Adjective/Misc,غ,7,1,2
غزل‌سرایی,Noun/Adjective/Misc,غ,9,1,2
غسال‌خانه,Noun/Adjective/Misc,غ,9,1,2
غسل‌تعمید,Noun/Adjective/Misc,غ,9,1,2
غصه‌انگیز,Noun/Adjective/Misc,غ,9,1,2
غصه‌دار,Noun/Adjective/Misc,غ,7,1,2
غضب‌آلود,Noun/Adjective/Misc,غ,8,1,2
غفلت‌ورزی,Noun/Adjective/Misc,غ,9,1,2
غلام‌حسین,Noun/Adjective/Misc,غ,9,1,2
غلام‌رضا,Noun/Adjective/Misc,غ,8,1,2
غلط‌انداز,Noun/Adjective/Misc,غ,9,1,2
غلط‌گیر,Noun/Adjective/Misc,غ,7,1,2
غلط‌گیری,Noun/Adjective/Misc,غ,8,1,2
غلط‌یاب,Noun/Adjective/Misc,غ,7,1,2
غلظت‌یابی,Noun/Adjective/Misc,غ,9,1,2
غم‌افزا,Noun/Adjective/Misc,غ,7,1,2
غم‌انگیز,Noun/Adjective/Misc,غ,8,1,2
غم‌بار,Noun/Adjective/Misc,غ,6,1,2
غم‌خوار,Noun/Adjective/Misc,غ,7,1,2
غم‌دیده,Noun/Adjective/Misc,غ,7,1,2
غم‌زده,Noun/Adjective/Misc,غ,6,1,2
غم‌زدگی,Noun/Adjective/Misc,غ,7,1,2
غم‌نامه,Noun/Adjective/Misc,غ,7,1,2
غم‌گسار,Noun/Adjective/Misc,غ,7,1,2
غم‌گساری,Noun/Adjective/Misc,غ,8,1,2
غنی‌آباد,Noun/Adjective/Misc,غ,8,1,2
غنی‌سازی,Noun/Adjective/Misc,غ,8,1,2
غنی‌شده,Noun/Adjective/Misc,غ,7,1,2
غوطه‌ور,Noun/Adjective/Misc,غ,7,1,2
غول‌آسا,Noun/Adjective/Misc,غ,7,1,2
غول‌پیکر,Noun/Adjective/Misc,غ,8,1,2
غیاث‌الدین,Noun/Adjective/Misc,غ,10,1,2
غیب‌گو,Noun/Adjective/Misc,غ,6,1,2
غیرحرفه‌ای,Noun/Adjective/Misc,غ,10,1,2
غیرفارسی‌زبان,Noun/Adjective/Misc,غ,13,1,2
غیرواقع‌بینانه,Noun/Adjective/Misc,غ,14,1,2
غروب‌گاه,Noun/Adjective/Misc,غ,8,1,2
غریب‌گیر,Noun/Adjective/Misc,غ,8,1,2
غریزه‌محوری,Noun/Adjective/Misc,غ,11,1,2
غلام‌زاده,Noun/Adjective/Misc,غ,9,1,2
غلبه‌جویی,Noun/Adjective/Misc,غ,9,1,2
غیب‌گویی,Noun/Adjective/Misc,غ,8,1,2
غربال‌بند,Noun/Adjective/Misc,غ,9,1,2
غرض‌ران,Noun/Adjective/Misc,غ,7,1,2
غریب‌پرور,Noun/Adjective/Misc,غ,9,1,2
غزل‌پرداز,Noun/Adjective/Misc,غ,9,1,2
غزل‌پردازی,Noun/Adjective/Misc,غ,10,1,2
غش‌دار,Noun/Adjective/Misc,غ,6,1,2
غفلت‌زده,Noun/Adjective/Misc,غ,8,1,2
غلام‌باره,Noun/Adjective/Misc,غ,9,1,2
غلام‌باز,Noun/Adjective/Misc,غ,8,1,2
غم‌آور,Noun/Adjective/Misc,غ,6,1,2
غم‌فزا,Noun/Adjective/Misc,غ,6,1,2
غوره‌با,Noun/Adjective/Misc,غ,7,1,2
فاتحه‌خوانی,Noun/Adjective/Misc,ف,11,1,2
فاجعه‌آفرین,Noun/Adjective/Misc,ف,11,1,2
فاجعه‌آمیز,Noun/Adjective/Misc,ف,10,1,2
فاجعه‌بار,Noun/Adjective/Misc,ف,9,1,2
فاجعه‌زده,Noun/Adjective/Misc,ف,9,1,2
فاحشه‌خانه,Noun/Adjective/Misc,ف,10,1,2
فارسی‌زبان,Noun/Adjective/Misc,ف,10,1,2
فارسی‌ساز,Noun/Adjective/Misc,ف,9,1,2
فارسی‌نویس,Noun/Adjective/Misc,ف,10,1,2
فارسی‌گو,Noun/Adjective/Misc,ف,8,1,2
فارغ‌التحصیل,Noun/Adjective/Misc,ف,12,1,2
فاش‌سازی,Noun/Adjective/Misc,ف,8,1,2
فاصله‌دار,Noun/Adjective/Misc,ف,9,1,2
فاصله‌گذاری,Noun/Adjective/Misc,ف,11,1,2
فاصله‌گیری,Noun/Adjective/Misc,ف,10,1,2
فاصله‌یاب,Noun/Adjective/Misc,ف,9,1,2
فاضل‌آباد,Noun/Adjective/Misc,ف,9,1,2
فال‌بین,Noun/Adjective/Misc,ف,7,1,2
فال‌بینی,Noun/Adjective/Misc,ف,8,1,2
فال‌نامه,Noun/Adjective/Misc,ف,8,1,2
فال‌گوش,Noun/Adjective/Misc,ف,7,1,2
فال‌گیر,Noun/Adjective/Misc,ف,7,1,2
فال‌گیری,Noun/Adjective/Misc,ف,8,1,2
فانوس‌افروز,Noun/Adjective/Misc,ف,11,1,2
فتح‌آباد,Noun/Adjective/Misc,ف,8,1,2
فتح‌الله,Noun/Adjective/Misc,ف,8,1,2
فتح‌شده,Noun/Adjective/Misc,ف,7,1,2
فتح‌ناشدنی,Noun/Adjective/Misc,ف,10,1,2
فتح‌نامه,Noun/Adjective/Misc,ف,8,1,2
فتنه‌آفرین,Noun/Adjective/Misc,ف,10,1,2
فتنه‌انگیز,Noun/Adjective/Misc,ف,10,1,2
فتنه‌جو,Noun/Adjective/Misc,ف,7,1,2
فتنه‌گر,Noun/Adjective/Misc,ف,7,1,2
فتنه‌گری,Noun/Adjective/Misc,ف,8,1,2
فحش‌کاری,Noun/Adjective/Misc,ف,8,1,2
فراش‌باشی,Noun/Adjective/Misc,ف,9,1,2
فراموش‌شدن,Noun/Adjective/Misc,ف,10,1,2
فراموش‌شدنی,Noun/Adjective/Misc,ف,11,1,2
فراموش‌شده,Noun/Adjective/Misc,ف,10,1,2
فراموش‌نشدن,Noun/Adjective/Misc,ف,11,1,2
فراموش‌نشدنی,Noun/Adjective/Misc,ف,12,1,2
فراموش‌نکردنی,Noun/Adjective/Misc,ف,13,1,2
فراموش‌کار,Noun/Adjective/Misc,ف,10,1,2
فراموش‌کاری,Noun/Adjective/Misc,ف,11,1,2
فرانسوی‌زبان,Noun/Adjective/Misc,ف,12,1,2
فراهم‌سازی,Noun/Adjective/Misc,ف,10,1,2
فراهم‌شده,Noun/Adjective/Misc,ف,9,1,2
فراهم‌کننده,Noun/Adjective/Misc,ف,11,1,2
فرجام‌خواه,Noun/Adjective/Misc,ف,10,1,2
فرجام‌خواهی,Noun/Adjective/Misc,ف,11,1,2
فرج‌الله,Noun/Adjective/Misc,ف,8,1,2
فرح‌آباد,Noun/Adjective/Misc,ف,8,1,2
فرح‌انگیز,Noun/Adjective/Misc,ف,9,1,2
فرح‌بخش,Noun/Adjective/Misc,ف,7,1,2
فرح‌زاد,Noun/Adjective/Misc,ف,7,1,2
فرح‌ناز,Noun/Adjective/Misc,ف,7,1,2
فرخ‌زاد,Noun/Adjective/Misc,ف,7,1,2
فرستاده‌شده,Noun/Adjective/Misc,ف,11,1,2
فرسوده‌شدن,Noun/Adjective/Misc,ف,10,1,2
فرشته‌خو,Noun/Adjective/Misc,ف,8,1,2
فرشته‌خویی,Noun/Adjective/Misc,ف,10,1,2
فرش‌باف,Noun/Adjective/Misc,ف,7,1,2
فرش‌بافی,Noun/Adjective/Misc,ف,8,1,2
فرش‌فروش,Noun/Adjective/Misc,ف,8,1,2
فرش‌فروشی,Noun/Adjective/Misc,ف,9,1,2
فرصت‌آفرین,Noun/Adjective/Misc,ف,10,1,2
فرصت‌جو,Noun/Adjective/Misc,ف,7,1,2
فرصت‌طلب,Noun/Adjective/Misc,ف,8,1,2
فرصت‌طلبانه,Noun/Adjective/Misc,ف,11,1,2
فرصت‌طلبی,Noun/Adjective/Misc,ف,9,1,2
فرصت‌یابی,Noun/Adjective/Misc,ف,9,1,2
فرضیه‌سازی,Noun/Adjective/Misc,ف,10,1,2
فرقه‌گرا,Noun/Adjective/Misc,ف,8,1,2
فرقه‌گرایانه,Noun/Adjective/Misc,ف,12,1,2
فرق‌گذاری,Noun/Adjective/Misc,ف,9,1,2
فرمان‌بر,Noun/Adjective/Misc,ف,8,1,2
فرمان‌بردار,Noun/Adjective/Misc,ف,11,1,2
فرمان‌برداری,Noun/Adjective/Misc,ف,12,1,2
فرمول‌بندی,Noun/Adjective/Misc,ف,10,1,2
فرم‌بند,Noun/Adjective/Misc,ف,7,1,2
فرنی‌پز,Noun/Adjective/Misc,ف,7,1,2
فرنی‌پزی,Noun/Adjective/Misc,ف,8,1,2
فرهنگ‌ساز,Noun/Adjective/Misc,ف,9,1,2
فرهنگ‌سازی,Noun/Adjective/Misc,ف,10,1,2
فرهنگ‌سرا,Noun/Adjective/Misc,ف,9,1,2
فرهنگ‌نامه,Noun/Adjective/Misc,ف,10,1,2
فرهنگ‌نویس,Noun/Adjective/Misc,ف,10,1,2
فرهنگ‌نویسی,Noun/Adjective/Misc,ف,11,1,2
فرهنگ‌پرور,Noun/Adjective/Misc,ف,10,1,2
فروخته‌شده,Noun/Adjective/Misc,ف,10,1,2
فروردین‌ماه,Noun/Adjective/Misc,ف,11,1,2
فریب‌بازی,Noun/Adjective/Misc,ف,9,1,2
فریب‌خورده,Noun/Adjective/Misc,ف,10,1,2
فریب‌خوردگی,Noun/Adjective/Misc,ف,11,1,2
فریب‌دهنده,Noun/Adjective/Misc,ف,10,1,2
فریب‌کار,Noun/Adjective/Misc,ف,8,1,2
فریب‌کارانه,Noun/Adjective/Misc,ف,11,1,2
فریب‌کاری,Noun/Adjective/Misc,ف,9,1,2
فریدون‌شهر,Noun/Adjective/Misc,ف,10,1,2
فریدون‌کنار,Noun/Adjective/Misc,ف,11,1,2
فزونی‌خواه,Noun/Adjective/Misc,ف,10,1,2
فزون‌ازحد,Noun/Adjective/Misc,ف,9,1,2
فزون‌خواه,Noun/Adjective/Misc,ف,9,1,2
فزون‌خواهی,Noun/Adjective/Misc,ف,10,1,2
فزون‌طلبی,Noun/Adjective/Misc,ف,9,1,2
فسخ‌شده,Noun/Adjective/Misc,ف,7,1,2
فسیل‌شده,Noun/Adjective/Misc,ف,8,1,2
فشرده‌سازی,Noun/Adjective/Misc,ف,10,1,2
فشرده‌شده,Noun/Adjective/Misc,ف,9,1,2
فصل‌بندی,Noun/Adjective/Misc,ف,8,1,2
فصل‌نامه,Noun/Adjective/Misc,ف,8,1,2
فضاحت‌بار,Noun/Adjective/Misc,ف,9,1,2
فضل‌الله,Noun/Adjective/Misc,ف,8,1,2
فضیلت‌خواه,Noun/Adjective/Misc,ف,10,1,2
فعال‌سازی,Noun/Adjective/Misc,ف,9,1,2
فعال‌شده,Noun/Adjective/Misc,ف,8,1,2
فعال‌کننده,Noun/Adjective/Misc,ف,10,1,2
فعلیت‌بخش,Noun/Adjective/Misc,ف,9,1,2
فعلیت‌بخشی,Noun/Adjective/Misc,ف,10,1,2
فعل‌ساز,Noun/Adjective/Misc,ف,7,1,2
فعل‌وانفعال,Noun/Adjective/Misc,ف,11,1,2
فعل‌وانفعالات,Noun/Adjective/Misc,ف,13,1,2
فعل‌یار,Noun/Adjective/Misc,ف,7,1,2
فقیرانه‌پوش,Noun/Adjective/Misc,ف,11,1,2
فلاح‌پور,Noun/Adjective/Misc,ف,8,1,2
فلاش‌بک,Noun/Adjective/Misc,ف,7,1,2
فلاش‌تانک,Noun/Adjective/Misc,ف,9,1,2
فلاکت‌بار,Noun/Adjective/Misc,ف,9,1,2
فلاکت‌زده,Noun/Adjective/Misc,ف,9,1,2
فلج‌کننده,Noun/Adjective/Misc,ف,9,1,2
فلسفه‌آمیز,Noun/Adjective/Misc,ف,10,1,2
فلسفه‌بافی,Noun/Adjective/Misc,ف,10,1,2
فلسفه‌دوست,Noun/Adjective/Misc,ف,10,1,2
فلسفه‌پردازی,Noun/Adjective/Misc,ف,12,1,2
فلسفه‌گرا,Noun/Adjective/Misc,ف,9,1,2
فلوت‌زن,Noun/Adjective/Misc,ف,7,1,2
فلک‌البروج,Noun/Adjective/Misc,ف,10,1,2
فلک‌زده,Noun/Adjective/Misc,ف,7,1,2
فن‌آور,Noun/Adjective/Misc,ف,6,1,2
فن‌آوری,Noun/Adjective/Misc,ف,7,1,2
فن‌کوئل,Noun/Adjective/Misc,ف,7,1,2
فهرست‌نویس,Noun/Adjective/Misc,ف,10,1,2
فهرست‌نویسی,Noun/Adjective/Misc,ف,11,1,2
فهرست‌نگاری,Noun/Adjective/Misc,ف,11,1,2
فهرست‌وار,Noun/Adjective/Misc,ف,9,1,2
فهم‌پذیر,Noun/Adjective/Misc,ف,8,1,2
فوت‌شده,Noun/Adjective/Misc,ف,7,1,2
فوت‌وفن,Noun/Adjective/Misc,ف,7,1,2
فوق‌الذکر,Noun/Adjective/Misc,ف,9,1,2
فوق‌العاده,Noun/Adjective/Misc,ف,10,1,2
فوق‌برنامه,Noun/Adjective/Misc,ف,10,1,2
فوق‌دیپلم,Noun/Adjective/Misc,ف,9,1,2
فوق‌لیسانس,Noun/Adjective/Misc,ف,10,1,2
فولکس‌واگن,Noun/Adjective/Misc,ف,10,1,2
فکاهی‌نامه,Noun/Adjective/Misc,ف,10,1,2
فکاهی‌نویس,Noun/Adjective/Misc,ف,10,1,2
فیروزه‌ای‌رنگ,Noun/Adjective/Misc,ف,13,1,3
فیزیک‌دان,Noun/Adjective/Misc,ف,9,1,2
فیش‌برداری,Noun/Adjective/Misc,ف,10,1,2
فیصل‌آباد,Noun/Adjective/Misc,ف,9,1,2
فیض‌آباد,Noun/Adjective/Misc,ف,8,1,2
فیض‌الله,Noun/Adjective/Misc,ف,8,1,2
فیلم‌بردار,Noun/Adjective/Misc,ف,10,1,2
فیلم‌برداری,Noun/Adjective/Misc,ف,11,1,2
فیلم‌ساز,Noun/Adjective/Misc,ف,8,1,2
فیلم‌سازی,Noun/Adjective/Misc,ف,9,1,2
فیلم‌نامه,Noun/Adjective/Misc,ف,9,1,2
فیلم‌نامه‌نویس,Noun/Adjective/Misc,ف,14,1,3
فی‌الارض,Noun/Adjective/Misc,ف,8,1,2
فی‌البداهه,Noun/Adjective/Misc,ف,10,1,2
فی‌الجمله,Noun/Adjective/Misc,ف,9,1,2
فی‌الفور,Noun/Adjective/Misc,ف,8,1,2
فی‌المثل,Noun/Adjective/Misc,ف,8,1,2
فی‌المجلس,Noun/Adjective/Misc,ف,9,1,2
فی‌الواقع,Noun/Adjective/Misc,ف,9,1,2
فی‌مابین,Noun/Adjective/Misc,ف,8,1,2
فی‌نفسه,Noun/Adjective/Misc,ف,7,1,2
فاکس‌نیوز,Noun/Adjective/Misc,ف,9,1,2
فتنه‌افکنی,Noun/Adjective/Misc,ف,10,1,2
فتنه‌طلب,Noun/Adjective/Misc,ف,8,1,2
فرصت‌سوزی,Noun/Adjective/Misc,ف,9,1,2
فرقه‌گرایی,Noun/Adjective/Misc,ف,10,1,2
فرمان‌روایی,Noun/Adjective/Misc,ف,11,1,2
فرهنگ‌آفرینی,Noun/Adjective/Misc,ف,12,1,2
فرهنگ‌دوست,Noun/Adjective/Misc,ف,10,1,2
فرو‌پاشی,Noun/Adjective/Misc,ف,8,1,2
فصل‌الخطاب,Noun/Adjective/Misc,ف,10,1,2
فهرست‌برداری,Noun/Adjective/Misc,ف,12,1,2
فهرست‌بندی,Noun/Adjective/Misc,ف,10,1,2
فوق‌تخصص,Noun/Adjective/Misc,ف,8,1,2
فیلمنامه‌نویسی,Noun/Adjective/Misc,ف,14,1,2
فیلی‌پین,Noun/Adjective/Misc,ف,8,1,2
فیل‌ماهی,Noun/Adjective/Misc,ف,8,1,2
فی‌المعادلات,Noun/Adjective/Misc,ف,12,1,2
فارغ‌البال,Noun/Adjective/Misc,ف,10,1,2
فارغ‌بال,Noun/Adjective/Misc,ف,8,1,2
فال‌انداز,Noun/Adjective/Misc,ف,9,1,2
فال‌نیک,Noun/Adjective/Misc,ف,7,1,2
فتنه‌انگیزی,Noun/Adjective/Misc,ف,11,1,2
فتنه‌جویی,Noun/Adjective/Misc,ف,9,1,2
فرح‌افزا,Noun/Adjective/Misc,ف,8,1,2
فرضیه‌ساز,Noun/Adjective/Misc,ف,9,1,2
فرنگی‌ماب,Noun/Adjective/Misc,ف,9,1,2
فریب‌آمیز,Noun/Adjective/Misc,ف,9,1,2
فریب‌دادن,Noun/Adjective/Misc,ف,9,1,2
فسق‌وفجور,Noun/Adjective/Misc,ف,9,1,2
فلسفه‌دان,Noun/Adjective/Misc,ف,9,1,2
فوج‌فوج,Noun/Adjective/Misc,ف,7,1,2
فی‌البدیهه,Noun/Adjective/Misc,ف,10,1,2
فی‌الحال,Noun/Adjective/Misc,ف,8,1,2
فیض‌بخش,Noun/Adjective/Misc,ف,7,1,2
فیض‌بر,Noun/Adjective/Misc,ف,6,1,2
فیض‌رسان,Noun/Adjective/Misc,ف,8,1,2
قائم‌الزاویه,Noun/Adjective/Misc,ق,12,1,2
قائم‌به‌ذات,Noun/Adjective/Misc,ق,11,1,3
قائم‌شهر,Noun/Adjective/Misc,ق,8,1,2
قائم‌مقام,Noun/Adjective/Misc,ق,9,1,2
قابل‌آزمایش,Noun/Adjective/Misc,ق,11,1,2
قابل‌آموزش,Noun/Adjective/Misc,ق,10,1,2
قابل‌آمیزش,Noun/Adjective/Misc,ق,10,1,2
قابل‌ابتیاع,Noun/Adjective/Misc,ق,11,1,2
قابل‌ابطال,Noun/Adjective/Misc,ق,10,1,2
قابل‌اتکا,Noun/Adjective/Misc,ق,9,1,2
قابل‌اثبات,Noun/Adjective/Misc,ق,10,1,2
قابل‌اجابت,Noun/Adjective/Misc,ق,10,1,2
قابل‌اجتناب,Noun/Adjective/Misc,ق,11,1,2
قابل‌اجرا,Noun/Adjective/Misc,ق,9,1,2
قابل‌احتراز,Noun/Adjective/Misc,ق,11,1,2
قابل‌احتراق,Noun/Adjective/Misc,ق,11,1,2
قابل‌احترام,Noun/Adjective/Misc,ق,11,1,2
قابل‌احصا,Noun/Adjective/Misc,ق,9,1,2
قابل‌ادراک,Noun/Adjective/Misc,ق,10,1,2
قابل‌ارائه,Noun/Adjective/Misc,ق,10,1,2
قابل‌استتار,Noun/Adjective/Misc,ق,11,1,2
قابل‌استخراج,Noun/Adjective/Misc,ق,12,1,2
قابل‌استرداد,Noun/Adjective/Misc,ق,12,1,2
قابل‌استشمام,Noun/Adjective/Misc,ق,12,1,2
قابل‌استعلام,Noun/Adjective/Misc,ق,12,1,2
قابل‌استعمال,Noun/Adjective/Misc,ق,12,1,2
قابل‌استفاده,Noun/Adjective/Misc,ق,12,1,2
قابل‌استقرار,Noun/Adjective/Misc,ق,12,1,2
قابل‌استمرار,Noun/Adjective/Misc,ق,12,1,2
قابل‌اطاعت,Noun/Adjective/Misc,ق,10,1,2
قابل‌اطمینان,Noun/Adjective/Misc,ق,12,1,2
قابل‌اظهار,Noun/Adjective/Misc,ق,10,1,2
قابل‌اعتراض,Noun/Adjective/Misc,ق,11,1,2
قابل‌اعتماد,Noun/Adjective/Misc,ق,11,1,2
قابل‌اعتنا,Noun/Adjective/Misc,ق,10,1,2
قابل‌اعطا,Noun/Adjective/Misc,ق,9,1,2
قابل‌اعمال,Noun/Adjective/Misc,ق,10,1,2
قابل‌اغماض,Noun/Adjective/Misc,ق,10,1,2
قابل‌افتتاح,Noun/Adjective/Misc,ق,11,1,2
قابل‌افزایش,Noun/Adjective/Misc,ق,11,1,2
قابل‌امضا,Noun/Adjective/Misc,ق,9,1,2
قابل‌انتشار,Noun/Adjective/Misc,ق,11,1,2
قابل‌انتظار,Noun/Adjective/Misc,ق,11,1,2
قابل‌انتقال,Noun/Adjective/Misc,ق,11,1,2
قابل‌اندازه‌گیری,Noun/Adjective/Misc,ق,16,1,3
قابل‌انعطاف,Noun/Adjective/Misc,ق,11,1,2
قابل‌انفجار,Noun/Adjective/Misc,ق,11,1,2
قابل‌انهدام,Noun/Adjective/Misc,ق,11,1,2
قابل‌انکار,Noun/Adjective/Misc,ق,10,1,2
قابل‌انکشاف,Noun/Adjective/Misc,ق,11,1,2
قابل‌اهدا,Noun/Adjective/Misc,ق,9,1,2
قابل‌بازخواست,Noun/Adjective/Misc,ق,13,1,2
قابل‌بازسازی,Noun/Adjective/Misc,ق,12,1,2
قابل‌بازشناسی,Noun/Adjective/Misc,ق,13,1,2
قابل‌بازنگری,Noun/Adjective/Misc,ق,12,1,2
قابل‌بازگشایی,Noun/Adjective/Misc,ق,13,1,2
قابل‌باور,Noun/Adjective/Misc,ق,9,1,2
قابل‌بحث,Noun/Adjective/Misc,ق,8,1,2
قابل‌بخشش,Noun/Adjective/Misc,ق,9,1,2
قابل‌بررسی,Noun/Adjective/Misc,ق,10,1,2
قابل‌برنامه‌ریزی,Noun/Adjective/Misc,ق,16,1,3
قابل‌برگشت,Noun/Adjective/Misc,ق,10,1,2
قابل‌بهبود,Noun/Adjective/Misc,ق,10,1,2
قابل‌بوییدن,Noun/Adjective/Misc,ق,11,1,2
قابل‌بیان,Noun/Adjective/Misc,ق,9,1,2
قابل‌تأیید,Noun/Adjective/Misc,ق,10,1,2
قابل‌تبادل,Noun/Adjective/Misc,ق,10,1,2
قابل‌تبدیل,Noun/Adjective/Misc,ق,10,1,2
قابل‌تجدید,Noun/Adjective/Misc,ق,10,1,2
قابل‌تجزیه,Noun/Adjective/Misc,ق,10,1,2
قابل‌تجسس,Noun/Adjective/Misc,ق,9,1,2
قابل‌تجلیل,Noun/Adjective/Misc,ق,10,1,2
قابل‌تحریک,Noun/Adjective/Misc,ق,10,1,2
قابل‌تحسین,Noun/Adjective/Misc,ق,10,1,2
قابل‌تحلیل,Noun/Adjective/Misc,ق,10,1,2
قابل‌تحمل,Noun/Adjective/Misc,ق,9,1,2
قابل‌تحول,Noun/Adjective/Misc,ق,9,1,2
قابل‌تخریب,Noun/Adjective/Misc,ق,10,1,2
قابل‌تداوم,Noun/Adjective/Misc,ق,10,1,2
قابل‌ترحم,Noun/Adjective/Misc,ق,9,1,2
قابل‌تردید,Noun/Adjective/Misc,ق,10,1,2
قابل‌ترفیع,Noun/Adjective/Misc,ق,10,1,2
قابل‌ترکیب,Noun/Adjective/Misc,ق,10,1,2
قابل‌تسخیر,Noun/Adjective/Misc,ق,10,1,2
قابل‌تشخیص,Noun/Adjective/Misc,ق,10,1,2
قابل‌تصرف,Noun/Adjective/Misc,ق,9,1,2
قابل‌تصور,Noun/Adjective/Misc,ق,9,1,2
قابل‌تطهیر,Noun/Adjective/Misc,ق,10,1,2
قابل‌تطور,Noun/Adjective/Misc,ق,9,1,2
قابل‌تعبیر,Noun/Adjective/Misc,ق,10,1,2
قابل‌تعریف,Noun/Adjective/Misc,ق,10,1,2
قابل‌تعقیب,Noun/Adjective/Misc,ق,10,1,2
قابل‌تعلیم,Noun/Adjective/Misc,ق,10,1,2
قابل‌تعمیم,Noun/Adjective/Misc,ق,10,1,2
قابل‌تعیین,Noun/Adjective/Misc,ق,10,1,2
قابل‌تغییر,Noun/Adjective/Misc,ق,10,1,2
قابل‌تفتیش,Noun/Adjective/Misc,ق,10,1,2
قابل‌تفریق,Noun/Adjective/Misc,ق,10,1,2
قابل‌تفهیم,Noun/Adjective/Misc,ق,10,1,2
قابل‌تقدیر,Noun/Adjective/Misc,ق,10,1,2
قابل‌تقسیم,Noun/Adjective/Misc,ق,10,1,2
قابل‌تقلیل,Noun/Adjective/Misc,ق,10,1,2
قابل‌تلفیق,Noun/Adjective/Misc,ق,10,1,2
قابل‌تماشا,Noun/Adjective/Misc,ق,10,1,2
قابل‌تمایز,Noun/Adjective/Misc,ق,10,1,2
قابل‌تمسخر,Noun/Adjective/Misc,ق,10,1,2
قابل‌تمکین,Noun/Adjective/Misc,ق,10,1,2
قابل‌تمییز,Noun/Adjective/Misc,ق,10,1,2
قابل‌تنزل,Noun/Adjective/Misc,ق,9,1,2
قابل‌تنفس,Noun/Adjective/Misc,ق,9,1,2
قابل‌توافق,Noun/Adjective/Misc,ق,10,1,2
قابل‌توجه,Noun/Adjective/Misc,ق,9,1,2
قابل‌توقع,Noun/Adjective/Misc,ق,9,1,2
قابل‌تکذیب,Noun/Adjective/Misc,ق,10,1,2
قابل‌تکریم,Noun/Adjective/Misc,ق,10,1,2
قابل‌تکفیر,Noun/Adjective/Misc,ق,10,1,2
قابل‌تکمیل,Noun/Adjective/Misc,ق,10,1,2
قابل‌جابه‌جایی,Noun/Adjective/Misc,ق,14,1,3
قابل‌جایگزینی,Noun/Adjective/Misc,ق,13,1,2
قابل‌جذب,Noun/Adjective/Misc,ق,8,1,2
قابل‌جست‌وجو,Noun/Adjective/Misc,ق,12,1,3
قابل‌جمع,Noun/Adjective/Misc,ق,8,1,2
قابل‌حذف,Noun/Adjective/Misc,ق,8,1,2
قابل‌حفر,Noun/Adjective/Misc,ق,8,1,2
قابل‌حل,Noun/Adjective/Misc,ق,7,1,2
قابل‌حمل,Noun/Adjective/Misc,ق,8,1,2
قابل‌خرج,Noun/Adjective/Misc,ق,8,1,2
قابل‌خروج,Noun/Adjective/Misc,ق,9,1,2
قابل‌خواندن,Noun/Adjective/Misc,ق,11,1,2
قابل‌خوردن,Noun/Adjective/Misc,ق,10,1,2
قابل‌دخالت,Noun/Adjective/Misc,ق,10,1,2
قابل‌درمان,Noun/Adjective/Misc,ق,10,1,2
قابل‌درک,Noun/Adjective/Misc,ق,8,1,2
قابل‌دسترس,Noun/Adjective/Misc,ق,10,1,2
قابل‌دسترسی,Noun/Adjective/Misc,ق,11,1,2
قابل‌دوام,Noun/Adjective/Misc,ق,9,1,2
قابل‌دگرگونی,Noun/Adjective/Misc,ق,12,1,2
قابل‌دیدن,Noun/Adjective/Misc,ق,9,1,2
قابل‌ذکر,Noun/Adjective/Misc,ق,8,1,2
قابل‌رؤیت,Noun/Adjective/Misc,ق,9,1,2
قابل‌راه‌اندازی,Noun/Adjective/Misc,ق,15,1,3
قابل‌رخنه,Noun/Adjective/Misc,ق,9,1,2
قابل‌ردیابی,Noun/Adjective/Misc,ق,11,1,2
قابل‌رسیدگی,Noun/Adjective/Misc,ق,11,1,2
قابل‌رفتن,Noun/Adjective/Misc,ق,9,1,2
قابل‌رفت‌وآمد,Noun/Adjective/Misc,ق,13,1,3
قابل‌رفع,Noun/Adjective/Misc,ق,8,1,2
قابل‌رقابت,Noun/Adjective/Misc,ق,10,1,2
قابل‌ریشخند,Noun/Adjective/Misc,ق,11,1,2
قابل‌زدودن,Noun/Adjective/Misc,ق,10,1,2
قابل‌زوال,Noun/Adjective/Misc,ق,9,1,2
قابل‌ستایش,Noun/Adjective/Misc,ق,10,1,2
قابل‌سرایت,Noun/Adjective/Misc,ق,10,1,2
قابل‌سوددهی,Noun/Adjective/Misc,ق,11,1,2
قابل‌شرح,Noun/Adjective/Misc,ق,8,1,2
قابل‌شست‌وشو,Noun/Adjective/Misc,ق,12,1,3
قابل‌شماتت,Noun/Adjective/Misc,ق,10,1,2
قابل‌شمارش,Noun/Adjective/Misc,ق,10,1,2
قابل‌شناسایی,Noun/Adjective/Misc,ق,12,1,2
قابل‌شنیدن,Noun/Adjective/Misc,ق,10,1,2
قابل‌شک,Noun/Adjective/Misc,ق,7,1,2
قابل‌ضرب,Noun/Adjective/Misc,ق,8,1,2
قابل‌طبخ,Noun/Adjective/Misc,ق,8,1,2
قابل‌طبقه‌بندی,Noun/Adjective/Misc,ق,14,1,3
قابل‌ظن,Noun/Adjective/Misc,ق,7,1,2
قابل‌ظهور,Noun/Adjective/Misc,ق,9,1,2
قابل‌عبور,Noun/Adjective/Misc,ق,9,1,2
قابل‌عرض,Noun/Adjective/Misc,ق,8,1,2
قابل‌عرضه,Noun/Adjective/Misc,ق,9,1,2
قابل‌فروش,Noun/Adjective/Misc,ق,9,1,2
قابل‌فسخ,Noun/Adjective/Misc,ق,8,1,2
قابل‌فهم,Noun/Adjective/Misc,ق,8,1,2
قابل‌قبول,Noun/Adjective/Misc,ق,9,1,2
قابل‌لمس,Noun/Adjective/Misc,ق,8,1,2
قابل‌مؤاخذه,Noun/Adjective/Misc,ق,11,1,2
قابل‌مبادله,Noun/Adjective/Misc,ق,11,1,2
قابل‌مجادله,Noun/Adjective/Misc,ق,11,1,2
قابل‌محاسبه,Noun/Adjective/Misc,ق,11,1,2
قابل‌مذاکره,Noun/Adjective/Misc,ق,11,1,2
قابل‌مشاهده,Noun/Adjective/Misc,ق,11,1,2
قابل‌مصرف,Noun/Adjective/Misc,ق,9,1,2
قابل‌مطالعه,Noun/Adjective/Misc,ق,11,1,2
قابل‌معاوضه,Noun/Adjective/Misc,ق,11,1,2
قابل‌مقایسه,Noun/Adjective/Misc,ق,11,1,2
قابل‌ملاحظه,Noun/Adjective/Misc,ق,11,1,2
قابل‌ممانعت,Noun/Adjective/Misc,ق,11,1,2
قابل‌مهار,Noun/Adjective/Misc,ق,9,1,2
قابل‌نابودی,Noun/Adjective/Misc,ق,11,1,2
قابل‌نادیده‌گیری,Noun/Adjective/Misc,ق,16,1,3
قابل‌نصب,Noun/Adjective/Misc,ق,8,1,2
قابل‌نفوذ,Noun/Adjective/Misc,ق,9,1,2
قابل‌نقض,Noun/Adjective/Misc,ق,8,1,2
قابل‌نمایش,Noun/Adjective/Misc,ق,10,1,2
قابل‌نواختن,Noun/Adjective/Misc,ق,11,1,2
قابل‌نوازش,Noun/Adjective/Misc,ق,10,1,2
قابل‌نوسازی,Noun/Adjective/Misc,ق,11,1,2
قابل‌نوسان,Noun/Adjective/Misc,ق,10,1,2
قابل‌نوشتن,Noun/Adjective/Misc,ق,10,1,2
قابل‌نوشیدن,Noun/Adjective/Misc,ق,11,1,2
قابل‌نگارش,Noun/Adjective/Misc,ق,10,1,2
قابل‌هضم,Noun/Adjective/Misc,ق,8,1,2
قابل‌وارسی,Noun/Adjective/Misc,ق,10,1,2
قابل‌واژگونی,Noun/Adjective/Misc,ق,12,1,2
قابل‌واگذاری,Noun/Adjective/Misc,ق,12,1,2
قابل‌ویرایش,Noun/Adjective/Misc,ق,11,1,2
قابل‌پذیرش,Noun/Adjective/Misc,ق,10,1,2
قابل‌پردازش,Noun/Adjective/Misc,ق,11,1,2
قابل‌پرستش,Noun/Adjective/Misc,ق,10,1,2
قابل‌پیدایش,Noun/Adjective/Misc,ق,11,1,2
قابل‌پیشگیری,Noun/Adjective/Misc,ق,12,1,2
قابل‌پیگیری,Noun/Adjective/Misc,ق,11,1,2
قابل‌چانه‌زنی,Noun/Adjective/Misc,ق,13,1,3
قابل‌چاپ,Noun/Adjective/Misc,ق,8,1,2
قابل‌چشم‌پوشی,Noun/Adjective/Misc,ق,13,1,3
قابل‌کشف,Noun/Adjective/Misc,ق,8,1,2
قابل‌کنترل,Noun/Adjective/Misc,ق,10,1,2
قابل‌گذشت,Noun/Adjective/Misc,ق,9,1,2
قابل‌گسترش,Noun/Adjective/Misc,ق,10,1,2
قابل‌گسست,Noun/Adjective/Misc,ق,9,1,2
قابل‌گفتن,Noun/Adjective/Misc,ق,9,1,2
قابل‌گفت‌وگو,Noun/Adjective/Misc,ق,12,1,3
قابل‌گوش‌دادن,Noun/Adjective/Misc,ق,13,1,3
قابل‌یادآوری,Noun/Adjective/Misc,ق,12,1,2
قابل‌یقین,Noun/Adjective/Misc,ق,9,1,2
قابوس‌نامه,Noun/Adjective/Misc,ق,10,1,2
قاب‌بندی,Noun/Adjective/Misc,ق,8,1,2
قاب‌ساز,Noun/Adjective/Misc,ق,7,1,2
قاب‌سازی,Noun/Adjective/Misc,ق,8,1,2
قاره‌پیما,Noun/Adjective/Misc,ق,9,1,2
قاسم‌آباد,Noun/Adjective/Misc,ق,9,1,2
قاسم‌خانی,Noun/Adjective/Misc,ق,9,1,2
قاسم‌زاده,Noun/Adjective/Misc,ق,9,1,2
قاشق‌سازی,Noun/Adjective/Misc,ق,9,1,2
قاضی‌القضات,Noun/Adjective/Misc,ق,11,1,2
قاضی‌زاده,Noun/Adjective/Misc,ق,9,1,2
قاعده‌مند,Noun/Adjective/Misc,ق,9,1,2
قاعده‌پذیر,Noun/Adjective/Misc,ق,10,1,2
قافله‌سالار,Noun/Adjective/Misc,ق,11,1,2
قالب‌بند,Noun/Adjective/Misc,ق,8,1,2
قالب‌بندی,Noun/Adjective/Misc,ق,9,1,2
قالب‌زنی,Noun/Adjective/Misc,ق,8,1,2
قالب‌سازی,Noun/Adjective/Misc,ق,9,1,2
قالب‌گیری,Noun/Adjective/Misc,ق,9,1,2
قالی‌باف,Noun/Adjective/Misc,ق,8,1,2
قالی‌بافی,Noun/Adjective/Misc,ق,9,1,2
قالی‌شو,Noun/Adjective/Misc,ق,7,1,2
قالی‌شویی,Noun/Adjective/Misc,ق,9,1,2
قالی‌فروش,Noun/Adjective/Misc,ق,9,1,2
قانع‌کننده,Noun/Adjective/Misc,ق,10,1,2
قانون‌شناس,Noun/Adjective/Misc,ق,10,1,2
قانون‌شکن,Noun/Adjective/Misc,ق,9,1,2
قانون‌شکنی,Noun/Adjective/Misc,ق,10,1,2
قانون‌مدار,Noun/Adjective/Misc,ق,10,1,2
قانون‌مدارانه,Noun/Adjective/Misc,ق,13,1,2
قانون‌مند,Noun/Adjective/Misc,ق,9,1,2
قانون‌مندانه,Noun/Adjective/Misc,ق,12,1,2
قانون‌نویس,Noun/Adjective/Misc,ق,10,1,2
قانون‌گذار,Noun/Adjective/Misc,ق,10,1,2
قانون‌گذاری,Noun/Adjective/Misc,ق,11,1,2
قانون‌گرا,Noun/Adjective/Misc,ق,9,1,2
قانون‌گرایانه,Noun/Adjective/Misc,ق,13,1,2
قاه‌قاه,Noun/Adjective/Misc,ق,7,1,2
قایق‌ران,Noun/Adjective/Misc,ق,8,1,2
قایق‌رانی,Noun/Adjective/Misc,ق,9,1,2
قایق‌سازی,Noun/Adjective/Misc,ق,9,1,2
قایق‌سواری,Noun/Adjective/Misc,ق,10,1,2
قایم‌الزاویه,Noun/Adjective/Misc,ق,12,1,2
قبض‌کننده,Noun/Adjective/Misc,ق,9,1,2
قبله‌نما,Noun/Adjective/Misc,ق,8,1,2
قبله‌گاه,Noun/Adjective/Misc,ق,8,1,2
قبول‌شده,Noun/Adjective/Misc,ق,8,1,2
قتل‌عام,Noun/Adjective/Misc,ق,7,1,2
قحطی‌زده,Noun/Adjective/Misc,ق,8,1,2
قحطی‌زدگی,Noun/Adjective/Misc,ق,9,1,2
قحط‌الرجال,Noun/Adjective/Misc,ق,10,1,2
قحط‌سالی,Noun/Adjective/Misc,ق,8,1,2
قداره‌بند,Noun/Adjective/Misc,ق,9,1,2
قدرت‌جو,Noun/Adjective/Misc,ق,7,1,2
قدرت‌طلب,Noun/Adjective/Misc,ق,8,1,2
قدرت‌طلبانه,Noun/Adjective/Misc,ق,11,1,2
قدرت‌طلبی,Noun/Adjective/Misc,ق,9,1,2
قدرت‌مدار,Noun/Adjective/Misc,ق,9,1,2
قدرت‌مداران,Noun/Adjective/Misc,ق,11,1,2
قدرت‌نمایی,Noun/Adjective/Misc,ق,10,1,2
قدرت‌گرا,Noun/Adjective/Misc,ق,8,1,2
قدرت‌یابی,Noun/Adjective/Misc,ق,9,1,2
قدم‌زنان,Noun/Adjective/Misc,ق,8,1,2
قدیمی‌ساز,Noun/Adjective/Misc,ق,9,1,2
قدیم‌الایام,Noun/Adjective/Misc,ق,11,1,2
قرآن‌شناسی,Noun/Adjective/Misc,ق,10,1,2
قرآن‌پژوه,Noun/Adjective/Misc,ق,9,1,2
قرآن‌پژوهی,Noun/Adjective/Misc,ق,10,1,2
قرائت‌شده,Noun/Adjective/Misc,ق,9,1,2
قرتی‌گری,Noun/Adjective/Misc,ق,8,1,2
قرض‌الحسنه,Noun/Adjective/Misc,ق,10,1,2
قرض‌وقوله,Noun/Adjective/Misc,ق,9,1,2
قرعه‌کشی,Noun/Adjective/Misc,ق,8,1,2
قره‌آغاج,Noun/Adjective/Misc,ق,8,1,2
قره‌العین,Noun/Adjective/Misc,ق,9,1,2
قره‌باغ,Noun/Adjective/Misc,ق,7,1,2
قره‌بلاغ,Noun/Adjective/Misc,ق,8,1,2
قره‌تپه,Noun/Adjective/Misc,ق,7,1,2
قره‌سو,Noun/Adjective/Misc,ق,6,1,2
قره‌قروت,Noun/Adjective/Misc,ق,8,1,2
قره‌نی,Noun/Adjective/Misc,ق,6,1,2
قرون‌وسطایی,Noun/Adjective/Misc,ق,11,1,2
قریب‌الوقوع,Noun/Adjective/Misc,ق,11,1,2
قریب‌به‌یقین,Noun/Adjective/Misc,ق,12,1,3
قرینه‌سازی,Noun/Adjective/Misc,ق,10,1,2
قزل‌آباد,Noun/Adjective/Misc,ق,8,1,2
قزل‌آلا,Noun/Adjective/Misc,ق,7,1,2
قزل‌اوزن,Noun/Adjective/Misc,ق,8,1,2
قزل‌حصار,Noun/Adjective/Misc,ق,8,1,2
قزل‌قلعه,Noun/Adjective/Misc,ق,8,1,2
قسط‌بندی,Noun/Adjective/Misc,ق,8,1,2
قسمت‌بندی,Noun/Adjective/Misc,ق,9,1,2
قسم‌خورده,Noun/Adjective/Misc,ق,9,1,2
قسم‌نامه,Noun/Adjective/Misc,ق,8,1,2
قسی‌القلب,Noun/Adjective/Misc,ق,9,1,2
قشون‌کشی,Noun/Adjective/Misc,ق,8,1,2
قصاب‌باشی,Noun/Adjective/Misc,ق,9,1,2
قصص‌الانبیا,Noun/Adjective/Misc,ق,11,1,2
قصص‌الانبیاء,Noun/Adjective/Misc,ق,12,1,2
قصه‌خوانی,Noun/Adjective/Misc,ق,9,1,2
قصه‌نویس,Noun/Adjective/Misc,ق,8,1,2
قصه‌پرداز,Noun/Adjective/Misc,ق,9,1,2
قصه‌پردازی,Noun/Adjective/Misc,ق,10,1,2
قصه‌گو,Noun/Adjective/Misc,ق,6,1,2
قصه‌گویی,Noun/Adjective/Misc,ق,8,1,2
قصیده‌سرا,Noun/Adjective/Misc,ق,9,1,2
قصیده‌سرایی,Noun/Adjective/Misc,ق,11,1,2
قصیده‌گو,Noun/Adjective/Misc,ق,8,1,2
قطب‌الدین,Noun/Adjective/Misc,ق,9,1,2
قطب‌بندی,Noun/Adjective/Misc,ق,8,1,2
قطب‌زاده,Noun/Adjective/Misc,ق,8,1,2
قطب‌نما,Noun/Adjective/Misc,ق,7,1,2
قطره‌قطره,Noun/Adjective/Misc,ق,9,1,2
قطره‌چکان,Noun/Adjective/Misc,ق,9,1,2
قطعه‌بند,Noun/Adjective/Misc,ق,8,1,2
قطعه‌بندی,Noun/Adjective/Misc,ق,9,1,2
قطعه‌سازی,Noun/Adjective/Misc,ق,9,1,2
قطعه‌قطعه,Noun/Adjective/Misc,ق,9,1,2
قطع‌شده,Noun/Adjective/Misc,ق,7,1,2
قطع‌نامه,Noun/Adjective/Misc,ق,8,1,2
قفسه‌بندی,Noun/Adjective/Misc,ق,9,1,2
قفل‌بندی,Noun/Adjective/Misc,ق,8,1,2
قفل‌دار,Noun/Adjective/Misc,ق,7,1,2
قفل‌ساز,Noun/Adjective/Misc,ق,7,1,2
قفل‌سازی,Noun/Adjective/Misc,ق,8,1,2
قفل‌شده,Noun/Adjective/Misc,ق,7,1,2
قفل‌گذار,Noun/Adjective/Misc,ق,8,1,2
قفل‌گشا,Noun/Adjective/Misc,ق,7,1,2
قلاب‌بافی,Noun/Adjective/Misc,ق,9,1,2
قلاب‌دوزی,Noun/Adjective/Misc,ق,9,1,2
قلعه‌نو,Noun/Adjective/Misc,ق,7,1,2
قلع‌وقمع,Noun/Adjective/Misc,ق,8,1,2
قلم‌به‌دست,Noun/Adjective/Misc,ق,10,1,3
قلم‌تراش,Noun/Adjective/Misc,ق,8,1,2
قلم‌خورده,Noun/Adjective/Misc,ق,9,1,2
قلم‌خوردگی,Noun/Adjective/Misc,ق,10,1,2
قلم‌زدن,Noun/Adjective/Misc,ق,7,1,2
قلم‌زن,Noun/Adjective/Misc,ق,6,1,2
قلم‌زنی,Noun/Adjective/Misc,ق,7,1,2
قلم‌فرسا,Noun/Adjective/Misc,ق,8,1,2
قلم‌فرسایی,Noun/Adjective/Misc,ق,10,1,2
قلم‌مو,Noun/Adjective/Misc,ق,6,1,2
قلوه‌سنگ,Noun/Adjective/Misc,ق,8,1,2
قلوه‌گاه,Noun/Adjective/Misc,ق,8,1,2
قلی‌خسروی,Noun/Adjective/Misc,ق,9,1,2
قل‌قل,Noun/Adjective/Misc,ق,5,1,2
قمشه‌ای,Noun/Adjective/Misc,ق,7,1,2
قمه‌زن,Noun/Adjective/Misc,ق,6,1,2
قناعت‌پیشه,Noun/Adjective/Misc,ق,10,1,2
قناعت‌پیشگی,Noun/Adjective/Misc,ق,11,1,2
قهرمان‌بازی,Noun/Adjective/Misc,ق,11,1,2
قهرمان‌پرور,Noun/Adjective/Misc,ق,11,1,2
قهقهه‌زن,Noun/Adjective/Misc,ق,8,1,2
قهوه‌ای‌رنگ,Noun/Adjective/Misc,ق,11,1,3
قهوه‌خانه,Noun/Adjective/Misc,ق,9,1,2
قهوه‌خوری,Noun/Adjective/Misc,ق,9,1,2
قهوه‌چی,Noun/Adjective/Misc,ق,7,1,2
قوام‌السلطنه,Noun/Adjective/Misc,ق,12,1,2
قوام‌بخش,Noun/Adjective/Misc,ق,8,1,2
قوام‌یافته,Noun/Adjective/Misc,ق,10,1,2
قورمه‌سبزی,Noun/Adjective/Misc,ق,10,1,2
قوس‌دار,Noun/Adjective/Misc,ق,7,1,2
قول‌نامه,Noun/Adjective/Misc,ق,8,1,2
قومیت‌گرا,Noun/Adjective/Misc,ق,9,1,2
قوم‌شناسی,Noun/Adjective/Misc,ق,9,1,2
قوم‌وخویش,Noun/Adjective/Misc,ق,9,1,2
قوم‌وخویش‌بازی,Noun/Adjective/Misc,ق,14,1,3
قوم‌گرا,Noun/Adjective/Misc,ق,7,1,2
قیافه‌شناس,Noun/Adjective/Misc,ق,10,1,2
قیافه‌شناسی,Noun/Adjective/Misc,ق,11,1,2
قیام‌کننده,Noun/Adjective/Misc,ق,10,1,2
قیل‌وقال,Noun/Adjective/Misc,ق,8,1,2
قیمت‌گذاری,Noun/Adjective/Misc,ق,10,1,2
قیمه‌پلو,Noun/Adjective/Misc,ق,8,1,2
قی‌کرده,Noun/Adjective/Misc,ق,7,1,2
قالی‌فروشی,Noun/Adjective/Misc,ق,10,1,2
قانون‌مداری,Noun/Adjective/Misc,ق,11,1,2
قانون‌گریزی,Noun/Adjective/Misc,ق,11,1,2
قبل‌تر,Noun/Adjective/Misc,ق,6,1,2
قدرت‌گیری,Noun/Adjective/Misc,ق,9,1,2
قدم‌رنجه,Noun/Adjective/Misc,ق,8,1,2
قدیمی‌تر,Noun/Adjective/Misc,ق,8,1,2
قرمه‌سبزی,Noun/Adjective/Misc,ق,9,1,2
قروه‌ای,Noun/Adjective/Misc,ق,7,1,2
قطع‌عضوی,Noun/Adjective/Misc,ق,8,1,2
قطع‌نخاعی,Noun/Adjective/Misc,ق,9,1,2
قلاب‌دوز,Noun/Adjective/Misc,ق,8,1,2
قلم‌نوشت,Noun/Adjective/Misc,ق,8,1,2
قمه‌زنی,Noun/Adjective/Misc,ق,7,1,2
قنات‌کنی,Noun/Adjective/Misc,ق,8,1,2
قائم‌اللیل,Noun/Adjective/Misc,ق,10,1,2
قائم‌مقامی,Noun/Adjective/Misc,ق,10,1,2
قاب‌باز,Noun/Adjective/Misc,ق,7,1,2
قابل‌قسمت,Noun/Adjective/Misc,ق,9,1,2
قاطع‌الطریق,Noun/Adjective/Misc,ق,11,1,2
قاطع‌طریق,Noun/Adjective/Misc,ق,9,1,2
قاطی‌پاطی,Noun/Adjective/Misc,ق,9,1,2
قالب‌ریزی,Noun/Adjective/Misc,ق,9,1,2
قانون‌دان,Noun/Adjective/Misc,ق,9,1,2
قایم‌مقام,Noun/Adjective/Misc,ق,9,1,2
قحبه‌خانه,Noun/Adjective/Misc,ق,9,1,2
قدح‌پیما,Noun/Adjective/Misc,ق,8,1,2
قدح‌خواری,Noun/Adjective/Misc,ق,9,1,2
قدم‌رو,Noun/Adjective/Misc,ق,6,1,2
قرآن‌خوان,Noun/Adjective/Misc,ق,9,1,2
قرض‌دار,Noun/Adjective/Misc,ق,7,1,2
قرطاس‌بازی,Noun/Adjective/Misc,ق,10,1,2
قره‌چی,Noun/Adjective/Misc,ق,6,1,2
قسمت‌قسمت,Noun/Adjective/Misc,ق,9,1,2
قصه‌سرا,Noun/Adjective/Misc,ق,7,1,2
قطاع‌الطریق,Noun/Adjective/Misc,ق,11,1,2
قلعه‌بان,Noun/Adjective/Misc,ق,8,1,2
قوت‌لایموت,Noun/Adjective/Misc,ق,10,1,2
قوس‌وقزح,Noun/Adjective/Misc,ق,8,1,2
قوم‌گرایی,Noun/Adjective/Misc,ق,9,1,2
قوی‌جثه,Noun/Adjective/Misc,ق,7,1,2
کابل‌کشی,Noun/Adjective/Misc,ک,8,1,2
کاخ‌نشین,Noun/Adjective/Misc,ک,8,1,2
کاراته‌باز,Noun/Adjective/Misc,ک,10,1,2
کاراته‌کار,Noun/Adjective/Misc,ک,10,1,2
کارت‌پستال,Noun/Adjective/Misc,ک,10,1,2
کارخانه‌دار,Noun/Adjective/Misc,ک,11,1,2
کارخانه‌داری,Noun/Adjective/Misc,ک,12,1,2
کارراه‌بنداز,Noun/Adjective/Misc,ک,12,1,2
کاروان‌سالار,Noun/Adjective/Misc,ک,12,1,2
کاروان‌سرا,Noun/Adjective/Misc,ک,10,1,2
کارچاق‌کن,Noun/Adjective/Misc,ک,9,1,2
کاسب‌کار,Noun/Adjective/Misc,ک,8,1,2
کاسب‌کارانه,Noun/Adjective/Misc,ک,11,1,2
کاشی‌ساز,Noun/Adjective/Misc,ک,8,1,2
کاشی‌پز,Noun/Adjective/Misc,ک,7,1,2
کاشی‌پزی,Noun/Adjective/Misc,ک,8,1,2
کاشی‌کار,Noun/Adjective/Misc,ک,8,1,2
کاشی‌کاری,Noun/Adjective/Misc,ک,9,1,2
کاظم‌آباد,Noun/Adjective/Misc,ک,9,1,2
کاظم‌زاده,Noun/Adjective/Misc,ک,9,1,2
کافه‌تریا,Noun/Adjective/Misc,ک,9,1,2
کافه‌دار,Noun/Adjective/Misc,ک,8,1,2
کافه‌چی,Noun/Adjective/Misc,ک,7,1,2
کافی‌شاپ,Noun/Adjective/Misc,ک,8,1,2
کالسکه‌چی,Noun/Adjective/Misc,ک,9,1,2
کامل‌کننده,Noun/Adjective/Misc,ک,10,1,2
کام‌جو,Noun/Adjective/Misc,ک,6,1,2
کام‌جویی,Noun/Adjective/Misc,ک,8,1,2
کام‌گیری,Noun/Adjective/Misc,ک,8,1,2
کانال‌سازی,Noun/Adjective/Misc,ک,10,1,2
کانال‌کشی,Noun/Adjective/Misc,ک,9,1,2
کانونی‌شده,Noun/Adjective/Misc,ک,10,1,2
کانی‌شناس,Noun/Adjective/Misc,ک,9,1,2
کاهش‌دهنده,Noun/Adjective/Misc,ک,10,1,2
کاهش‌یافته,Noun/Adjective/Misc,ک,10,1,2
کاه‌گل,Noun/Adjective/Misc,ک,6,1,2
کاکل‌زری,Noun/Adjective/Misc,ک,8,1,2
کباب‌پز,Noun/Adjective/Misc,ک,7,1,2
کبریت‌سازی,Noun/Adjective/Misc,ک,10,1,2
کتاب‌آرایی,Noun/Adjective/Misc,ک,10,1,2
کتاب‌خانه,Noun/Adjective/Misc,ک,9,1,2
کتاب‌خوان,Noun/Adjective/Misc,ک,9,1,2
کتاب‌خوانی,Noun/Adjective/Misc,ک,10,1,2
کتاب‌سرا,Noun/Adjective/Misc,ک,8,1,2
کتاب‌شناختی,Noun/Adjective/Misc,ک,11,1,2
کتاب‌شناس,Noun/Adjective/Misc,ک,9,1,2
کتاب‌شناسی,Noun/Adjective/Misc,ک,10,1,2
کتاب‌فروش,Noun/Adjective/Misc,ک,9,1,2
کتاب‌فروشی,Noun/Adjective/Misc,ک,10,1,2
کتاب‌نامه,Noun/Adjective/Misc,ک,9,1,2
کتک‌خور,Noun/Adjective/Misc,ک,7,1,2
کتک‌خورده,Noun/Adjective/Misc,ک,9,1,2
کتک‌کاری,Noun/Adjective/Misc,ک,8,1,2
کتیبه‌نویسی,Noun/Adjective/Misc,ک,11,1,2
کت‌بسته,Noun/Adjective/Misc,ک,7,1,2
کت‌شلوارپوش,Noun/Adjective/Misc,ک,11,1,2
کت‌وشلوارپوش,Noun/Adjective/Misc,ک,12,1,2
کثافت‌کاری,Noun/Adjective/Misc,ک,10,1,2
کثرت‌گرا,Noun/Adjective/Misc,ک,8,1,2
کثرت‌گرایی,Noun/Adjective/Misc,ک,10,1,2
کج‌اخلاق,Noun/Adjective/Misc,ک,8,1,2
کج‌اندیش,Noun/Adjective/Misc,ک,8,1,2
کج‌تابی,Noun/Adjective/Misc,ک,7,1,2
کج‌خلق,Noun/Adjective/Misc,ک,6,1,2
کج‌خلقی,Noun/Adjective/Misc,ک,7,1,2
کج‌رو,Noun/Adjective/Misc,ک,5,1,2
کج‌سلیقه,Noun/Adjective/Misc,ک,8,1,2
کج‌سلیقگی,Noun/Adjective/Misc,ک,9,1,2
کج‌فهم,Noun/Adjective/Misc,ک,6,1,2
کج‌وکوله,Noun/Adjective/Misc,ک,8,1,2
کدام‌یک,Noun/Adjective/Misc,ک,7,1,2
کدورت‌آمیز,Noun/Adjective/Misc,ک,10,1,2
کرام‌الکاتبین,Noun/Adjective/Misc,ک,13,1,2
کرایه‌جمع‌کن,Noun/Adjective/Misc,ک,12,1,3
کرایه‌خانه,Noun/Adjective/Misc,ک,10,1,2
کرایه‌دار,Noun/Adjective/Misc,ک,9,1,2
کرایه‌نشین,Noun/Adjective/Misc,ک,10,1,2
کرایه‌نشینی,Noun/Adjective/Misc,ک,11,1,2
کرباس‌فروش,Noun/Adjective/Misc,ک,10,1,2
کرخت‌کننده,Noun/Adjective/Misc,ک,10,1,2
کرم‌خورده,Noun/Adjective/Misc,ک,9,1,2
کرم‌خوردگی,Noun/Adjective/Misc,ک,10,1,2
کرم‌دار,Noun/Adjective/Misc,ک,7,1,2
کرم‌رنگ,Noun/Adjective/Misc,ک,7,1,2
کره‌اسب,Noun/Adjective/Misc,ک,7,1,2
کره‌ای‌زبان,Noun/Adjective/Misc,ک,11,1,3
کره‌گیر,Noun/Adjective/Misc,ک,7,1,2
کریم‌آباد,Noun/Adjective/Misc,ک,9,1,2
کریم‌خان,Noun/Adjective/Misc,ک,8,1,2
کسالت‌آور,Noun/Adjective/Misc,ک,9,1,2
کسب‌شده,Noun/Adjective/Misc,ک,7,1,2
کسب‌وکار,Noun/Adjective/Misc,ک,8,1,2
کسل‌کننده,Noun/Adjective/Misc,ک,9,1,2
کشان‌کشان,Noun/Adjective/Misc,ک,9,1,2
کشته‌شده,Noun/Adjective/Misc,ک,8,1,2
کشته‌مرده,Noun/Adjective/Misc,ک,9,1,2
کشتی‌رانی,Noun/Adjective/Misc,ک,9,1,2
کشتی‌ساز,Noun/Adjective/Misc,ک,8,1,2
کشتی‌سازی,Noun/Adjective/Misc,ک,9,1,2
کشتی‌گیر,Noun/Adjective/Misc,ک,8,1,2
کشتی‌گیری,Noun/Adjective/Misc,ک,9,1,2
کشش‌ناپذیری,Noun/Adjective/Misc,ک,11,1,2
کشش‌پذیر,Noun/Adjective/Misc,ک,8,1,2
کشف‌الاسرار,Noun/Adjective/Misc,ک,11,1,2
کشف‌المحجوب,Noun/Adjective/Misc,ک,11,1,2
کشف‌شده,Noun/Adjective/Misc,ک,7,1,2
کشف‌نشدنی,Noun/Adjective/Misc,ک,9,1,2
کشمش‌پلو,Noun/Adjective/Misc,ک,8,1,2
کشک‌سابی,Noun/Adjective/Misc,ک,8,1,2
کش‌باف,Noun/Adjective/Misc,ک,6,1,2
کعب‌الاخبار,Noun/Adjective/Misc,ک,11,1,2
کفایت‌کننده,Noun/Adjective/Misc,ک,11,1,2
کفش‌فروشی,Noun/Adjective/Misc,ک,9,1,2
کفن‌پوش,Noun/Adjective/Misc,ک,7,1,2
کف‌آلود,Noun/Adjective/Misc,ک,7,1,2
کف‌بین,Noun/Adjective/Misc,ک,6,1,2
کف‌بینی,Noun/Adjective/Misc,ک,7,1,2
کف‌زدایی,Noun/Adjective/Misc,ک,8,1,2
کف‌زن,Noun/Adjective/Misc,ک,5,1,2
کف‌زنی,Noun/Adjective/Misc,ک,6,1,2
کف‌ساز,Noun/Adjective/Misc,ک,6,1,2
کف‌پوش,Noun/Adjective/Misc,ک,6,1,2
کلاس‌بندی,Noun/Adjective/Misc,ک,9,1,2
کلاغ‌پر,Noun/Adjective/Misc,ک,7,1,2
کلام‌الله,Noun/Adjective/Misc,ک,9,1,2
کلان‌شهر,Noun/Adjective/Misc,ک,8,1,2
کلاه‌بردار,Noun/Adjective/Misc,ک,10,1,2
کلاه‌برداری,Noun/Adjective/Misc,ک,11,1,2
کلاه‌خود,Noun/Adjective/Misc,ک,8,1,2
کلاه‌گیس,Noun/Adjective/Misc,ک,8,1,2
کلسیم‌دار,Noun/Adjective/Misc,ک,9,1,2
کلسیم‌سازی,Noun/Adjective/Misc,ک,10,1,2
کلم‌پلو,Noun/Adjective/Misc,ک,7,1,2
کله‌خر,Noun/Adjective/Misc,ک,6,1,2
کله‌شق,Noun/Adjective/Misc,ک,6,1,2
کله‌قند,Noun/Adjective/Misc,ک,7,1,2
کله‌پا,Noun/Adjective/Misc,ک,6,1,2
کله‌پاچه,Noun/Adjective/Misc,ک,8,1,2
کله‌پز,Noun/Adjective/Misc,ک,6,1,2
کلوخ‌انداز,Noun/Adjective/Misc,ک,10,1,2
کلک‌چال,Noun/Adjective/Misc,ک,7,1,2
کلیشه‌وار,Noun/Adjective/Misc,ک,9,1,2
کلیله‌ودمنه,Noun/Adjective/Misc,ک,11,1,2
کلیم‌الله,Noun/Adjective/Misc,ک,9,1,2
کلی‌فروش,Noun/Adjective/Misc,ک,8,1,2
کلی‌فروشی,Noun/Adjective/Misc,ک,9,1,2
کلی‌نگر,Noun/Adjective/Misc,ک,7,1,2
کلی‌نگری,Noun/Adjective/Misc,ک,8,1,2
کلی‌گرا,Noun/Adjective/Misc,ک,7,1,2
کلی‌گو,Noun/Adjective/Misc,ک,6,1,2
کل‌کل,Noun/Adjective/Misc,ک,5,1,2
کمال‌الدین,Noun/Adjective/Misc,ک,10,1,2
کمال‌الملک,Noun/Adjective/Misc,ک,10,1,2
کمال‌جو,Noun/Adjective/Misc,ک,7,1,2
کمال‌گرا,Noun/Adjective/Misc,ک,8,1,2
کمال‌گرایی,Noun/Adjective/Misc,ک,10,1,2
کمال‌یافته,Noun/Adjective/Misc,ک,10,1,2
کمان‌گیر,Noun/Adjective/Misc,ک,8,1,2
کمک‌حال,Noun/Adjective/Misc,ک,7,1,2
کمک‌خرج,Noun/Adjective/Misc,ک,7,1,2
کمک‌خلبان,Noun/Adjective/Misc,ک,9,1,2
کمک‌داور,Noun/Adjective/Misc,ک,8,1,2
کمک‌درسی,Noun/Adjective/Misc,ک,8,1,2
کمک‌راننده,Noun/Adjective/Misc,ک,10,1,2
کمک‌رسان,Noun/Adjective/Misc,ک,8,1,2
کمک‌رسانی,Noun/Adjective/Misc,ک,9,1,2
کمک‌فنر,Noun/Adjective/Misc,ک,7,1,2
کمک‌مربی,Noun/Adjective/Misc,ک,8,1,2
کمک‌هزینه,Noun/Adjective/Misc,ک,9,1,2
کمک‌کننده,Noun/Adjective/Misc,ک,9,1,2
کمیت‌پذیر,Noun/Adjective/Misc,ک,9,1,2
کمینه‌گرا,Noun/Adjective/Misc,ک,9,1,2
کمین‌گذاری,Noun/Adjective/Misc,ک,10,1,2
کم‌آوازه,Noun/Adjective/Misc,ک,8,1,2
کم‌ارزش,Noun/Adjective/Misc,ک,7,1,2
کم‌اشتباه,Noun/Adjective/Misc,ک,9,1,2
کم‌اشتها,Noun/Adjective/Misc,ک,8,1,2
کم‌اطلاع,Noun/Adjective/Misc,ک,8,1,2
کم‌اعتنا,Noun/Adjective/Misc,ک,8,1,2
کم‌اهمیت,Noun/Adjective/Misc,ک,8,1,2
کم‌بسامد,Noun/Adjective/Misc,ک,8,1,2
کم‌بضاعت,Noun/Adjective/Misc,ک,8,1,2
کم‌بها,Noun/Adjective/Misc,ک,6,1,2
کم‌بهره,Noun/Adjective/Misc,ک,7,1,2
کم‌بینا,Noun/Adjective/Misc,ک,7,1,2
کم‌تجربه,Noun/Adjective/Misc,ک,8,1,2
کم‌تجربگی,Noun/Adjective/Misc,ک,9,1,2
کم‌تحرک,Noun/Adjective/Misc,ک,7,1,2
کم‌تحرکی,Noun/Adjective/Misc,ک,8,1,2
کم‌تر,Noun/Adjective/Misc,ک,5,1,2
کم‌توان,Noun/Adjective/Misc,ک,7,1,2
کم‌توانی,Noun/Adjective/Misc,ک,8,1,2
کم‌توقع,Noun/Adjective/Misc,ک,7,1,2
کم‌جمعیت,Noun/Adjective/Misc,ک,8,1,2
کم‌جنبه,Noun/Adjective/Misc,ک,7,1,2
کم‌حجم,Noun/Adjective/Misc,ک,6,1,2
کم‌حرف,Noun/Adjective/Misc,ک,6,1,2
کم‌حوصله,Noun/Adjective/Misc,ک,8,1,2
کم‌حوصلگی,Noun/Adjective/Misc,ک,9,1,2
کم‌خرج,Noun/Adjective/Misc,ک,6,1,2
کم‌خطر,Noun/Adjective/Misc,ک,6,1,2
کم‌خون,Noun/Adjective/Misc,ک,6,1,2
کم‌درآمد,Noun/Adjective/Misc,ک,8,1,2
کم‌دقت,Noun/Adjective/Misc,ک,6,1,2
کم‌رمق,Noun/Adjective/Misc,ک,6,1,2
کم‌رنگ,Noun/Adjective/Misc,ک,6,1,2
کم‌رو,Noun/Adjective/Misc,ک,5,1,2
کم‌رویی,Noun/Adjective/Misc,ک,7,1,2
کم‌زور,Noun/Adjective/Misc,ک,6,1,2
کم‌زوری,Noun/Adjective/Misc,ک,7,1,2
کم‌سابقه,Noun/Adjective/Misc,ک,8,1,2
کم‌سو,Noun/Adjective/Misc,ک,5,1,2
کم‌سواد,Noun/Adjective/Misc,ک,7,1,2
کم‌سوادی,Noun/Adjective/Misc,ک,8,1,2
کم‌شنوا,Noun/Adjective/Misc,ک,7,1,2
کم‌طاقت,Noun/Adjective/Misc,ک,7,1,2
کم‌ظرفیت,Noun/Adjective/Misc,ک,8,1,2
کم‌عقل,Noun/Adjective/Misc,ک,6,1,2
کم‌عمق,Noun/Adjective/Misc,ک,6,1,2
کم‌غذا,Noun/Adjective/Misc,ک,6,1,2
کم‌فایده,Noun/Adjective/Misc,ک,8,1,2
کم‌فروش,Noun/Adjective/Misc,ک,7,1,2
کم‌فروشی,Noun/Adjective/Misc,ک,8,1,2
کم‌فروغ,Noun/Adjective/Misc,ک,7,1,2
کم‌لطف,Noun/Adjective/Misc,ک,6,1,2
کم‌لطفی,Noun/Adjective/Misc,ک,7,1,2
کم‌مایه,Noun/Adjective/Misc,ک,7,1,2
کم‌محبتی,Noun/Adjective/Misc,ک,8,1,2
کم‌محلی,Noun/Adjective/Misc,ک,7,1,2
کم‌مصرف,Noun/Adjective/Misc,ک,7,1,2
کم‌نظیر,Noun/Adjective/Misc,ک,7,1,2
کم‌نور,Noun/Adjective/Misc,ک,6,1,2
کم‌هزینه,Noun/Adjective/Misc,ک,8,1,2
کم‌هوش,Noun/Adjective/Misc,ک,6,1,2
کم‌وزن,Noun/Adjective/Misc,ک,6,1,2
کم‌وزیاد,Noun/Adjective/Misc,ک,8,1,2
کم‌وکاست,Noun/Adjective/Misc,ک,8,1,2
کم‌پشت,Noun/Adjective/Misc,ک,6,1,2
کم‌چرب,Noun/Adjective/Misc,ک,6,1,2
کم‌کار,Noun/Adjective/Misc,ک,6,1,2
کم‌کاربرد,Noun/Adjective/Misc,ک,9,1,2
کم‌کاری,Noun/Adjective/Misc,ک,7,1,2
کم‌کالری,Noun/Adjective/Misc,ک,8,1,2
کم‌کم,Noun/Adjective/Misc,ک,5,1,2
کم‌کمک,Noun/Adjective/Misc,ک,6,1,2
کناره‌گیری,Noun/Adjective/Misc,ک,10,1,2
کنایه‌آمیز,Noun/Adjective/Misc,ک,10,1,2
کنایه‌گو,Noun/Adjective/Misc,ک,8,1,2
کنترل‌پذیر,Noun/Adjective/Misc,ک,10,1,2
کنترل‌کننده,Noun/Adjective/Misc,ک,11,1,2
کنده‌شده,Noun/Adjective/Misc,ک,8,1,2
کنده‌کاری,Noun/Adjective/Misc,ک,9,1,2
کنگره‌دار,Noun/Adjective/Misc,ک,9,1,2
کهربایی‌رنگ,Noun/Adjective/Misc,ک,11,1,2
کهنه‌شده,Noun/Adjective/Misc,ک,8,1,2
کهنه‌شور,Noun/Adjective/Misc,ک,8,1,2
کهنه‌پرست,Noun/Adjective/Misc,ک,9,1,2
کهنه‌کار,Noun/Adjective/Misc,ک,8,1,2
کهن‌سال,Noun/Adjective/Misc,ک,7,1,2
کهن‌سالی,Noun/Adjective/Misc,ک,8,1,2
کوته‌بین,Noun/Adjective/Misc,ک,8,1,2
کوته‌بینانه,Noun/Adjective/Misc,ک,11,1,2
کوته‌بینی,Noun/Adjective/Misc,ک,9,1,2
کوته‌فکر,Noun/Adjective/Misc,ک,8,1,2
کوته‌فکری,Noun/Adjective/Misc,ک,9,1,2
کوته‌نظر,Noun/Adjective/Misc,ک,8,1,2
کوته‌نظری,Noun/Adjective/Misc,ک,9,1,2
کوخ‌نشین,Noun/Adjective/Misc,ک,8,1,2
کودک‌آزار,Noun/Adjective/Misc,ک,9,1,2
کودک‌وار,Noun/Adjective/Misc,ک,8,1,2
کوره‌پز,Noun/Adjective/Misc,ک,7,1,2
کوزه‌گر,Noun/Adjective/Misc,ک,7,1,2
کوفته‌ای,Noun/Adjective/Misc,ک,8,1,2
کوله‌بار,Noun/Adjective/Misc,ک,8,1,2
کوله‌پشتی,Noun/Adjective/Misc,ک,9,1,2
کونگ‌فو,Noun/Adjective/Misc,ک,7,1,2
کوه‌نشین,Noun/Adjective/Misc,ک,8,1,2
کوه‌نورد,Noun/Adjective/Misc,ک,8,1,2
کوه‌نوردی,Noun/Adjective/Misc,ک,9,1,2
کوه‌پایه,Noun/Adjective/Misc,ک,8,1,2
کوه‌پیما,Noun/Adjective/Misc,ک,8,1,2
کوه‌پیکر,Noun/Adjective/Misc,ک,8,1,2
کوه‌کن,Noun/Adjective/Misc,ک,6,1,2
کوپن‌فروش,Noun/Adjective/Misc,ک,9,1,2
کوپن‌فروشی,Noun/Adjective/Misc,ک,10,1,2
کوچه‌بازار,Noun/Adjective/Misc,ک,10,1,2
کوچه‌بازاری,Noun/Adjective/Misc,ک,11,1,2
کوچه‌باغ,Noun/Adjective/Misc,ک,8,1,2
کوچک‌ساز,Noun/Adjective/Misc,ک,8,1,2
کوچک‌سازی,Noun/Adjective/Misc,ک,9,1,2
کوچک‌شده,Noun/Adjective/Misc,ک,8,1,2
کوچک‌کننده,Noun/Adjective/Misc,ک,10,1,2
کوچ‌نشین,Noun/Adjective/Misc,ک,8,1,2
کوچ‌نشینی,Noun/Adjective/Misc,ک,9,1,2
کپک‌زده,Noun/Adjective/Misc,ک,7,1,2
کپک‌زدگی,Noun/Adjective/Misc,ک,8,1,2
کپی‌برداری,Noun/Adjective/Misc,ک,10,1,2
کپی‌رایت,Noun/Adjective/Misc,ک,8,1,2
کپی‌سازی,Noun/Adjective/Misc,ک,8,1,2
کیسه‌تنان,Noun/Adjective/Misc,ک,9,1,2
کیسه‌دار,Noun/Adjective/Misc,ک,8,1,2
کیسه‌مانند,Noun/Adjective/Misc,ک,10,1,2
کیفیت‌بخشی,Noun/Adjective/Misc,ک,10,1,2
کیفیت‌مدار,Noun/Adjective/Misc,ک,10,1,2
کیف‌آور,Noun/Adjective/Misc,ک,7,1,2
کیف‌دستی,Noun/Adjective/Misc,ک,8,1,2
کیف‌زن,Noun/Adjective/Misc,ک,6,1,2
کیف‌قاپ,Noun/Adjective/Misc,ک,7,1,2
کینه‌توز,Noun/Adjective/Misc,ک,8,1,2
کینه‌توزانه,Noun/Adjective/Misc,ک,11,1,2
کینه‌جو,Noun/Adjective/Misc,ک,7,1,2
کینه‌جویانه,Noun/Adjective/Misc,ک,11,1,2
کینه‌جویی,Noun/Adjective/Misc,ک,9,1,2
کینه‌ورزی,Noun/Adjective/Misc,ک,9,1,2
کین‌توز,Noun/Adjective/Misc,ک,7,1,2
کین‌توزی,Noun/Adjective/Misc,ک,8,1,2
کیهان‌شناس,Noun/Adjective/Misc,ک,10,1,2
کیپ‌تاون,Noun/Adjective/Misc,ک,8,1,2
کابل‌ناته,Noun/Adjective/Misc,ک,9,1,2
کادوسی‌ها,Noun/Adjective/Misc,ک,9,1,2
کارتن‌خواب,Noun/Adjective/Misc,ک,10,1,2
کانه‌آرایی,Noun/Adjective/Misc,ک,10,1,2
کانی‌مد,Noun/Adjective/Misc,ک,7,1,2
کان‌نای,Noun/Adjective/Misc,ک,7,1,2
کاهش‌دهندگی,Noun/Adjective/Misc,ک,11,1,2
کتاب‌الله,Noun/Adjective/Misc,ک,9,1,2
کج‌دستی,Noun/Adjective/Misc,ک,7,1,2
کج‌روی,Noun/Adjective/Misc,ک,6,1,2
کره‌ای,Noun/Adjective/Misc,ک,6,1,2
کریستین‌ساینس‌مانیتور,Noun/Adjective/Misc,ک,21,1,3
کری‌خوانی,Noun/Adjective/Misc,ک,9,1,2
کشیده‌شدن,Noun/Adjective/Misc,ک,9,1,2
کلب‌علی,Noun/Adjective/Misc,ک,7,1,2
کله‌شقی,Noun/Adjective/Misc,ک,7,1,2
کلی‌گویی,Noun/Adjective/Misc,ک,8,1,2
کمال‌بخشی,Noun/Adjective/Misc,ک,9,1,2
کم‌آب,Noun/Adjective/Misc,ک,5,1,2
کم‌آبی,Noun/Adjective/Misc,ک,6,1,2
کم‌خوابی,Noun/Adjective/Misc,ک,8,1,2
کم‌فرهنگی,Noun/Adjective/Misc,ک,9,1,2
کوتاه‌مدت,Noun/Adjective/Misc,ک,9,1,2
کوته‌نگری,Noun/Adjective/Misc,ک,9,1,2
کودک‌آزاری,Noun/Adjective/Misc,ک,10,1,2
کوره‌سختی,Noun/Adjective/Misc,ک,9,1,2
کوشش‌گر,Noun/Adjective/Misc,ک,7,1,2
کوفته‌ریزه,Noun/Adjective/Misc,ک,10,1,2
کوه‌پیمایی,Noun/Adjective/Misc,ک,10,1,2
کوچک‌نمایی,Noun/Adjective/Misc,ک,10,1,2
کیسه‌خواب,Noun/Adjective/Misc,ک,9,1,2
کیهان‌شناسی,Noun/Adjective/Misc,ک,11,1,2
کارت‌شناسایی,Noun/Adjective/Misc,ک,12,1,2
کاسه‌پشت,Noun/Adjective/Misc,ک,8,1,2
کاسه‌لیس,Noun/Adjective/Misc,ک,8,1,2
کالسکه‌ران,Noun/Adjective/Misc,ک,10,1,2
کام‌بخش,Noun/Adjective/Misc,ک,7,1,2
کپه‌کپه,Noun/Adjective/Misc,ک,7,1,2
کج‌باز,Noun/Adjective/Misc,ک,6,1,2
کج‌خیال,Noun/Adjective/Misc,ک,7,1,2
کج‌دست,Noun/Adjective/Misc,ک,6,1,2
کج‌ذوقی,Noun/Adjective/Misc,ک,7,1,2
کج‌طبع,Noun/Adjective/Misc,ک,6,1,2
کج‌معامله,Noun/Adjective/Misc,ک,9,1,2
کج‌نظر,Noun/Adjective/Misc,ک,6,1,2
کج‌نهادی,Noun/Adjective/Misc,ک,8,1,2
کرجی‌بان,Noun/Adjective/Misc,ک,8,1,2
کرشمه‌باز,Noun/Adjective/Misc,ک,9,1,2
کرشمه‌کنان,Noun/Adjective/Misc,ک,10,1,2
کریه‌المنظر,Noun/Adjective/Misc,ک,11,1,2
کسالت‌بار,Noun/Adjective/Misc,ک,9,1,2
کف‌نفس,Noun/Adjective/Misc,ک,6,1,2
کفش‌دوزی,Noun/Adjective/Misc,ک,8,1,2
کفش‌دوز,Noun/Adjective/Misc,ک,7,1,2
کلان‌سال,Noun/Adjective/Misc,ک,8,1,2
کله‌خشک,Noun/Adjective/Misc,ک,7,1,2
کلیشه‌ساز,Noun/Adjective/Misc,ک,9,1,2
کم‌جثه,Noun/Adjective/Misc,ک,6,1,2
کم‌جرات,Noun/Adjective/Misc,ک,7,1,2
کم‌خرد,Noun/Adjective/Misc,ک,6,1,2
کم‌خور,Noun/Adjective/Misc,ک,6,1,2
کم‌خوراک,Noun/Adjective/Misc,ک,8,1,2
کم‌دل,Noun/Adjective/Misc,ک,5,1,2
کم‌سال,Noun/Adjective/Misc,ک,6,1,2
کم‌سن,Noun/Adjective/Misc,ک,5,1,2
کم‌عقلی,Noun/Adjective/Misc,ک,7,1,2
کم‌قیمت,Noun/Adjective/Misc,ک,7,1,2
کم‌معلومات,Noun/Adjective/Misc,ک,10,1,2
کم‌همت,Noun/Adjective/Misc,ک,6,1,2
کناره‌جویی,Noun/Adjective/Misc,ک,10,1,2
کناره‌گیر,Noun/Adjective/Misc,ک,9,1,2
کوتاه‌قد,Noun/Adjective/Misc,ک,8,1,2
کوچک‌شماری,Noun/Adjective/Misc,ک,10,1,2
کولی‌بازی,Noun/Adjective/Misc,ک,9,1,2
کهنه‌پوش,Noun/Adjective/Misc,ک,8,1,2
کیسه‌بر,Noun/Adjective/Misc,ک,7,1,2
کیسه‌کش,Noun/Adjective/Misc,ک,7,1,2
کین‌خواهی,Noun/Adjective/Misc,ک,9,1,2
کینه‌توزی,Noun/Adjective/Misc,ک,9,1,2
کینه‌خواه,Noun/Adjective/Misc,ک,9,1,2
کینه‌کش,Noun/Adjective/Misc,ک,7,1,2
کینه‌ور,Noun/Adjective/Misc,ک,7,1,2
کینه‌ورز,Noun/Adjective/Misc,ک,8,1,2
گاه‌شمار,Noun/Adjective/Misc,گ,8,1,2
گاه‌نامه,Noun/Adjective/Misc,گ,8,1,2
گاه‌گاه,Noun/Adjective/Misc,گ,7,1,2
گاه‌گدار,Noun/Adjective/Misc,گ,8,1,2
گبه‌بافی,Noun/Adjective/Misc,گ,8,1,2
گداخته‌شدن,Noun/Adjective/Misc,گ,10,1,2
گدم‌آباد,Noun/Adjective/Misc,گ,8,1,2
گذاشته‌شده,Noun/Adjective/Misc,گ,10,1,2
گران‌بها,Noun/Adjective/Misc,گ,8,1,2
گران‌جان,Noun/Adjective/Misc,گ,8,1,2
گران‌سنگ,Noun/Adjective/Misc,گ,8,1,2
گران‌سنگی,Noun/Adjective/Misc,گ,9,1,2
گران‌فروش,Noun/Adjective/Misc,گ,9,1,2
گران‌فروشی,Noun/Adjective/Misc,گ,10,1,2
گران‌قدر,Noun/Adjective/Misc,گ,8,1,2
گران‌قیمت,Noun/Adjective/Misc,گ,9,1,2
گران‌مایه,Noun/Adjective/Misc,گ,9,1,2
گربه‌سانان,Noun/Adjective/Misc,گ,10,1,2
گرته‌برداری,Noun/Adjective/Misc,گ,11,1,2
گردآوری‌شده,Noun/Adjective/Misc,گ,11,1,2
گردن‌آویز,Noun/Adjective/Misc,گ,9,1,2
گردن‌فراز,Noun/Adjective/Misc,گ,9,1,2
گرده‌افشان,Noun/Adjective/Misc,گ,10,1,2
گرده‌افشانی,Noun/Adjective/Misc,گ,11,1,2
گرفته‌شده,Noun/Adjective/Misc,گ,9,1,2
گرمی‌بخش,Noun/Adjective/Misc,گ,8,1,2
گرم‌دره,Noun/Adjective/Misc,گ,7,1,2
گرم‌ونرم,Noun/Adjective/Misc,گ,8,1,2
گرم‌کن,Noun/Adjective/Misc,گ,6,1,2
گرم‌کننده,Noun/Adjective/Misc,گ,9,1,2
گره‌کرده,Noun/Adjective/Misc,گ,8,1,2
گره‌گشا,Noun/Adjective/Misc,گ,7,1,2
گره‌گشایی,Noun/Adjective/Misc,گ,9,1,2
گروه‌بندی,Noun/Adjective/Misc,گ,9,1,2
گروه‌گروه,Noun/Adjective/Misc,گ,9,1,2
گروگان‌گیری,Noun/Adjective/Misc,گ,11,1,2
گریان‌شدن,Noun/Adjective/Misc,گ,9,1,2
گریه‌آور,Noun/Adjective/Misc,گ,8,1,2
گریه‌دار,Noun/Adjective/Misc,گ,8,1,2
گریه‌زاری,Noun/Adjective/Misc,گ,9,1,2
گریه‌کنان,Noun/Adjective/Misc,گ,9,1,2
گریپ‌فروت,Noun/Adjective/Misc,گ,9,1,2
گزارش‌شده,Noun/Adjective/Misc,گ,9,1,2
گزارش‌نامه,Noun/Adjective/Misc,گ,10,1,2
گزارش‌نویسی,Noun/Adjective/Misc,گ,11,1,2
گزارش‌گیری,Noun/Adjective/Misc,گ,10,1,2
گزاره‌نما,Noun/Adjective/Misc,گ,9,1,2
گزافه‌گو,Noun/Adjective/Misc,گ,8,1,2
گزافه‌گویی,Noun/Adjective/Misc,گ,10,1,2
گزینش‌شده,Noun/Adjective/Misc,گ,9,1,2
گسترش‌دهنده,Noun/Adjective/Misc,گ,11,1,2
گسترش‌یافته,Noun/Adjective/Misc,گ,11,1,2
گسیل‌شده,Noun/Adjective/Misc,گ,8,1,2
گشاده‌رو,Noun/Adjective/Misc,گ,8,1,2
گشاده‌رویی,Noun/Adjective/Misc,گ,10,1,2
گشاده‌زبان,Noun/Adjective/Misc,گ,10,1,2
گشاده‌زبانی,Noun/Adjective/Misc,گ,11,1,2
گشایش‌یافته,Noun/Adjective/Misc,گ,11,1,2
گفته‌شده,Noun/Adjective/Misc,گ,8,1,2
گفت‌وشنود,Noun/Adjective/Misc,گ,9,1,2
گفت‌وگو,Noun/Adjective/Misc,گ,7,1,2
گلاب‌پاش,Noun/Adjective/Misc,گ,8,1,2
گلاب‌گیری,Noun/Adjective/Misc,گ,9,1,2
گلایه‌آمیز,Noun/Adjective/Misc,گ,10,1,2
گلایه‌مند,Noun/Adjective/Misc,گ,9,1,2
گلایه‌مندی,Noun/Adjective/Misc,گ,10,1,2
گله‌دار,Noun/Adjective/Misc,گ,7,1,2
گله‌دار8602,Noun/Adjective/Misc,گ,11,1,2
گله‌داری,Noun/Adjective/Misc,گ,8,1,2
گله‌مند,Noun/Adjective/Misc,گ,7,1,2
گله‌مندی,Noun/Adjective/Misc,گ,8,1,2
گلیم‌بافی,Noun/Adjective/Misc,گ,9,1,2
گل‌آرا,Noun/Adjective/Misc,گ,6,1,2
گل‌آقا,Noun/Adjective/Misc,گ,6,1,2
گل‌آلود,Noun/Adjective/Misc,گ,7,1,2
گل‌افشان,Noun/Adjective/Misc,گ,8,1,2
گل‌افشانی,Noun/Adjective/Misc,گ,9,1,2
گل‌بهار,Noun/Adjective/Misc,گ,7,1,2
گل‌بوته,Noun/Adjective/Misc,گ,7,1,2
گل‌تپه,Noun/Adjective/Misc,گ,6,1,2
گل‌دار,Noun/Adjective/Misc,گ,6,1,2
گل‌درشت,Noun/Adjective/Misc,گ,7,1,2
گل‌دهی,Noun/Adjective/Misc,گ,6,1,2
گل‌دوزی,Noun/Adjective/Misc,گ,7,1,2
گل‌رنگ,Noun/Adjective/Misc,گ,6,1,2
گل‌رو,Noun/Adjective/Misc,گ,5,1,2
گل‌ریزان,Noun/Adjective/Misc,گ,8,1,2
گل‌سازی,Noun/Adjective/Misc,گ,7,1,2
گل‌فروش,Noun/Adjective/Misc,گ,7,1,2
گل‌فروشی,Noun/Adjective/Misc,گ,8,1,2
گل‌مژه,Noun/Adjective/Misc,گ,6,1,2
گل‌ولای,Noun/Adjective/Misc,گ,7,1,2
گل‌پوش,Noun/Adjective/Misc,گ,6,1,2
گل‌چهره,Noun/Adjective/Misc,گ,7,1,2
گل‌کاری,Noun/Adjective/Misc,گ,7,1,2
گل‌کلم,Noun/Adjective/Misc,گ,6,1,2
گل‌گونه,Noun/Adjective/Misc,گ,7,1,2
گمانه‌زن,Noun/Adjective/Misc,گ,8,1,2
گمانه‌زنی,Noun/Adjective/Misc,گ,9,1,2
گمراه‌سازی,Noun/Adjective/Misc,گ,10,1,2
گمراه‌کننده,Noun/Adjective/Misc,گ,11,1,2
گم‌شدن,Noun/Adjective/Misc,گ,6,1,2
گم‌شده,Noun/Adjective/Misc,گ,6,1,2
گم‌شدگی,Noun/Adjective/Misc,گ,7,1,2
گم‌کرده,Noun/Adjective/Misc,گ,7,1,2
گم‌گشته,Noun/Adjective/Misc,گ,7,1,2
گم‌گشتگی,Noun/Adjective/Misc,گ,8,1,2
گناه‌آلود,Noun/Adjective/Misc,گ,9,1,2
گناه‌کار,Noun/Adjective/Misc,گ,8,1,2
گنجانده‌شده,Noun/Adjective/Misc,گ,11,1,2
گنج‌نامه,Noun/Adjective/Misc,گ,8,1,2
گندمی‌رنگ,Noun/Adjective/Misc,گ,9,1,2
گندم‌کار,Noun/Adjective/Misc,گ,8,1,2
گنده‌گو,Noun/Adjective/Misc,گ,7,1,2
گنده‌گویی,Noun/Adjective/Misc,گ,9,1,2
گنه‌کار,Noun/Adjective/Misc,گ,7,1,2
گه‌گدار,Noun/Adjective/Misc,گ,7,1,2
گواهی‌نامه,Noun/Adjective/Misc,گ,10,1,2
گوجه‌فرنگی,Noun/Adjective/Misc,گ,10,1,2
گوساله‌پرستی,Noun/Adjective/Misc,گ,12,1,2
گوشت‌خوار,Noun/Adjective/Misc,گ,9,1,2
گوشت‌کوب,Noun/Adjective/Misc,گ,8,1,2
گوشه‌نشین,Noun/Adjective/Misc,گ,9,1,2
گوشه‌نشینی,Noun/Adjective/Misc,گ,10,1,2
گوشه‌گیر,Noun/Adjective/Misc,گ,8,1,2
گوشه‌گیرانه,Noun/Adjective/Misc,گ,11,1,2
گوشه‌گیری,Noun/Adjective/Misc,گ,9,1,2
گوش‌بریده,Noun/Adjective/Misc,گ,9,1,2
گوش‌خراش,Noun/Adjective/Misc,گ,8,1,2
گوش‌داده,Noun/Adjective/Misc,گ,8,1,2
گوش‌درد,Noun/Adjective/Misc,گ,7,1,2
گوش‌نواز,Noun/Adjective/Misc,گ,8,1,2
گول‌خورده,Noun/Adjective/Misc,گ,9,1,2
گول‌زده,Noun/Adjective/Misc,گ,7,1,2
گونه‌بندی,Noun/Adjective/Misc,گ,9,1,2
گونی‌بافی,Noun/Adjective/Misc,گ,9,1,2
گویش‌شناسی,Noun/Adjective/Misc,گ,10,1,2
گویش‌ور,Noun/Adjective/Misc,گ,7,1,2
گچ‌بر,Noun/Adjective/Misc,گ,5,1,2
گچ‌بری,Noun/Adjective/Misc,گ,6,1,2
گیاه‌خوار,Noun/Adjective/Misc,گ,9,1,2
گیاه‌خواری,Noun/Adjective/Misc,گ,10,1,2
گیاه‌درمانی,Noun/Adjective/Misc,گ,11,1,2
گیاه‌شناس,Noun/Adjective/Misc,گ,9,1,2
گیاه‌شناسی,Noun/Adjective/Misc,گ,10,1,2
گیاه‌پزشک,Noun/Adjective/Misc,گ,9,1,2
گیج‌کننده,Noun/Adjective/Misc,گ,9,1,2
گیس‌بریده,Noun/Adjective/Misc,گ,9,1,2
گیل‌گمش,Noun/Adjective/Misc,گ,7,1,2
گینه‌نو,Noun/Adjective/Misc,گ,7,1,2
گیوه‌بافی,Noun/Adjective/Misc,گ,9,1,2
گیوه‌دوز,Noun/Adjective/Misc,گ,8,1,2
گیوه‌دوزی,Noun/Adjective/Misc,گ,9,1,2
گرامی‌داشت,Noun/Adjective/Misc,گ,10,1,2
گردن‌کش,Noun/Adjective/Misc,گ,7,1,2
گردهم‌آیی,Noun/Adjective/Misc,گ,9,1,2
گرم‌خانه,Noun/Adjective/Misc,گ,8,1,2
گروگان‌گیرها,Noun/Adjective/Misc,گ,12,1,2
گریه‌کن,Noun/Adjective/Misc,گ,7,1,2
گریپ‌فوروت,Noun/Adjective/Misc,گ,10,1,2
گشاده‌دلی,Noun/Adjective/Misc,گ,9,1,2
گفتمان‌سازی,Noun/Adjective/Misc,گ,11,1,2
گله‌گذاری,Noun/Adjective/Misc,گ,9,1,2
گلوله‌باران,Noun/Adjective/Misc,گ,11,1,2
گل‌میخ,Noun/Adjective/Misc,گ,6,1,2
گنبد‌کاووس,Noun/Adjective/Misc,گ,10,1,2
گنده‌تر,Noun/Adjective/Misc,گ,7,1,2
گه‌گاه,Noun/Adjective/Misc,گ,6,1,2
گوش‌مالی,Noun/Adjective/Misc,گ,8,1,2
گوش‌ماهی,Noun/Adjective/Misc,گ,8,1,2
گونه‌شناسی,Noun/Adjective/Misc,گ,10,1,2
گچ‌گیری,Noun/Adjective/Misc,گ,7,1,2
گتره‌ای,Noun/Adjective/Misc,گ,7,1,2
گران‌پایه,Noun/Adjective/Misc,گ,9,1,2
گردن‌بند,Noun/Adjective/Misc,گ,8,1,2
گردن‌کشی,Noun/Adjective/Misc,گ,8,1,2
گردن‌کلفت,Noun/Adjective/Misc,گ,9,1,2
گردنه‌بند,Noun/Adjective/Misc,گ,9,1,2
گرسنه‌چشم,Noun/Adjective/Misc,گ,9,1,2
گسسته‌عنان,Noun/Adjective/Misc,گ,10,1,2
گشاده‌باز,Noun/Adjective/Misc,گ,9,1,2
گشاده‌بازی,Noun/Adjective/Misc,گ,10,1,2
گشاده‌دست,Noun/Adjective/Misc,گ,9,1,2
گله‌آمیز,Noun/Adjective/Misc,گ,8,1,2
گله‌بان,Noun/Adjective/Misc,گ,7,1,2
گله‌گله,Noun/Adjective/Misc,گ,7,1,2
گنده‌دماغ,Noun/Adjective/Misc,گ,9,1,2
گوش‌بر,Noun/Adjective/Misc,گ,6,1,2
گوش‌بزنگ,Noun/Adjective/Misc,گ,8,1,2
گوش‌دادن,Noun/Adjective/Misc,گ,8,1,2
گوشه‌گزینی,Noun/Adjective/Misc,گ,10,1,2
گونه‌گون,Noun/Adjective/Misc,گ,8,1,2
لاابالی‌گری,Noun/Adjective/Misc,ل,11,1,2
لااله‌الاالله,Noun/Adjective/Misc,ل,13,1,2
لابه‌لا,Noun/Adjective/Misc,ل,7,1,2
لاجوردی‌رنگ,Noun/Adjective/Misc,ل,11,1,2
لازم‌الاجرا,Noun/Adjective/Misc,ل,11,1,2
لاستیک‌فروشی,Noun/Adjective/Misc,ل,12,1,2
لاس‌زنی,Noun/Adjective/Misc,ل,7,1,2
لاس‌وگاس,Noun/Adjective/Misc,ل,8,1,2
لاش‌خور,Noun/Adjective/Misc,ل,7,1,2
لاش‌مرده,Noun/Adjective/Misc,ل,8,1,2
لاف‌زن,Noun/Adjective/Misc,ل,6,1,2
لاف‌زنی,Noun/Adjective/Misc,ل,7,1,2
لاله‌آباد,Noun/Adjective/Misc,ل,9,1,2
لاله‌زار,Noun/Adjective/Misc,ل,8,1,2
لانه‌زنبوری,Noun/Adjective/Misc,ل,11,1,2
لانه‌سازی,Noun/Adjective/Misc,ل,9,1,2
لاک‌زده,Noun/Adjective/Misc,ل,7,1,2
لاک‌پشت,Noun/Adjective/Misc,ل,7,1,2
لایه‌برداری,Noun/Adjective/Misc,ل,11,1,2
لایه‌بندی,Noun/Adjective/Misc,ل,9,1,2
لباس‌به‌تن,Noun/Adjective/Misc,ل,10,1,3
لباس‌زیر,Noun/Adjective/Misc,ل,8,1,2
لباس‌شویی,Noun/Adjective/Misc,ل,9,1,2
لبنانی‌تبار,Noun/Adjective/Misc,ل,11,1,2
لبه‌دار,Noun/Adjective/Misc,ل,7,1,2
لبیک‌گو,Noun/Adjective/Misc,ل,7,1,2
لب‌بسته,Noun/Adjective/Misc,ل,7,1,2
لب‌تشنه,Noun/Adjective/Misc,ل,7,1,2
لب‌خوانی,Noun/Adjective/Misc,ل,8,1,2
لب‌سوز,Noun/Adjective/Misc,ل,6,1,2
لب‌شکری,Noun/Adjective/Misc,ل,7,1,2
لب‌پریده,Noun/Adjective/Misc,ل,8,1,2
لب‌پریدگی,Noun/Adjective/Misc,ل,9,1,2
لت‌وپار,Noun/Adjective/Misc,ل,7,1,2
لجاجت‌آمیز,Noun/Adjective/Misc,ل,10,1,2
لجام‌گسیخته,Noun/Adjective/Misc,ل,11,1,2
لجام‌گسیختگی,Noun/Adjective/Misc,ل,12,1,2
لجن‌زار,Noun/Adjective/Misc,ل,7,1,2
لجن‌مال,Noun/Adjective/Misc,ل,7,1,2
لج‌باز,Noun/Adjective/Misc,ل,6,1,2
لحاف‌دوز,Noun/Adjective/Misc,ل,8,1,2
لحظه‌شمار,Noun/Adjective/Misc,ل,9,1,2
لحظه‌شماری,Noun/Adjective/Misc,ل,10,1,2
لحظه‌لحظه,Noun/Adjective/Misc,ل,9,1,2
لحیم‌کاری,Noun/Adjective/Misc,ل,9,1,2
لذت‌آور,Noun/Adjective/Misc,ل,7,1,2
لذت‌بخش,Noun/Adjective/Misc,ل,7,1,2
لذت‌جو,Noun/Adjective/Misc,ل,6,1,2
لذت‌جویی,Noun/Adjective/Misc,ل,8,1,2
لرزه‌خیز,Noun/Adjective/Misc,ل,8,1,2
لرزه‌خیزی,Noun/Adjective/Misc,ل,9,1,2
لرزه‌نگار,Noun/Adjective/Misc,ل,9,1,2
لرزه‌نگاری,Noun/Adjective/Misc,ل,10,1,2
لسان‌الغیب,Noun/Adjective/Misc,ل,10,1,2
لس‌آنجلس,Noun/Adjective/Misc,ل,8,1,2
لطایف‌الحیل,Noun/Adjective/Misc,ل,11,1,2
لطف‌آمیز,Noun/Adjective/Misc,ل,8,1,2
لطف‌الله,Noun/Adjective/Misc,ل,8,1,2
لطیفه‌گو,Noun/Adjective/Misc,ل,8,1,2
لطیفه‌گویی,Noun/Adjective/Misc,ل,10,1,2
لعاب‌دار,Noun/Adjective/Misc,ل,8,1,2
لعنت‌آمیز,Noun/Adjective/Misc,ل,9,1,2
لعنه‌الله,Noun/Adjective/Misc,ل,9,1,2
لغت‌سازی,Noun/Adjective/Misc,ل,8,1,2
لغت‌نامه,Noun/Adjective/Misc,ل,8,1,2
لغزش‌ناپذیر,Noun/Adjective/Misc,ل,11,1,2
لغزش‌پذیر,Noun/Adjective/Misc,ل,9,1,2
لفظ‌پردازی,Noun/Adjective/Misc,ل,10,1,2
لم‌داده,Noun/Adjective/Misc,ل,7,1,2
لم‌یزرع,Noun/Adjective/Misc,ل,7,1,2
لنت‌کوبی,Noun/Adjective/Misc,ل,8,1,2
لنگان‌لنگان,Noun/Adjective/Misc,ل,11,1,2
لنگ‌دراز,Noun/Adjective/Misc,ل,8,1,2
لنگ‌لنگان,Noun/Adjective/Misc,ل,9,1,2
لنگ‌وپاچه,Noun/Adjective/Misc,ل,9,1,2
لنین‌گراد,Noun/Adjective/Misc,ل,9,1,2
له‌شده,Noun/Adjective/Misc,ل,6,1,2
له‌شدگی,Noun/Adjective/Misc,ل,7,1,2
له‌له,Noun/Adjective/Misc,ل,5,1,2
لوازم‌التحریر,Noun/Adjective/Misc,ل,13,1,2
لوازم‌التحریرفروش,Noun/Adjective/Misc,ل,17,1,2
لوس‌آنجلس,Noun/Adjective/Misc,ل,9,1,2
لوس‌بازی,Noun/Adjective/Misc,ل,8,1,2
لوطی‌بازی,Noun/Adjective/Misc,ل,9,1,2
لوطی‌خور,Noun/Adjective/Misc,ل,8,1,2
لوطی‌گری,Noun/Adjective/Misc,ل,8,1,2
لوله‌بازکن,Noun/Adjective/Misc,ل,10,1,2
لوله‌سازی,Noun/Adjective/Misc,ل,9,1,2
لوله‌شکل,Noun/Adjective/Misc,ل,8,1,2
لوله‌کش,Noun/Adjective/Misc,ل,7,1,2
لوله‌کشی,Noun/Adjective/Misc,ل,8,1,2
لوله‌گذاری,Noun/Adjective/Misc,ل,10,1,2
لپ‌تاپ,Noun/Adjective/Misc,ل,6,1,2
لکه‌دار,Noun/Adjective/Misc,ل,7,1,2
لکه‌گذاری,Noun/Adjective/Misc,ل,9,1,2
لکه‌گیر,Noun/Adjective/Misc,ل,7,1,2
لکه‌گیری,Noun/Adjective/Misc,ل,8,1,2
لک‌زده,Noun/Adjective/Misc,ل,6,1,2
لک‌لک,Noun/Adjective/Misc,ل,5,1,2
لیختن‌اشتاین,Noun/Adjective/Misc,ل,12,1,2
لیله‌القدر,Noun/Adjective/Misc,ل,10,1,2
لیلی‌پوت,Noun/Adjective/Misc,ل,8,1,2
لیمویی‌رنگ,Noun/Adjective/Misc,ل,10,1,2
لی‌لی,Noun/Adjective/Misc,ل,5,1,2
لانه‌گذاری,Noun/Adjective/Misc,ل,10,1,2
لانگ‌شات,Noun/Adjective/Misc,ل,8,1,2
لباس‌شخصی,Noun/Adjective/Misc,ل,9,1,2
لذت‌پرست,Noun/Adjective/Misc,ل,8,1,2
لذت‌پرستی,Noun/Adjective/Misc,ل,9,1,2
لغت‌شناسان,Noun/Adjective/Misc,ل,10,1,2
لنج‌دار,Noun/Adjective/Misc,ل,7,1,2
لوس‌آلاموس,Noun/Adjective/Misc,ل,10,1,2
لپ‌هایت,Noun/Adjective/Misc,ل,7,1,2
لکه‌زدایی,Noun/Adjective/Misc,ل,9,1,2
لیست‌گذاری,Noun/Adjective/Misc,ل,10,1,2
لاخه‌دوز,Noun/Adjective/Misc,ل,8,1,2
لاله‌گون,Noun/Adjective/Misc,ل,8,1,2
لاله‌نعمان,Noun/Adjective/Misc,ل,10,1,2
لاله‌وش,Noun/Adjective/Misc,ل,7,1,2
لانه‌فساد,Noun/Adjective/Misc,ل,9,1,2
لایه‌ای,Noun/Adjective/Misc,ل,7,1,2
لایه‌لایه,Noun/Adjective/Misc,ل,9,1,2
لحاف‌کش,Noun/Adjective/Misc,ل,7,1,2
لخت‌لخت,Noun/Adjective/Misc,ل,7,1,2
لطیف‌تن,Noun/Adjective/Misc,ل,7,1,2
لطیفه‌پرداز,Noun/Adjective/Misc,ل,11,1,2
لعبت‌باز,Noun/Adjective/Misc,ل,8,1,2
لوری‌وش,Noun/Adjective/Misc,ل,7,1,2
مآل‌اندیشی,Noun/Adjective/Misc,م,10,1,2
مأیوس‌کننده,Noun/Adjective/Misc,م,11,1,2
مؤذن‌زاده,Noun/Adjective/Misc,م,9,1,2
مابه‌التفاوت,Noun/Adjective/Misc,م,12,1,2
ماتم‌دیده,Noun/Adjective/Misc,م,9,1,2
ماتم‌زده,Noun/Adjective/Misc,م,8,1,2
ماتم‌زدگی,Noun/Adjective/Misc,م,9,1,2
ماتم‌سرا,Noun/Adjective/Misc,م,8,1,2
مادام‌العمر,Noun/Adjective/Misc,م,11,1,2
ماده‌ببر,Noun/Adjective/Misc,م,8,1,2
ماده‌سگ,Noun/Adjective/Misc,م,7,1,2
ماده‌شیر,Noun/Adjective/Misc,م,8,1,2
ماده‌گاو,Noun/Adjective/Misc,م,8,1,2
ماده‌گرگ,Noun/Adjective/Misc,م,8,1,2
مادون‌قرمز,Noun/Adjective/Misc,م,10,1,2
مادی‌گرا,Noun/Adjective/Misc,م,8,1,2
مادی‌گرایی,Noun/Adjective/Misc,م,10,1,2
مارک‌دار,Noun/Adjective/Misc,م,8,1,2
ماری‌جوانا,Noun/Adjective/Misc,م,10,1,2
ماست‌بند,Noun/Adjective/Misc,م,8,1,2
ماست‌بندی,Noun/Adjective/Misc,م,9,1,2
ماست‌خوری,Noun/Adjective/Misc,م,9,1,2
ماست‌مالی,Noun/Adjective/Misc,م,9,1,2
ماسه‌زار,Noun/Adjective/Misc,م,8,1,2
ماسه‌سنگ,Noun/Adjective/Misc,م,8,1,2
ماشین‌آلات,Noun/Adjective/Misc,م,10,1,2
ماشین‌افزار,Noun/Adjective/Misc,م,11,1,2
ماشین‌تحریر,Noun/Adjective/Misc,م,11,1,2
ماشین‌حساب,Noun/Adjective/Misc,م,10,1,2
ماشین‌رو,Noun/Adjective/Misc,م,8,1,2
ماشین‌سازی,Noun/Adjective/Misc,م,10,1,2
ماشین‌سواری,Noun/Adjective/Misc,م,11,1,2
ماشین‌نویس,Noun/Adjective/Misc,م,10,1,2
ماشین‌نویسی,Noun/Adjective/Misc,م,11,1,2
ماشین‌وار,Noun/Adjective/Misc,م,9,1,2
ماشین‌کاری,Noun/Adjective/Misc,م,10,1,2
ماشی‌رنگ,Noun/Adjective/Misc,م,8,1,2
مالیات‌بندی,Noun/Adjective/Misc,م,11,1,2
مالیات‌بگیر,Noun/Adjective/Misc,م,11,1,2
مالیات‌دهنده,Noun/Adjective/Misc,م,12,1,2
مال‌الاجاره,Noun/Adjective/Misc,م,11,1,2
مال‌التجاره,Noun/Adjective/Misc,م,11,1,2
مال‌اندوز,Noun/Adjective/Misc,م,9,1,2
مال‌اندوزی,Noun/Adjective/Misc,م,10,1,2
مال‌باخته,Noun/Adjective/Misc,م,9,1,2
مال‌خر,Noun/Adjective/Misc,م,6,1,2
مال‌رو,Noun/Adjective/Misc,م,6,1,2
مال‌ومنال,Noun/Adjective/Misc,م,9,1,2
مال‌پرست,Noun/Adjective/Misc,م,8,1,2
مال‌پرستی,Noun/Adjective/Misc,م,9,1,2
مامان‌بزرگ,Noun/Adjective/Misc,م,10,1,2
مانع‌تراشی,Noun/Adjective/Misc,م,10,1,2
مانع‌شدن,Noun/Adjective/Misc,م,8,1,2
مانع‌گذاری,Noun/Adjective/Misc,م,10,1,2
ماهوت‌پاک‌کن,Noun/Adjective/Misc,م,12,1,3
ماهی‌تابه,Noun/Adjective/Misc,م,9,1,2
ماهی‌خوار,Noun/Adjective/Misc,م,9,1,2
ماهی‌فروش,Noun/Adjective/Misc,م,9,1,2
ماه‌رو,Noun/Adjective/Misc,م,6,1,2
ماه‌شهر,Noun/Adjective/Misc,م,7,1,2
ماه‌عسل,Noun/Adjective/Misc,م,7,1,2
ماه‌نامه,Noun/Adjective/Misc,م,8,1,2
ماه‌نشان,Noun/Adjective/Misc,م,8,1,2
ماه‌پاره,Noun/Adjective/Misc,م,8,1,2
ماه‌گرفته,Noun/Adjective/Misc,م,9,1,2
ماه‌گرفتگی,Noun/Adjective/Misc,م,10,1,2
مایع‌شده,Noun/Adjective/Misc,م,8,1,2
مایل‌شدن,Noun/Adjective/Misc,م,8,1,2
مایه‌تیله,Noun/Adjective/Misc,م,9,1,2
مایه‌خمیر,Noun/Adjective/Misc,م,9,1,2
مایه‌دار,Noun/Adjective/Misc,م,8,1,2
مایه‌پنیر,Noun/Adjective/Misc,م,9,1,2
مایه‌کاری,Noun/Adjective/Misc,م,9,1,2
مایه‌کوبی,Noun/Adjective/Misc,م,9,1,2
مبارزه‌جو,Noun/Adjective/Misc,م,9,1,2
مبارزه‌جویانه,Noun/Adjective/Misc,م,13,1,2
مبارزه‌جویی,Noun/Adjective/Misc,م,11,1,2
مبارزه‌طلبانه,Noun/Adjective/Misc,م,13,1,2
مبارزه‌طلبی,Noun/Adjective/Misc,م,11,1,2
مبارک‌آباد,Noun/Adjective/Misc,م,10,1,2
مبالغه‌آمیز,Noun/Adjective/Misc,م,11,1,2
مبایعه‌نامه,Noun/Adjective/Misc,م,11,1,2
مبل‌ساز,Noun/Adjective/Misc,م,7,1,2
مبل‌سازی,Noun/Adjective/Misc,م,8,1,2
مبل‌فروش,Noun/Adjective/Misc,م,8,1,2
مبل‌فروشی,Noun/Adjective/Misc,م,9,1,2
مبهم‌گویی,Noun/Adjective/Misc,م,9,1,2
مبهوت‌کننده,Noun/Adjective/Misc,م,11,1,2
متحرک‌سازی,Noun/Adjective/Misc,م,10,1,2
متروک‌شده,Noun/Adjective/Misc,م,9,1,2
متساوی‌الاضلاع,Noun/Adjective/Misc,م,14,1,2
متساوی‌الساقین,Noun/Adjective/Misc,م,14,1,2
متصل‌کننده,Noun/Adjective/Misc,م,10,1,2
متعادل‌سازی,Noun/Adjective/Misc,م,11,1,2
متعادل‌کننده,Noun/Adjective/Misc,م,12,1,2
متفق‌القول,Noun/Adjective/Misc,م,10,1,2
متلاشی‌شده,Noun/Adjective/Misc,م,10,1,2
متلک‌گو,Noun/Adjective/Misc,م,7,1,2
متلک‌گویی,Noun/Adjective/Misc,م,9,1,2
متمم‌ساز,Noun/Adjective/Misc,م,8,1,2
متناسب‌سازی,Noun/Adjective/Misc,م,11,1,2
متن‌خوانی,Noun/Adjective/Misc,م,9,1,2
متوازی‌الاضلاع,Noun/Adjective/Misc,م,14,1,2
متوازی‌السطوح,Noun/Adjective/Misc,م,13,1,2
متوقف‌شده,Noun/Adjective/Misc,م,9,1,2
متکلّم‌وحده,Noun/Adjective/Misc,م,11,1,2
مثال‌زدنی,Noun/Adjective/Misc,م,9,1,2
مثال‌محور,Noun/Adjective/Misc,م,9,1,2
مثبت‌گرا,Noun/Adjective/Misc,م,8,1,2
مثنوی‌خوانی,Noun/Adjective/Misc,م,11,1,2
مجاب‌کننده,Noun/Adjective/Misc,م,10,1,2
مجادله‌آمیز,Noun/Adjective/Misc,م,11,1,2
مجذوب‌کننده,Noun/Adjective/Misc,م,11,1,2
مجری‌گری,Noun/Adjective/Misc,م,8,1,2
مجسمه‌تراش,Noun/Adjective/Misc,م,10,1,2
مجسمه‌ساز,Noun/Adjective/Misc,م,9,1,2
مجسمه‌سازی,Noun/Adjective/Misc,م,10,1,2
مجلس‌آرا,Noun/Adjective/Misc,م,8,1,2
مجلس‌آرایی,Noun/Adjective/Misc,م,10,1,2
مجله‌خوان,Noun/Adjective/Misc,م,9,1,2
مجمع‌البیان,Noun/Adjective/Misc,م,11,1,2
مجمع‌الجزایر,Noun/Adjective/Misc,م,12,1,2
مجموعه‌دار,Noun/Adjective/Misc,م,10,1,2
مجموعه‌سازی,Noun/Adjective/Misc,م,11,1,2
مجهول‌المکان,Noun/Adjective/Misc,م,12,1,2
مجهول‌الهویه,Noun/Adjective/Misc,م,12,1,2
مجهول‌ساز,Noun/Adjective/Misc,م,9,1,2
محاسبه‌شده,Noun/Adjective/Misc,م,10,1,2
محاسبه‌ناپذیر,Noun/Adjective/Misc,م,13,1,2
محاسبه‌گر,Noun/Adjective/Misc,م,9,1,2
محاصره‌شده,Noun/Adjective/Misc,م,10,1,2
محافظت‌شده,Noun/Adjective/Misc,م,10,1,2
محافظت‌کننده,Noun/Adjective/Misc,م,12,1,2
محافظه‌کار,Noun/Adjective/Misc,م,10,1,2
محافظه‌کارانه,Noun/Adjective/Misc,م,13,1,2
محاکمه‌کننده,Noun/Adjective/Misc,م,12,1,2
محبت‌آمیز,Noun/Adjective/Misc,م,9,1,2
محرم‌الحرام,Noun/Adjective/Misc,م,11,1,2
محرومیت‌زدایی,Noun/Adjective/Misc,م,13,1,2
محروم‌کننده,Noun/Adjective/Misc,م,11,1,2
محسن‌آباد,Noun/Adjective/Misc,م,9,1,2
محفل‌نشین,Noun/Adjective/Misc,م,9,1,2
محنت‌بار,Noun/Adjective/Misc,م,8,1,2
محنت‌زده,Noun/Adjective/Misc,م,8,1,2
محنت‌کشیده,Noun/Adjective/Misc,م,10,1,2
محوطه‌سازی,Noun/Adjective/Misc,م,10,1,2
محکمه‌پسند,Noun/Adjective/Misc,م,10,1,2
محکم‌کاری,Noun/Adjective/Misc,م,9,1,2
محکوم‌سازی,Noun/Adjective/Misc,م,10,1,2
محکوم‌شده,Noun/Adjective/Misc,م,9,1,2
محیط‌بان,Noun/Adjective/Misc,م,8,1,2
محیط‌زیست,Noun/Adjective/Misc,م,9,1,2
محی‌الدین,Noun/Adjective/Misc,م,9,1,2
مخاطره‌آمیز,Noun/Adjective/Misc,م,11,1,2
مخاطره‌جو,Noun/Adjective/Misc,م,9,1,2
مخالفت‌کننده,Noun/Adjective/Misc,م,12,1,2
مختلف‌الجهت,Noun/Adjective/Misc,م,11,1,2
مختل‌کننده,Noun/Adjective/Misc,م,10,1,2
مخدوش‌کننده,Noun/Adjective/Misc,م,11,1,2
مخزن‌الاسرار,Noun/Adjective/Misc,م,12,1,2
مخغی‌گاه,Noun/Adjective/Misc,م,8,1,2
مخفی‌شده,Noun/Adjective/Misc,م,8,1,2
مخفی‌نموده,Noun/Adjective/Misc,م,10,1,2
مخفی‌کاری,Noun/Adjective/Misc,م,9,1,2
مخلوط‌کن,Noun/Adjective/Misc,م,8,1,2
مداخله‌جویانه,Noun/Adjective/Misc,م,13,1,2
مداخله‌گر,Noun/Adjective/Misc,م,9,1,2
مداخله‌گرایی,Noun/Adjective/Misc,م,12,1,2
مدادپاک‌کن,Noun/Adjective/Misc,م,10,1,2
مدال‌آور,Noun/Adjective/Misc,م,8,1,2
مدت‌دار,Noun/Adjective/Misc,م,7,1,2
مدح‌کننده,Noun/Adjective/Misc,م,9,1,2
مدرسه‌ساز,Noun/Adjective/Misc,م,9,1,2
مدرسه‌سازی,Noun/Adjective/Misc,م,10,1,2
مدرنیزه‌سازی,Noun/Adjective/Misc,م,12,1,2
مدرک‌گرایی,Noun/Adjective/Misc,م,10,1,2
مدظله‌العالی,Noun/Adjective/Misc,م,12,1,2
مدعی‌العموم,Noun/Adjective/Misc,م,11,1,2
مدفون‌شده,Noun/Adjective/Misc,م,9,1,2
مدل‌بالا,Noun/Adjective/Misc,م,8,1,2
مدل‌سازی,Noun/Adjective/Misc,م,8,1,2
مدیحه‌سرا,Noun/Adjective/Misc,م,9,1,2
مدیحه‌سرایی,Noun/Adjective/Misc,م,11,1,2
مدیحه‌گو,Noun/Adjective/Misc,م,8,1,2
مذاکره‌کننده,Noun/Adjective/Misc,م,12,1,2
مراجعه‌کننده,Noun/Adjective/Misc,م,12,1,2
مراعات‌النظیر,Noun/Adjective/Misc,م,13,1,2
مراعات‌کننده,Noun/Adjective/Misc,م,12,1,2
مراقبت‌کننده,Noun/Adjective/Misc,م,12,1,2
مرام‌نامه,Noun/Adjective/Misc,م,9,1,2
مراوه‌تپه,Noun/Adjective/Misc,م,9,1,2
مربی‌گری,Noun/Adjective/Misc,م,8,1,2
مرتب‌سازی,Noun/Adjective/Misc,م,9,1,2
مرتب‌شده,Noun/Adjective/Misc,م,8,1,2
مرتب‌نشده,Noun/Adjective/Misc,م,9,1,2
مرتع‌دار,Noun/Adjective/Misc,م,8,1,2
مرتع‌داری,Noun/Adjective/Misc,م,9,1,2
مرتفع‌کننده,Noun/Adjective/Misc,م,11,1,2
مرثیه‌خوان,Noun/Adjective/Misc,م,10,1,2
مرثیه‌خوانی,Noun/Adjective/Misc,م,11,1,2
مرثیه‌سرا,Noun/Adjective/Misc,م,9,1,2
مرثیه‌سرایی,Noun/Adjective/Misc,م,11,1,2
مرجع‌نگار,Noun/Adjective/Misc,م,9,1,2
مرجع‌گزینی,Noun/Adjective/Misc,م,10,1,2
مرحله‌بندی,Noun/Adjective/Misc,م,10,1,2
مرحله‌به‌مرحله,Noun/Adjective/Misc,م,14,1,3
مرحمت‌آباد,Noun/Adjective/Misc,م,10,1,2
مردم‌آزار,Noun/Adjective/Misc,م,9,1,2
مردم‌آزاری,Noun/Adjective/Misc,م,10,1,2
مردم‌باوری,Noun/Adjective/Misc,م,10,1,2
مردم‌دار,Noun/Adjective/Misc,م,8,1,2
مردم‌دوست,Noun/Adjective/Misc,م,9,1,2
مردم‌دوستی,Noun/Adjective/Misc,م,10,1,2
مردم‌سالار,Noun/Adjective/Misc,م,10,1,2
مردم‌سالارانه,Noun/Adjective/Misc,م,13,1,2
مردم‌سالاری,Noun/Adjective/Misc,م,11,1,2
مردم‌ستیز,Noun/Adjective/Misc,م,9,1,2
مردم‌ستیزی,Noun/Adjective/Misc,م,10,1,2
مردم‌شناس,Noun/Adjective/Misc,م,9,1,2
مردم‌شناسی,Noun/Adjective/Misc,م,10,1,2
مردم‌فریب,Noun/Adjective/Misc,م,9,1,2
مردم‌فریبی,Noun/Adjective/Misc,م,10,1,2
مردم‌پسند,Noun/Adjective/Misc,م,9,1,2
مردم‌گرا,Noun/Adjective/Misc,م,8,1,2
مردم‌گریز,Noun/Adjective/Misc,م,9,1,2
مرده‌شو,Noun/Adjective/Misc,م,7,1,2
مرده‌شور,Noun/Adjective/Misc,م,8,1,2
مرزبان‌نامه,Noun/Adjective/Misc,م,11,1,2
مرزن‌آباد,Noun/Adjective/Misc,م,9,1,2
مرصع‌پلو,Noun/Adjective/Misc,م,8,1,2
مرطوب‌کننده,Noun/Adjective/Misc,م,11,1,2
مرعوب‌سازی,Noun/Adjective/Misc,م,10,1,2
مرعوب‌کننده,Noun/Adjective/Misc,م,11,1,2
مرکب‌ساز,Noun/Adjective/Misc,م,8,1,2
مرکب‌سازی,Noun/Adjective/Misc,م,9,1,2
مرگ‌آور,Noun/Adjective/Misc,م,7,1,2
مرگ‌بار,Noun/Adjective/Misc,م,7,1,2
مرگ‌زا,Noun/Adjective/Misc,م,6,1,2
مرگ‌ومیر,Noun/Adjective/Misc,م,8,1,2
مریض‌احوال,Noun/Adjective/Misc,م,10,1,2
مریض‌خانه,Noun/Adjective/Misc,م,9,1,2
مریم‌آباد,Noun/Adjective/Misc,م,9,1,2
مزاحم‌شدن,Noun/Adjective/Misc,م,9,1,2
مزرعه‌دار,Noun/Adjective/Misc,م,9,1,2
مزه‌پرانی,Noun/Adjective/Misc,م,9,1,2
مسئله‌دار,Noun/Adjective/Misc,م,9,1,2
مسئله‌ساز,Noun/Adjective/Misc,م,9,1,2
مسئله‌سازی,Noun/Adjective/Misc,م,10,1,2
مسئولیت‌ناپذیر,Noun/Adjective/Misc,م,14,1,2
مسئولیت‌پذیر,Noun/Adjective/Misc,م,12,1,2
مسئولیت‌پذیری,Noun/Adjective/Misc,م,13,1,2
مسابقه‌دهنده,Noun/Adjective/Misc,م,12,1,2
مسالمت‌آمیز,Noun/Adjective/Misc,م,11,1,2
مسالمت‌جو,Noun/Adjective/Misc,م,9,1,2
مسالمت‌جویانه,Noun/Adjective/Misc,م,13,1,2
مستجاب‌الدعوه,Noun/Adjective/Misc,م,13,1,2
مستمری‌بگیر,Noun/Adjective/Misc,م,11,1,2
مستهلک‌شده,Noun/Adjective/Misc,م,10,1,2
مستوفی‌الممالک,Noun/Adjective/Misc,م,14,1,2
مست‌کننده,Noun/Adjective/Misc,م,9,1,2
مسخره‌آمیز,Noun/Adjective/Misc,م,10,1,2
مسخره‌بازی,Noun/Adjective/Misc,م,10,1,2
مسخ‌شده,Noun/Adjective/Misc,م,7,1,2
مسخ‌کننده,Noun/Adjective/Misc,م,9,1,2
مسرت‌بخش,Noun/Adjective/Misc,م,8,1,2
مسلمان‌نشین,Noun/Adjective/Misc,م,11,1,2
مسمومیت‌زا,Noun/Adjective/Misc,م,10,1,2
مسموم‌کننده,Noun/Adjective/Misc,م,11,1,2
مسکن‌ساز,Noun/Adjective/Misc,م,8,1,2
مسکن‌سازی,Noun/Adjective/Misc,م,9,1,2
مسی‌رنگ,Noun/Adjective/Misc,م,7,1,2
مس‌فروش,Noun/Adjective/Misc,م,7,1,2
مشابهت‌سازی,Noun/Adjective/Misc,م,11,1,2
مشابه‌سازی,Noun/Adjective/Misc,م,10,1,2
مشارکت‌جو,Noun/Adjective/Misc,م,9,1,2
مشارکت‌پذیری,Noun/Adjective/Misc,م,12,1,2
مشارکت‌کننده,Noun/Adjective/Misc,م,12,1,2
مشاطه‌گری,Noun/Adjective/Misc,م,9,1,2
مشاهده‌شده,Noun/Adjective/Misc,م,10,1,2
مشاهده‌پذیر,Noun/Adjective/Misc,م,11,1,2
مشاهده‌کننده,Noun/Adjective/Misc,م,12,1,2
مشایعت‌کننده,Noun/Adjective/Misc,م,12,1,2
مشبهٌ‌به,Noun/Adjective/Misc,م,8,1,2
مشبک‌کاری,Noun/Adjective/Misc,م,9,1,2
مشترک‌المنافع,Noun/Adjective/Misc,م,13,1,2
مشتری‌پسند,Noun/Adjective/Misc,م,10,1,2
مشتری‌گرا,Noun/Adjective/Misc,م,9,1,2
مشتعل‌شدن,Noun/Adjective/Misc,م,9,1,2
مشتق‌گیری,Noun/Adjective/Misc,م,9,1,2
مشت‌زن,Noun/Adjective/Misc,م,6,1,2
مشت‌زنی,Noun/Adjective/Misc,م,7,1,2
مشخص‌شده,Noun/Adjective/Misc,م,8,1,2
مشخص‌کننده,Noun/Adjective/Misc,م,10,1,2
مشروب‌خوار,Noun/Adjective/Misc,م,10,1,2
مشروب‌خواری,Noun/Adjective/Misc,م,11,1,2
مشروب‌فروشی,Noun/Adjective/Misc,م,11,1,2
مشروطه‌خواه,Noun/Adjective/Misc,م,11,1,2
مشروطه‌خواهی,Noun/Adjective/Misc,م,12,1,2
مشعل‌دار,Noun/Adjective/Misc,م,8,1,2
مشغولیت‌زا,Noun/Adjective/Misc,م,10,1,2
مشقت‌بار,Noun/Adjective/Misc,م,8,1,2
مشورت‌گرایی,Noun/Adjective/Misc,م,11,1,2
مشکل‌آفرین,Noun/Adjective/Misc,م,10,1,2
مشکل‌دار,Noun/Adjective/Misc,م,8,1,2
مشکل‌زا,Noun/Adjective/Misc,م,7,1,2
مشکل‌ساز,Noun/Adjective/Misc,م,8,1,2
مشکل‌پسند,Noun/Adjective/Misc,م,9,1,2
مشکل‌گشا,Noun/Adjective/Misc,م,8,1,2
مشکل‌گشایی,Noun/Adjective/Misc,م,10,1,2
مشکین‌دشت,Noun/Adjective/Misc,م,9,1,2
مشکین‌شهر,Noun/Adjective/Misc,م,9,1,2
مشکی‌رنگ,Noun/Adjective/Misc,م,8,1,2
مشک‌آگین,Noun/Adjective/Misc,م,8,1,2
مشک‌افشانی,Noun/Adjective/Misc,م,10,1,2
مشک‌بو,Noun/Adjective/Misc,م,6,1,2
مصاحبه‌کننده,Noun/Adjective/Misc,م,12,1,2
مصاحبه‌گر,Noun/Adjective/Misc,م,9,1,2
مصرف‌شده,Noun/Adjective/Misc,م,8,1,2
مصرف‌کننده,Noun/Adjective/Misc,م,10,1,2
مصرف‌گرایی,Noun/Adjective/Misc,م,10,1,2
مصری‌تبار,Noun/Adjective/Misc,م,9,1,2
مصطفی‌زاده,Noun/Adjective/Misc,م,10,1,2
مصلحت‌آمیز,Noun/Adjective/Misc,م,10,1,2
مصلحت‌اندیش,Noun/Adjective/Misc,م,11,1,2
مصلحت‌اندیشی,Noun/Adjective/Misc,م,12,1,2
مصلحت‌گرا,Noun/Adjective/Misc,م,9,1,2
مصون‌سازی,Noun/Adjective/Misc,م,9,1,2
مصیبت‌بار,Noun/Adjective/Misc,م,9,1,2
مصیبت‌خوان,Noun/Adjective/Misc,م,10,1,2
مصیبت‌دیده,Noun/Adjective/Misc,م,10,1,2
مصیبت‌زده,Noun/Adjective/Misc,م,9,1,2
مصیبت‌نامه,Noun/Adjective/Misc,م,10,1,2
مضافٌ‌الیه,Noun/Adjective/Misc,م,10,1,2
مضاف‌الیه,Noun/Adjective/Misc,م,9,1,2
مضمون‌آفرینی,Noun/Adjective/Misc,م,12,1,2
مطرح‌شدن,Noun/Adjective/Misc,م,8,1,2
مطرح‌شده,Noun/Adjective/Misc,م,8,1,2
مطلق‌گرا,Noun/Adjective/Misc,م,8,1,2
مطلق‌گرایی,Noun/Adjective/Misc,م,10,1,2
مظلوم‌نمایی,Noun/Adjective/Misc,م,11,1,2
معادل‌سازی,Noun/Adjective/Misc,م,10,1,2
معادل‌گذاری,Noun/Adjective/Misc,م,11,1,2
معادل‌یابی,Noun/Adjective/Misc,م,10,1,2
معامله‌شده,Noun/Adjective/Misc,م,10,1,2
معامله‌کننده,Noun/Adjective/Misc,م,12,1,2
معامله‌گر,Noun/Adjective/Misc,م,9,1,2
معامله‌گری,Noun/Adjective/Misc,م,10,1,2
معتدل‌کننده,Noun/Adjective/Misc,م,11,1,2
معجزه‌آسا,Noun/Adjective/Misc,م,9,1,2
معجزه‌وار,Noun/Adjective/Misc,م,9,1,2
معجزه‌گر,Noun/Adjective/Misc,م,8,1,2
معدل‌گیری,Noun/Adjective/Misc,م,9,1,2
معذرت‌خواهانه,Noun/Adjective/Misc,م,13,1,2
معذرت‌خواهی,Noun/Adjective/Misc,م,11,1,2
معرفت‌جو,Noun/Adjective/Misc,م,8,1,2
معرفت‌شناختی,Noun/Adjective/Misc,م,12,1,2
معرفت‌شناسانه,Noun/Adjective/Misc,م,13,1,2
معرفت‌شناسی,Noun/Adjective/Misc,م,11,1,2
معرفی‌شده,Noun/Adjective/Misc,م,9,1,2
معرفی‌نامه,Noun/Adjective/Misc,م,10,1,2
معرق‌کاری,Noun/Adjective/Misc,م,9,1,2
معرکه‌گردان,Noun/Adjective/Misc,م,11,1,2
معرکه‌گیر,Noun/Adjective/Misc,م,9,1,2
معرکه‌گیری,Noun/Adjective/Misc,م,10,1,2
معصیت‌کار,Noun/Adjective/Misc,م,9,1,2
معطل‌مانده,Noun/Adjective/Misc,م,10,1,2
معلوم‌الحال,Noun/Adjective/Misc,م,11,1,2
معنویت‌گرا,Noun/Adjective/Misc,م,10,1,2
معنی‌دار,Noun/Adjective/Misc,م,8,1,2
معین‌الدین,Noun/Adjective/Misc,م,10,1,2
معین‌شده,Noun/Adjective/Misc,م,8,1,2
مع‌الفارق,Noun/Adjective/Misc,م,9,1,2
مع‌الوصف,Noun/Adjective/Misc,م,8,1,2
مع‌ذلک,Noun/Adjective/Misc,م,6,1,2
مع‌هذا,Noun/Adjective/Misc,م,6,1,2
مغازه‌دار,Noun/Adjective/Misc,م,9,1,2
مغلطه‌آمیز,Noun/Adjective/Misc,م,10,1,2
مفاتیح‌الجنان,Noun/Adjective/Misc,م,13,1,2
مفتاح‌الفتوح,Noun/Adjective/Misc,م,12,1,2
مفتول‌سازی,Noun/Adjective/Misc,م,10,1,2
مفتون‌کننده,Noun/Adjective/Misc,م,11,1,2
مفصل‌بندی,Noun/Adjective/Misc,م,9,1,2
مفهوم‌سازی,Noun/Adjective/Misc,م,10,1,2
مفهوم‌پردازی,Noun/Adjective/Misc,م,12,1,2
مقابله‌جویانه,Noun/Adjective/Misc,م,13,1,2
مقابله‌کننده,Noun/Adjective/Misc,م,12,1,2
مقاطعه‌کار,Noun/Adjective/Misc,م,10,1,2
مقاطعه‌کاری,Noun/Adjective/Misc,م,11,1,2
مقاله‌نویس,Noun/Adjective/Misc,م,10,1,2
مقاله‌نویسی,Noun/Adjective/Misc,م,11,1,2
مقامه‌نویسی,Noun/Adjective/Misc,م,11,1,2
مقام‌خواه,Noun/Adjective/Misc,م,9,1,2
مقام‌خواهی,Noun/Adjective/Misc,م,10,1,2
مقام‌طلب,Noun/Adjective/Misc,م,8,1,2
مقام‌طلبی,Noun/Adjective/Misc,م,9,1,2
مقام‌پرست,Noun/Adjective/Misc,م,9,1,2
مقام‌پرستی,Noun/Adjective/Misc,م,10,1,2
مقاومت‌پذیر,Noun/Adjective/Misc,م,11,1,2
مقاومت‌کننده,Noun/Adjective/Misc,م,12,1,2
مقاوم‌سازی,Noun/Adjective/Misc,م,10,1,2
مقایسه‌شدن,Noun/Adjective/Misc,م,10,1,2
مقایسه‌گر,Noun/Adjective/Misc,م,9,1,2
مقبره‌سازی,Noun/Adjective/Misc,م,10,1,2
مقدس‌مآب,Noun/Adjective/Misc,م,8,1,2
مقدس‌نما,Noun/Adjective/Misc,م,8,1,2
مقدمه‌ساز,Noun/Adjective/Misc,م,9,1,2
مقدمه‌پردازی,Noun/Adjective/Misc,م,12,1,2
مقدمه‌چینی,Noun/Adjective/Misc,م,10,1,2
مقرنس‌سازی,Noun/Adjective/Misc,م,10,1,2
مقرنس‌کاری,Noun/Adjective/Misc,م,10,1,2
مقسومٌ‌علیه,Noun/Adjective/Misc,م,11,1,2
مقسوم‌علیه,Noun/Adjective/Misc,م,10,1,2
مقطعه‌دار,Noun/Adjective/Misc,م,9,1,2
مقطع‌نگار,Noun/Adjective/Misc,م,9,1,2
مقطوع‌النسل,Noun/Adjective/Misc,م,11,1,2
مقلب‌القلوب,Noun/Adjective/Misc,م,11,1,2
مقنعه‌بافی,Noun/Adjective/Misc,م,10,1,2
مقوله‌بندی,Noun/Adjective/Misc,م,10,1,2
مقیاس‌پذیر,Noun/Adjective/Misc,م,10,1,2
ملاحظه‌کارانه,Noun/Adjective/Misc,م,13,1,2
ملاحظه‌کاری,Noun/Adjective/Misc,م,11,1,2
ملاطفت‌آمیز,Noun/Adjective/Misc,م,11,1,2
ملاقات‌کننده,Noun/Adjective/Misc,م,12,1,2
ملالت‌بار,Noun/Adjective/Misc,م,9,1,2
ملال‌آور,Noun/Adjective/Misc,م,8,1,2
ملال‌انگیز,Noun/Adjective/Misc,م,10,1,2
ملامت‌نشدنی,Noun/Adjective/Misc,م,11,1,2
ملامت‌کش,Noun/Adjective/Misc,م,8,1,2
ملامت‌کنان,Noun/Adjective/Misc,م,10,1,2
ملت‌خواه,Noun/Adjective/Misc,م,8,1,2
ملت‌دوست,Noun/Adjective/Misc,م,8,1,2
ملت‌دوستی,Noun/Adjective/Misc,م,9,1,2
ملت‌سازی,Noun/Adjective/Misc,م,8,1,2
ملت‌گرایی,Noun/Adjective/Misc,م,9,1,2
ملخ‌خوار,Noun/Adjective/Misc,م,8,1,2
ملخ‌دار,Noun/Adjective/Misc,م,7,1,2
ملوک‌الطوایفی,Noun/Adjective/Misc,م,13,1,2
ملک‌آباد,Noun/Adjective/Misc,م,8,1,2
ملک‌الشعرا,Noun/Adjective/Misc,م,10,1,2
ملک‌الموت,Noun/Adjective/Misc,م,9,1,2
ملک‌زاده,Noun/Adjective/Misc,م,8,1,2
ملک‌مطیعی,Noun/Adjective/Misc,م,9,1,2
ملیت‌خواه,Noun/Adjective/Misc,م,9,1,2
ملیت‌خواهی,Noun/Adjective/Misc,م,10,1,2
ملیت‌گرایی,Noun/Adjective/Misc,م,10,1,2
ملیله‌دوز,Noun/Adjective/Misc,م,9,1,2
ملیله‌دوزی,Noun/Adjective/Misc,م,10,1,2
ملی‌پوش,Noun/Adjective/Misc,م,7,1,2
ملی‌گرا,Noun/Adjective/Misc,م,7,1,2
ملی‌گرایانه,Noun/Adjective/Misc,م,11,1,2
ملی‌گرایی,Noun/Adjective/Misc,م,9,1,2
ممتنع‌الوجود,Noun/Adjective/Misc,م,12,1,2
مملکت‌آرا,Noun/Adjective/Misc,م,9,1,2
مملکت‌آرایی,Noun/Adjective/Misc,م,11,1,2
مملکت‌داری,Noun/Adjective/Misc,م,10,1,2
ممنوع‌الخروج,Noun/Adjective/Misc,م,12,1,2
ممنوع‌الملاقات,Noun/Adjective/Misc,م,14,1,2
ممنوع‌الورود,Noun/Adjective/Misc,م,12,1,2
ممکن‌الوجود,Noun/Adjective/Misc,م,11,1,2
مناجات‌نامه,Noun/Adjective/Misc,م,11,1,2
مناسب‌سازی,Noun/Adjective/Misc,م,10,1,2
منافق‌پیشه,Noun/Adjective/Misc,م,10,1,2
مناقشه‌انگیز,Noun/Adjective/Misc,م,12,1,2
مناقشه‌گر,Noun/Adjective/Misc,م,9,1,2
مناقصه‌گذار,Noun/Adjective/Misc,م,11,1,2
منبت‌کار,Noun/Adjective/Misc,م,8,1,2
منبت‌کاری,Noun/Adjective/Misc,م,9,1,2
منبسط‌شده,Noun/Adjective/Misc,م,9,1,2
منتخب‌شده,Noun/Adjective/Misc,م,9,1,2
منتقل‌شده,Noun/Adjective/Misc,م,9,1,2
منتقل‌کننده,Noun/Adjective/Misc,م,11,1,2
منتهی‌الیه,Noun/Adjective/Misc,م,10,1,2
منت‌پذیر,Noun/Adjective/Misc,م,8,1,2
منت‌کش,Noun/Adjective/Misc,م,6,1,2
منت‌گذار,Noun/Adjective/Misc,م,8,1,2
منت‌گذاری,Noun/Adjective/Misc,م,9,1,2
منجم‌باشی,Noun/Adjective/Misc,م,9,1,2
منجوق‌دوزی,Noun/Adjective/Misc,م,10,1,2
منحرف‌سازی,Noun/Adjective/Misc,م,10,1,2
منحرف‌شده,Noun/Adjective/Misc,م,9,1,2
منحرف‌کننده,Noun/Adjective/Misc,م,11,1,2
منحصربه‌فرد,Noun/Adjective/Misc,م,11,1,2
منزل‌داری,Noun/Adjective/Misc,م,9,1,2
منزوی‌سازی,Noun/Adjective/Misc,م,10,1,2
منزوی‌شده,Noun/Adjective/Misc,م,9,1,2
منسوخ‌شده,Noun/Adjective/Misc,م,9,1,2
منشی‌زاده,Noun/Adjective/Misc,م,9,1,2
منصوب‌شده,Noun/Adjective/Misc,م,9,1,2
منطبق‌کننده,Noun/Adjective/Misc,م,11,1,2
منطقة‌البروج,Noun/Adjective/Misc,م,12,1,2
منطقه‌گرایی,Noun/Adjective/Misc,م,11,1,2
منطق‌الطیر,Noun/Adjective/Misc,م,10,1,2
منطق‌پذیری,Noun/Adjective/Misc,م,10,1,2
منطق‌گرایی,Noun/Adjective/Misc,م,10,1,2
منظره‌پرداز,Noun/Adjective/Misc,م,11,1,2
منعکس‌شده,Noun/Adjective/Misc,م,9,1,2
منعکس‌کننده,Noun/Adjective/Misc,م,11,1,2
منع‌کننده,Noun/Adjective/Misc,م,9,1,2
منفعت‌جو,Noun/Adjective/Misc,م,8,1,2
منفعت‌جویانه,Noun/Adjective/Misc,م,12,1,2
منفعت‌طلب,Noun/Adjective/Misc,م,9,1,2
منفعت‌طلبی,Noun/Adjective/Misc,م,10,1,2
منفعت‌پرست,Noun/Adjective/Misc,م,10,1,2
منفعت‌پرستی,Noun/Adjective/Misc,م,11,1,2
منفعت‌گرا,Noun/Adjective/Misc,م,9,1,2
منفعل‌کننده,Noun/Adjective/Misc,م,11,1,2
منفی‌باف,Noun/Adjective/Misc,م,8,1,2
منفی‌بافی,Noun/Adjective/Misc,م,9,1,2
منفی‌ساز,Noun/Adjective/Misc,م,8,1,2
منفی‌گرایانه,Noun/Adjective/Misc,م,12,1,2
منقبض‌شده,Noun/Adjective/Misc,م,9,1,2
منقرض‌شده,Noun/Adjective/Misc,م,9,1,2
منقطع‌النسل,Noun/Adjective/Misc,م,11,1,2
منهدم‌کننده,Noun/Adjective/Misc,م,11,1,2
منگوله‌دار,Noun/Adjective/Misc,م,10,1,2
من‌بعد,Noun/Adjective/Misc,م,6,1,2
من‌جمله,Noun/Adjective/Misc,م,7,1,2
من‌درآوردی,Noun/Adjective/Misc,م,10,1,2
من‌من,Noun/Adjective/Misc,م,5,1,2
من‌من‌کنان,Noun/Adjective/Misc,م,10,1,3
مهارت‌آموزی,Noun/Adjective/Misc,م,11,1,2
مهارت‌یابی,Noun/Adjective/Misc,م,10,1,2
مهارت‌یافته,Noun/Adjective/Misc,م,11,1,2
مهدی‌آباد,Noun/Adjective/Misc,م,9,1,2
مهدی‌شهر,Noun/Adjective/Misc,م,8,1,2
مهران‌رود,Noun/Adjective/Misc,م,9,1,2
مهره‌دار,Noun/Adjective/Misc,م,8,1,2
مهلت‌دار,Noun/Adjective/Misc,م,8,1,2
مهمات‌سازی,Noun/Adjective/Misc,م,10,1,2
مهمانخانه‌دار,Noun/Adjective/Misc,م,13,1,2
مهمان‌خانه,Noun/Adjective/Misc,م,10,1,2
مهمان‌دار,Noun/Adjective/Misc,م,9,1,2
مهمان‌داری,Noun/Adjective/Misc,م,10,1,2
مهمان‌دوست,Noun/Adjective/Misc,م,10,1,2
مهمان‌دوستی,Noun/Adjective/Misc,م,11,1,2
مهمان‌سرا,Noun/Adjective/Misc,م,9,1,2
مهمان‌نواز,Noun/Adjective/Misc,م,10,1,2
مهمان‌نوازی,Noun/Adjective/Misc,م,11,1,2
مهمان‌پذیر,Noun/Adjective/Misc,م,10,1,2
مهمان‌پذیری,Noun/Adjective/Misc,م,11,1,2
مهمان‌پرست,Noun/Adjective/Misc,م,10,1,2
مهمان‌پرستی,Noun/Adjective/Misc,م,11,1,2
مهمل‌گو,Noun/Adjective/Misc,م,7,1,2
مهم‌سازی,Noun/Adjective/Misc,م,8,1,2
مه‌آلود,Noun/Adjective/Misc,م,7,1,2
مه‌بانگ,Noun/Adjective/Misc,م,7,1,2
مه‌لقا,Noun/Adjective/Misc,م,6,1,2
مه‌پاره,Noun/Adjective/Misc,م,7,1,2
مواجه‌شدن,Noun/Adjective/Misc,م,9,1,2
موازنه‌شده,Noun/Adjective/Misc,م,10,1,2
موازی‌سازی,Noun/Adjective/Misc,م,10,1,2
موافقت‌آمیز,Noun/Adjective/Misc,م,11,1,2
موافقت‌نامه,Noun/Adjective/Misc,م,11,1,2
موافقت‌کردن,Noun/Adjective/Misc,م,11,1,2
موبه‌مو,Noun/Adjective/Misc,م,7,1,2
موتورسیکلت‌ران,Noun/Adjective/Misc,م,14,1,2
موتورسیکلت‌ساز,Noun/Adjective/Misc,م,14,1,2
موتورسیکلت‌سازی,Noun/Adjective/Misc,م,15,1,2
موتورسیکلت‌سوار,Noun/Adjective/Misc,م,15,1,2
موج‌آفرین,Noun/Adjective/Misc,م,9,1,2
موج‌خیز,Noun/Adjective/Misc,م,7,1,2
موج‌دار,Noun/Adjective/Misc,م,7,1,2
موج‌زن,Noun/Adjective/Misc,م,6,1,2
موج‌سوار,Noun/Adjective/Misc,م,8,1,2
موج‌سواری,Noun/Adjective/Misc,م,9,1,2
موج‌شکن,Noun/Adjective/Misc,م,7,1,2
مودت‌آمیز,Noun/Adjective/Misc,م,9,1,2
مورداندازه‌گیری,Noun/Adjective/Misc,م,15,1,2
مورچه‌خوار,Noun/Adjective/Misc,م,10,1,2
مورچه‌خورت,Noun/Adjective/Misc,م,10,1,2
موزاییک‌سازی,Noun/Adjective/Misc,م,12,1,2
موزاییک‌کاری,Noun/Adjective/Misc,م,12,1,2
موزه‌دار,Noun/Adjective/Misc,م,8,1,2
موزون‌سازی,Noun/Adjective/Misc,م,10,1,2
موسیقی‌دان,Noun/Adjective/Misc,م,10,1,2
موسی‌الرضا,Noun/Adjective/Misc,م,10,1,2
موس‌موس,Noun/Adjective/Misc,م,7,1,2
موشک‌انداز,Noun/Adjective/Misc,م,10,1,2
موشک‌باران,Noun/Adjective/Misc,م,10,1,2
موشک‌سازی,Noun/Adjective/Misc,م,9,1,2
موشک‌پرانی,Noun/Adjective/Misc,م,10,1,2
موش‌خرما,Noun/Adjective/Misc,م,8,1,2
موش‌مرده,Noun/Adjective/Misc,م,8,1,2
موش‌مردگی,Noun/Adjective/Misc,م,9,1,2
موضع‌گیری,Noun/Adjective/Misc,م,9,1,2
موضوع‌پردازی,Noun/Adjective/Misc,م,12,1,2
موعظه‌گر,Noun/Adjective/Misc,م,8,1,2
موفقیت‌آمیز,Noun/Adjective/Misc,م,11,1,2
موقعیت‌سازی,Noun/Adjective/Misc,م,11,1,2
موقعیت‌شناس,Noun/Adjective/Misc,م,11,1,2
موقعیت‌شناسی,Noun/Adjective/Misc,م,12,1,2
موقعیت‌یاب,Noun/Adjective/Misc,م,10,1,2
موقع‌شناس,Noun/Adjective/Misc,م,9,1,2
موقع‌شناسی,Noun/Adjective/Misc,م,10,1,2
موقوف‌المعانی,Noun/Adjective/Misc,م,13,1,2
مولتی‌مدیا,Noun/Adjective/Misc,م,10,1,2
مولتی‌ویتامین,Noun/Adjective/Misc,م,13,1,2
مولودی‌خوانی,Noun/Adjective/Misc,م,12,1,2
مولوی‌شناس,Noun/Adjective/Misc,م,10,1,2
مولوی‌پژوهی,Noun/Adjective/Misc,م,11,1,2
مولی‌الموحدین,Noun/Adjective/Misc,م,13,1,2
مومن‌آباد,Noun/Adjective/Misc,م,9,1,2
مومیایی‌شده,Noun/Adjective/Misc,م,11,1,2
موم‌اندود,Noun/Adjective/Misc,م,9,1,2
موم‌ساز,Noun/Adjective/Misc,م,7,1,2
مونته‌نگرو,Noun/Adjective/Misc,م,10,1,2
مونت‌کارلو,Noun/Adjective/Misc,م,10,1,2
موکت‌بافی,Noun/Adjective/Misc,م,9,1,2
مویه‌کن,Noun/Adjective/Misc,م,7,1,2
مویه‌گر,Noun/Adjective/Misc,م,7,1,2
مچ‌گیری,Noun/Adjective/Misc,م,7,1,2
مژه‌دار,Noun/Adjective/Misc,م,7,1,2
مژک‌دار,Noun/Adjective/Misc,م,7,1,2
مکاشفه‌آمیز,Noun/Adjective/Misc,م,11,1,2
مکان‌سنجی,Noun/Adjective/Misc,م,9,1,2
مکان‌شناسی,Noun/Adjective/Misc,م,10,1,2
مکان‌نما,Noun/Adjective/Misc,م,8,1,2
مکان‌یاب,Noun/Adjective/Misc,م,8,1,2
مکان‌یابی,Noun/Adjective/Misc,م,9,1,2
مکتب‌خانه,Noun/Adjective/Misc,م,9,1,2
مکتب‌شناسی,Noun/Adjective/Misc,م,10,1,2
مکرمت‌آمیز,Noun/Adjective/Misc,م,10,1,2
مکرمه‌بافی,Noun/Adjective/Misc,م,10,1,2
مکرومه‌بافی,Noun/Adjective/Misc,م,11,1,2
مک‌دونالد,Noun/Adjective/Misc,م,9,1,2
مک‌کین,Noun/Adjective/Misc,م,6,1,2
مگس‌خوار,Noun/Adjective/Misc,م,8,1,2
مگس‌پرانی,Noun/Adjective/Misc,م,9,1,2
مگس‌کش,Noun/Adjective/Misc,م,6,1,2
میانجی‌گری,Noun/Adjective/Misc,م,10,1,2
میانه‌احوال,Noun/Adjective/Misc,م,11,1,2
میانه‌رو,Noun/Adjective/Misc,م,8,1,2
میانه‌روی,Noun/Adjective/Misc,م,9,1,2
میانگین‌گیری,Noun/Adjective/Misc,م,12,1,2
میان‌بر,Noun/Adjective/Misc,م,7,1,2
میان‌تهی,Noun/Adjective/Misc,م,8,1,2
میان‌دار,Noun/Adjective/Misc,م,8,1,2
میان‌داری,Noun/Adjective/Misc,م,9,1,2
میان‌دوره,Noun/Adjective/Misc,م,9,1,2
میان‌دوره‌ای,Noun/Adjective/Misc,م,12,1,3
میان‌دورود,Noun/Adjective/Misc,م,10,1,2
میان‌رشته‌ای,Noun/Adjective/Misc,م,12,1,3
میان‌رود,Noun/Adjective/Misc,م,8,1,2
میان‌سال,Noun/Adjective/Misc,م,8,1,2
میان‌سالی,Noun/Adjective/Misc,م,9,1,2
میان‌مایه,Noun/Adjective/Misc,م,9,1,2
میان‌مایگی,Noun/Adjective/Misc,م,10,1,2
میان‌مدت,Noun/Adjective/Misc,م,8,1,2
میان‌وند,Noun/Adjective/Misc,م,8,1,2
میان‌گذر,Noun/Adjective/Misc,م,8,1,2
میخ‌کش,Noun/Adjective/Misc,م,6,1,2
میخ‌کوب,Noun/Adjective/Misc,م,7,1,2
میدان‌دار,Noun/Adjective/Misc,م,9,1,2
میراث‌خوار,Noun/Adjective/Misc,م,10,1,2
میله‌دار,Noun/Adjective/Misc,م,8,1,2
میلیون‌تا,Noun/Adjective/Misc,م,9,1,2
میلیون‌گانه,Noun/Adjective/Misc,م,11,1,2
میلی‌آمپر,Noun/Adjective/Misc,م,9,1,2
میلی‌ثانیه,Noun/Adjective/Misc,م,10,1,2
میلی‌لیتر,Noun/Adjective/Misc,م,9,1,2
میلی‌متر,Noun/Adjective/Misc,م,8,1,2
میلی‌متری,Noun/Adjective/Misc,م,9,1,2
میلی‌گرم,Noun/Adjective/Misc,م,8,1,2
میل‌لنگ,Noun/Adjective/Misc,م,7,1,2
میل‌گرد,Noun/Adjective/Misc,م,7,1,2
میل‌گیری,Noun/Adjective/Misc,م,8,1,2
میمون‌باز,Noun/Adjective/Misc,م,9,1,2
مینه‌سوتا,Noun/Adjective/Misc,م,9,1,2
مینی‌بوس,Noun/Adjective/Misc,م,8,1,2
مینی‌بوس‌رانی,Noun/Adjective/Misc,م,13,1,3
مینی‌سیتی,Noun/Adjective/Misc,م,9,1,2
مینی‌ژوپ,Noun/Adjective/Misc,م,8,1,2
مین‌گذاری,Noun/Adjective/Misc,م,9,1,2
مین‌یاب,Noun/Adjective/Misc,م,7,1,2
میهمان‌خانه,Noun/Adjective/Misc,م,11,1,2
میهمان‌دار,Noun/Adjective/Misc,م,10,1,2
میهمان‌داری,Noun/Adjective/Misc,م,11,1,2
میهمان‌دوست,Noun/Adjective/Misc,م,11,1,2
میهمان‌نواز,Noun/Adjective/Misc,م,11,1,2
میهمان‌نوازی,Noun/Adjective/Misc,م,12,1,2
میهمان‌پذیری,Noun/Adjective/Misc,م,12,1,2
میهن‌خواه,Noun/Adjective/Misc,م,9,1,2
میهن‌خواهی,Noun/Adjective/Misc,م,10,1,2
میهن‌دوست,Noun/Adjective/Misc,م,9,1,2
میهن‌دوستی,Noun/Adjective/Misc,م,10,1,2
میهن‌پرست,Noun/Adjective/Misc,م,9,1,2
میهن‌پرستانه,Noun/Adjective/Misc,م,12,1,2
میهن‌پرستی,Noun/Adjective/Misc,م,10,1,2
میوه‌ای,Noun/Adjective/Misc,م,7,1,2
میوه‌جات,Noun/Adjective/Misc,م,8,1,2
میوه‌خوار,Noun/Adjective/Misc,م,9,1,2
میوه‌خور,Noun/Adjective/Misc,م,8,1,2
میوه‌خوری,Noun/Adjective/Misc,م,9,1,2
میوه‌دار,Noun/Adjective/Misc,م,8,1,2
میوه‌فروش,Noun/Adjective/Misc,م,9,1,2
میوه‌چین,Noun/Adjective/Misc,م,8,1,2
میوه‌چینی,Noun/Adjective/Misc,م,9,1,2
میکرب‌شناس,Noun/Adjective/Misc,م,10,1,2
میکرب‌شناسی,Noun/Adjective/Misc,م,11,1,2
میکروب‌زدایی,Noun/Adjective/Misc,م,12,1,2
میکروب‌شناس,Noun/Adjective/Misc,م,11,1,2
میکروب‌شناسی,Noun/Adjective/Misc,م,12,1,2
میکروب‌کشی,Noun/Adjective/Misc,م,10,1,2
میکل‌آنژ,Noun/Adjective/Misc,م,8,1,2
می‌توان,Noun/Adjective/Misc,م,7,1,2
می‌خانه,Noun/Adjective/Misc,م,7,1,2
می‌خوار,Noun/Adjective/Misc,م,7,1,2
می‌خواره,Noun/Adjective/Misc,م,8,1,2
می‌خوارگی,Noun/Adjective/Misc,م,9,1,2
می‌سی‌سی‌پی,Noun/Adjective/Misc,م,11,1,4
می‌شمرده‌است,Noun/Adjective/Misc,م,12,1,3
می‌فروش,Noun/Adjective/Misc,م,7,1,2
می‌گسار,Noun/Adjective/Misc,م,7,1,2
می‌گساری,Noun/Adjective/Misc,م,8,1,2
مأذن‌زاده,Noun/Adjective/Misc,م,9,1,2
ماده‌گرایی,Noun/Adjective/Misc,م,10,1,2
ماشاء‌الله,Noun/Adjective/Misc,م,10,1,2
مالکوم‌ایکس,Noun/Adjective/Misc,م,11,1,2
ماهی‌قرمز,Noun/Adjective/Misc,م,9,1,2
متر‌مربع,Noun/Adjective/Misc,م,8,1,2
مثبت‌اندیشی,Noun/Adjective/Misc,م,11,1,2
مثبت‌بینی,Noun/Adjective/Misc,م,9,1,2
مثنوی‌سرایی,Noun/Adjective/Misc,م,11,1,2
مجمع‌الشعرا,Noun/Adjective/Misc,م,11,1,2
مجموعه‌ساز,Noun/Adjective/Misc,م,10,1,2
مجوس‌زاده,Noun/Adjective/Misc,م,9,1,2
محافظه‌کاری,Noun/Adjective/Misc,م,11,1,2
محصول‌گرایی,Noun/Adjective/Misc,م,11,1,2
محکوم‌علیه,Noun/Adjective/Misc,م,10,1,2
مخاطب‌سازی,Noun/Adjective/Misc,م,10,1,2
مخروط‌دار,Noun/Adjective/Misc,م,9,1,2
مداخله‌گری,Noun/Adjective/Misc,م,10,1,2
مدال‌آوری,Noun/Adjective/Misc,م,9,1,2
مدت‌زمان,Noun/Adjective/Misc,م,8,1,2
مدل‌برداری,Noun/Adjective/Misc,م,10,1,2
مروان‌بن‌حکم,Noun/Adjective/Misc,م,12,1,3
مزخرف‌نویسی,Noun/Adjective/Misc,م,11,1,2
مزه‌مزه,Noun/Adjective/Misc,م,7,1,2
مسافت‌سنج,Noun/Adjective/Misc,م,9,1,2
مسلح‌کننده,Noun/Adjective/Misc,م,10,1,2
مشتری‌مداری,Noun/Adjective/Misc,م,11,1,2
مشروعیت‌زدایی,Noun/Adjective/Misc,م,13,1,2
مشکل‌تراشی,Noun/Adjective/Misc,م,10,1,2
مصلحت‌سنجی,Noun/Adjective/Misc,م,10,1,2
مطلق‌گرائی,Noun/Adjective/Misc,م,10,1,2
معراج‌الشهدا,Noun/Adjective/Misc,م,12,1,2
معنی‌بخشی,Noun/Adjective/Misc,م,9,1,2
مغرب‌زمین,Noun/Adjective/Misc,م,9,1,2
مغیره‌بن‌شعبه,Noun/Adjective/Misc,م,13,1,3
مقایسه‌کننده,Noun/Adjective/Misc,م,12,1,2
مقدس‌نمایی,Noun/Adjective/Misc,م,10,1,2
ملوک‌تاج,Noun/Adjective/Misc,م,8,1,2
منبع‌دهی,Noun/Adjective/Misc,م,8,1,2
منبع‌نویسی,Noun/Adjective/Misc,م,10,1,2
منتجب‌نی,Noun/Adjective/Misc,م,8,1,2
منتخب‌الاثر,Noun/Adjective/Misc,م,11,1,2
منتخب‌التواریخ,Noun/Adjective/Misc,م,14,1,2
منطقه‌البروج,Noun/Adjective/Misc,م,12,1,2
منطقه‌ای,Noun/Adjective/Misc,م,8,1,2
منظره‌سازی,Noun/Adjective/Misc,م,10,1,2
مهم‌ترین,Noun/Adjective/Misc,م,8,1,2
موضوع‌بندی,Noun/Adjective/Misc,م,10,1,2
موهوم‌پرستی,Noun/Adjective/Misc,م,11,1,2
مکزیکو‌سیتی,Noun/Adjective/Misc,م,11,1,2
مکه‌کولا,Noun/Adjective/Misc,م,8,1,2
میان‌ترم,Noun/Adjective/Misc,م,8,1,2
میان‌سالگی,Noun/Adjective/Misc,م,10,1,2
میثاق‌نامه,Noun/Adjective/Misc,م,10,1,2
میدان‌داری,Noun/Adjective/Misc,م,10,1,2
میزان‌الحکمه,Noun/Adjective/Misc,م,12,1,2
میلیون‌ها,Noun/Adjective/Misc,م,9,1,2
میلی‌میکرون,Noun/Adjective/Misc,م,11,1,2
میوه‌دهی,Noun/Adjective/Misc,م,8,1,2
مال‌اندیشانه,Noun/Adjective/Misc,م,12,1,2
مال‌اندیش,Noun/Adjective/Misc,م,9,1,2
مال‌اندیشی,Noun/Adjective/Misc,م,10,1,2
مات‌زده,Noun/Adjective/Misc,م,7,1,2
ماتم‌پرسی,Noun/Adjective/Misc,م,9,1,2
ماتم‌داری,Noun/Adjective/Misc,م,9,1,2
ماتم‌زا,Noun/Adjective/Misc,م,7,1,2
مات‌ومبهوت,Noun/Adjective/Misc,م,10,1,2
مادام‌الحیات,Noun/Adjective/Misc,م,12,1,2
مادربه‌خطا,Noun/Adjective/Misc,م,10,1,2
ماده‌گرا,Noun/Adjective/Misc,م,8,1,2
ماکت‌سازی,Noun/Adjective/Misc,م,9,1,2
مال‌دوست,Noun/Adjective/Misc,م,8,1,2
مالک‌سالاری,Noun/Adjective/Misc,م,11,1,2
ماه‌زده,Noun/Adjective/Misc,م,7,1,2
مایه‌دست,Noun/Adjective/Misc,م,8,1,2
مایه‌سوز,Noun/Adjective/Misc,م,8,1,2
مایه‌ور,Noun/Adjective/Misc,م,7,1,2
ماء‌الشعیر,Noun/Adjective/Misc,م,10,1,2
مبادی‌آداب,Noun/Adjective/Misc,م,10,1,2
مبارک‌پی,Noun/Adjective/Misc,م,8,1,2
متفق‌الرای,Noun/Adjective/Misc,م,10,1,2
متفق‌الکلمه,Noun/Adjective/Misc,م,11,1,2
متلون‌المزاج,Noun/Adjective/Misc,م,12,1,2
مجامله‌گر,Noun/Adjective/Misc,م,9,1,2
مجله‌مد,Noun/Adjective/Misc,م,7,1,2
مجنون‌وار,Noun/Adjective/Misc,م,9,1,2
مجهول‌الحال,Noun/Adjective/Misc,م,11,1,2
محال‌اندیش,Noun/Adjective/Misc,م,10,1,2
محبت‌خانه,Noun/Adjective/Misc,م,9,1,2
محتاج‌الیه,Noun/Adjective/Misc,م,10,1,2
محرومیت‌زا,Noun/Adjective/Misc,م,10,1,2
محرومیت‌زایی,Noun/Adjective/Misc,م,12,1,2
محصول‌برداری,Noun/Adjective/Misc,م,12,1,2
محفل‌آرا,Noun/Adjective/Misc,م,8,1,2
محک‌پذیر,Noun/Adjective/Misc,م,8,1,2
محمل‌نشین,Noun/Adjective/Misc,م,9,1,2
محنت‌آباد,Noun/Adjective/Misc,م,9,1,2
محنت‌پذیر,Noun/Adjective/Misc,م,9,1,2
محنت‌پذیری,Noun/Adjective/Misc,م,10,1,2
محنت‌زا,Noun/Adjective/Misc,م,7,1,2
محنت‌کش,Noun/Adjective/Misc,م,7,1,2
مخالف‌خوان,Noun/Adjective/Misc,م,10,1,2
مخالف‌خوانی,Noun/Adjective/Misc,م,11,1,2
مخفی‌گاه,Noun/Adjective/Misc,م,8,1,2
مداهنه‌گر,Noun/Adjective/Misc,م,9,1,2
مدح‌خوان,Noun/Adjective/Misc,م,8,1,2
مدح‌گو,Noun/Adjective/Misc,م,6,1,2
مدل‌ساز,Noun/Adjective/Misc,م,7,1,2
مدون‌سازی,Noun/Adjective/Misc,م,9,1,2
مذلت‌بار,Noun/Adjective/Misc,م,8,1,2
مرحمت‌آمیز,Noun/Adjective/Misc,م,10,1,2
مرده‌خوار,Noun/Adjective/Misc,م,9,1,2
مرده‌دل,Noun/Adjective/Misc,م,7,1,2
مرده‌ریگ,Noun/Adjective/Misc,م,8,1,2
مرده‌شوخانه,Noun/Adjective/Misc,م,11,1,2
مرغ‌حق,Noun/Adjective/Misc,م,6,1,2
مرغ‌مسیحا,Noun/Adjective/Misc,م,9,1,2
مرکب‌دان,Noun/Adjective/Misc,م,8,1,2
مرگ‌آفرین,Noun/Adjective/Misc,م,9,1,2
مرهم‌رسان,Noun/Adjective/Misc,م,9,1,2
مریض‌داری,Noun/Adjective/Misc,م,9,1,2
مزه‌دار,Noun/Adjective/Misc,م,7,1,2
مژده‌رسان,Noun/Adjective/Misc,م,9,1,2
مسئله‌آموز,Noun/Adjective/Misc,م,10,1,2
مسالمت‌جویی,Noun/Adjective/Misc,م,11,1,2
مساوات‌طلب,Noun/Adjective/Misc,م,10,1,2
مستی‌بخش,Noun/Adjective/Misc,م,8,1,2
مسرت‌آمیز,Noun/Adjective/Misc,م,9,1,2
مسرت‌انگیز,Noun/Adjective/Misc,م,10,1,2
مسرت‌زا,Noun/Adjective/Misc,م,7,1,2
مسکنت‌آمیز,Noun/Adjective/Misc,م,10,1,2
مسکنت‌بار,Noun/Adjective/Misc,م,9,1,2
مشرف‌به‌موت,Noun/Adjective/Misc,م,11,1,3
مشروب‌خور,Noun/Adjective/Misc,م,9,1,2
مشعل‌کش,Noun/Adjective/Misc,م,7,1,2
مشک‌فشان,Noun/Adjective/Misc,م,8,1,2
مصالحه‌نامه,Noun/Adjective/Misc,م,11,1,2
مصرف‌زدگی,Noun/Adjective/Misc,م,9,1,2
مصرف‌زده,Noun/Adjective/Misc,م,8,1,2
مصلحت‌بین,Noun/Adjective/Misc,م,9,1,2
مصلحت‌بینی,Noun/Adjective/Misc,م,10,1,2
مصلحت‌جو,Noun/Adjective/Misc,م,8,1,2
مصلحت‌جویی,Noun/Adjective/Misc,م,10,1,2
مصلحت‌دید,Noun/Adjective/Misc,م,9,1,2
مصیبت‌زدگی,Noun/Adjective/Misc,م,10,1,2
مضمون‌پرداز,Noun/Adjective/Misc,م,11,1,2
مضمون‌پردازی,Noun/Adjective/Misc,م,12,1,2
مضی‌ء,Noun/Adjective/Misc,م,5,1,2
مطایبه‌آمیز,Noun/Adjective/Misc,م,11,1,2
مطبعه‌چی,Noun/Adjective/Misc,م,8,1,2
مطلق‌العنان,Noun/Adjective/Misc,م,11,1,2
مظلوم‌کش,Noun/Adjective/Misc,م,8,1,2
مظلوم‌نما,Noun/Adjective/Misc,م,9,1,2
معارف‌پرور,Noun/Adjective/Misc,م,10,1,2
مع‌الاسف,Noun/Adjective/Misc,م,8,1,2
معالجه‌پذیر,Noun/Adjective/Misc,م,11,1,2
معالجه‌ناپذیر,Noun/Adjective/Misc,م,13,1,2
معدلت‌جویانه,Noun/Adjective/Misc,م,12,1,2
معدلت‌گستر,Noun/Adjective/Misc,م,10,1,2
معدن‌شناس,Noun/Adjective/Misc,م,9,1,2
معدن‌شناسی,Noun/Adjective/Misc,م,10,1,2
مع‌ذالک,Noun/Adjective/Misc,م,7,1,2
معذرت‌خواه,Noun/Adjective/Misc,م,10,1,2
معشوقه‌باز,Noun/Adjective/Misc,م,10,1,2
مغالطه‌آمیز,Noun/Adjective/Misc,م,11,1,2
مغلطه‌باز,Noun/Adjective/Misc,م,9,1,2
مغلطه‌وار,Noun/Adjective/Misc,م,9,1,2
مفسده‌آمیز,Noun/Adjective/Misc,م,10,1,2
مفسده‌جو,Noun/Adjective/Misc,م,8,1,2
مفسده‌جویی,Noun/Adjective/Misc,م,10,1,2
مقابله‌به‌مثل,Noun/Adjective/Misc,م,13,1,3
مقاوله‌نامه,Noun/Adjective/Misc,م,11,1,2
مقدس‌ماب,Noun/Adjective/Misc,م,8,1,2
مقدمت‌الجیش,Noun/Adjective/Misc,م,11,1,2
مقرون‌به‌صرفه,Noun/Adjective/Misc,م,13,1,3
ملاحظه‌کار,Noun/Adjective/Misc,م,10,1,2
ملالت‌آور,Noun/Adjective/Misc,م,9,1,2
ملامت‌آمیز,Noun/Adjective/Misc,م,10,1,2
ملامت‌پسند,Noun/Adjective/Misc,م,10,1,2
ملامت‌گو,Noun/Adjective/Misc,م,8,1,2
ملت‌پرستی,Noun/Adjective/Misc,م,9,1,2
ملت‌خواهی,Noun/Adjective/Misc,م,9,1,2
ملک‌دار,Noun/Adjective/Misc,م,7,1,2
من‌حیث‌المجموع,Noun/Adjective/Misc,م,14,1,3
منشی‌گری,Noun/Adjective/Misc,م,8,1,2
منصب‌دار,Noun/Adjective/Misc,م,8,1,2
منیع‌الطبع,Noun/Adjective/Misc,م,10,1,2
مواجب‌بگیر,Noun/Adjective/Misc,م,10,1,2
موزه‌دوز,Noun/Adjective/Misc,م,8,1,2
موسیقی‌نواز,Noun/Adjective/Misc,م,11,1,2
موعظه‌آمیز,Noun/Adjective/Misc,م,10,1,2
موهوم‌پرست,Noun/Adjective/Misc,م,10,1,2
مه‌پیکر,Noun/Adjective/Misc,م,7,1,2
مه‌جبین,Noun/Adjective/Misc,م,7,1,2
مهره‌باز,Noun/Adjective/Misc,م,8,1,2
مهمل‌باف,Noun/Adjective/Misc,م,8,1,2
میان‌بند,Noun/Adjective/Misc,م,8,1,2
میان‌خالی,Noun/Adjective/Misc,م,9,1,2
میانه‌بالا,Noun/Adjective/Misc,م,10,1,2
میراث‌بر,Noun/Adjective/Misc,م,8,1,2
میزان‌الحراره,Noun/Adjective/Misc,م,13,1,2
می‌روم,Noun/Adjective/Misc,م,6,1,2
می‌رویم,Noun/Adjective/Misc,م,7,1,2
می‌رود,Noun/Adjective/Misc,م,6,1,2
می‌روی,Noun/Adjective/Misc,م,6,1,2
می‌روید,Noun/Adjective/Misc,م,7,1,2
می‌روند,Noun/Adjective/Misc,م,7,1,2
ناآرام‌سازی,Noun/Adjective/Misc,ن,11,1,2
نائل‌آمده,Noun/Adjective/Misc,ن,9,1,2
ناامن‌ساز,Noun/Adjective/Misc,ن,9,1,2
ناتوان‌سازی,Noun/Adjective/Misc,ن,11,1,2
ناتوان‌کننده,Noun/Adjective/Misc,ن,12,1,2
ناخن‌خشک,Noun/Adjective/Misc,ن,8,1,2
ناخن‌خشکی,Noun/Adjective/Misc,ن,9,1,2
ناخن‌گیر,Noun/Adjective/Misc,ن,8,1,2
ناخوش‌احوال,Noun/Adjective/Misc,ن,11,1,2
نادیده‌گیر,Noun/Adjective/Misc,ن,10,1,2
نادیده‌گیری,Noun/Adjective/Misc,ن,11,1,2
ناراحت‌کننده,Noun/Adjective/Misc,ن,12,1,2
نارضایت‌بخش,Noun/Adjective/Misc,ن,11,1,2
نارنجک‌انداز,Noun/Adjective/Misc,ن,12,1,2
نارنجی‌رنگ,Noun/Adjective/Misc,ن,10,1,2
نارنجی‌پوش,Noun/Adjective/Misc,ن,10,1,2
نازل‌شده,Noun/Adjective/Misc,ن,8,1,2
نازک‌دل,Noun/Adjective/Misc,ن,7,1,2
نازک‌نارنجی,Noun/Adjective/Misc,ن,11,1,2
نازک‌کاری,Noun/Adjective/Misc,ن,9,1,2
نازی‌آباد,Noun/Adjective/Misc,ن,9,1,2
ناصرالدین‌شاه,Noun/Adjective/Misc,ن,13,1,2
نافه‌گشا,Noun/Adjective/Misc,ن,8,1,2
ناف‌بر,Noun/Adjective/Misc,ن,6,1,2
ناقص‌الخلقه,Noun/Adjective/Misc,ن,11,1,2
ناقص‌العضو,Noun/Adjective/Misc,ن,10,1,2
ناقص‌العقل,Noun/Adjective/Misc,ن,10,1,2
ناله‌کنان,Noun/Adjective/Misc,ن,9,1,2
نالوطی‌گری,Noun/Adjective/Misc,ن,10,1,2
نامه‌بر,Noun/Adjective/Misc,ن,7,1,2
نامه‌رسان,Noun/Adjective/Misc,ن,9,1,2
نامه‌رسانی,Noun/Adjective/Misc,ن,10,1,2
نامه‌نگار,Noun/Adjective/Misc,ن,9,1,2
نامه‌نگاری,Noun/Adjective/Misc,ن,10,1,2
ناموس‌پرست,Noun/Adjective/Misc,ن,10,1,2
ناموس‌پرستی,Noun/Adjective/Misc,ن,11,1,2
نام‌آشنا,Noun/Adjective/Misc,ن,8,1,2
نام‌آور,Noun/Adjective/Misc,ن,7,1,2
نام‌آوری,Noun/Adjective/Misc,ن,8,1,2
نام‌برده,Noun/Adjective/Misc,ن,8,1,2
نام‌جو,Noun/Adjective/Misc,ن,6,1,2
نام‌جویی,Noun/Adjective/Misc,ن,8,1,2
نام‌نویسی,Noun/Adjective/Misc,ن,9,1,2
نام‌گذاری,Noun/Adjective/Misc,ن,9,1,2
نان‌آور,Noun/Adjective/Misc,ن,7,1,2
نان‌خور,Noun/Adjective/Misc,ن,7,1,2
نان‌دانی,Noun/Adjective/Misc,ن,8,1,2
نان‌وآب‌دار,Noun/Adjective/Misc,ن,11,1,3
ناهم‌خوان,Noun/Adjective/Misc,ن,9,1,2
ناهم‌سو,Noun/Adjective/Misc,ن,7,1,2
نایب‌الزیاره,Noun/Adjective/Misc,ن,12,1,2
نایب‌السلطنه,Noun/Adjective/Misc,ن,12,1,2
نایب‌رئیس,Noun/Adjective/Misc,ن,9,1,2
نایب‌رییس,Noun/Adjective/Misc,ن,9,1,2
نایب‌قهرمان,Noun/Adjective/Misc,ن,11,1,2
نبوغ‌آفرینی,Noun/Adjective/Misc,ن,11,1,2
نبی‌الله,Noun/Adjective/Misc,ن,8,1,2
نتیجه‌بخش,Noun/Adjective/Misc,ن,9,1,2
نتیجه‌گیری,Noun/Adjective/Misc,ن,10,1,2
نت‌نویس,Noun/Adjective/Misc,ن,7,1,2
نت‌نویسی,Noun/Adjective/Misc,ن,8,1,2
نجات‌بخش,Noun/Adjective/Misc,ن,8,1,2
نجات‌دهنده,Noun/Adjective/Misc,ن,10,1,2
نجات‌غریق,Noun/Adjective/Misc,ن,9,1,2
نجات‌یافته,Noun/Adjective/Misc,ن,10,1,2
نجف‌آباد,Noun/Adjective/Misc,ن,8,1,2
نجم‌آبادی,Noun/Adjective/Misc,ن,9,1,2
نجیب‌زاده,Noun/Adjective/Misc,ن,9,1,2
نخبه‌گرایی,Noun/Adjective/Misc,ن,10,1,2
نخست‌وزیر,Noun/Adjective/Misc,ن,9,1,2
نخ‌ریسی,Noun/Adjective/Misc,ن,7,1,2
نخ‌نما,Noun/Adjective/Misc,ن,6,1,2
ندامت‌بار,Noun/Adjective/Misc,ن,9,1,2
ندانم‌کاری,Noun/Adjective/Misc,ن,10,1,2
نرخ‌بندی,Noun/Adjective/Misc,ن,8,1,2
نرخ‌گذاری,Noun/Adjective/Misc,ن,9,1,2
نرده‌کشی,Noun/Adjective/Misc,ن,8,1,2
نرمال‌سازی,Noun/Adjective/Misc,ن,10,1,2
نرم‌افزار,Noun/Adjective/Misc,ن,9,1,2
نرم‌افزارسازی,Noun/Adjective/Misc,ن,13,1,2
نرم‌افزاری,Noun/Adjective/Misc,ن,10,1,2
نرم‌تن,Noun/Adjective/Misc,ن,6,1,2
نرم‌تنان,Noun/Adjective/Misc,ن,8,1,2
نرم‌خو,Noun/Adjective/Misc,ن,6,1,2
نرم‌خویی,Noun/Adjective/Misc,ن,8,1,2
نرم‌دل,Noun/Adjective/Misc,ن,6,1,2
نرم‌دلی,Noun/Adjective/Misc,ن,7,1,2
نرم‌زبان,Noun/Adjective/Misc,ن,8,1,2
نرم‌زبانی,Noun/Adjective/Misc,ن,9,1,2
نرم‌نرم,Noun/Adjective/Misc,ن,7,1,2
نرم‌کننده,Noun/Adjective/Misc,ن,9,1,2
نزاع‌جو,Noun/Adjective/Misc,ن,7,1,2
نزدیک‌بین,Noun/Adjective/Misc,ن,9,1,2
نزدیک‌بینی,Noun/Adjective/Misc,ن,10,1,2
نزهت‌القلوب,Noun/Adjective/Misc,ن,11,1,2
نزهت‌بخش,Noun/Adjective/Misc,ن,8,1,2
نزول‌خوار,Noun/Adjective/Misc,ن,9,1,2
نزول‌خور,Noun/Adjective/Misc,ن,8,1,2
نزول‌خوری,Noun/Adjective/Misc,ن,9,1,2
نسبت‌پذیر,Noun/Adjective/Misc,ن,9,1,2
نسبیت‌گرا,Noun/Adjective/Misc,ن,9,1,2
نسبیت‌گرایی,Noun/Adjective/Misc,ن,11,1,2
نسبی‌گرا,Noun/Adjective/Misc,ن,8,1,2
نسب‌شناسی,Noun/Adjective/Misc,ن,9,1,2
نسج‌شناس,Noun/Adjective/Misc,ن,8,1,2
نسج‌شناسی,Noun/Adjective/Misc,ن,9,1,2
نسخه‌بردار,Noun/Adjective/Misc,ن,10,1,2
نسخه‌برداری,Noun/Adjective/Misc,ن,11,1,2
نسخه‌برداری‌شده,Noun/Adjective/Misc,ن,15,1,3
نسخه‌نویس,Noun/Adjective/Misc,ن,9,1,2
نسخه‌نویسی,Noun/Adjective/Misc,ن,10,1,2
نسخه‌پیچی,Noun/Adjective/Misc,ن,9,1,2
نسل‌اندرنسل,Noun/Adjective/Misc,ن,11,1,2
نسل‌کش,Noun/Adjective/Misc,ن,6,1,2
نسل‌کشی,Noun/Adjective/Misc,ن,7,1,2
نسیه‌بر,Noun/Adjective/Misc,ن,7,1,2
نسیه‌بری,Noun/Adjective/Misc,ن,8,1,2
نسیه‌دهنده,Noun/Adjective/Misc,ن,10,1,2
نسیه‌فروش,Noun/Adjective/Misc,ن,9,1,2
نشأت‌گرفته,Noun/Adjective/Misc,ن,10,1,2
نشاط‌آفرین,Noun/Adjective/Misc,ن,10,1,2
نشاط‌آور,Noun/Adjective/Misc,ن,8,1,2
نشاط‌انگیز,Noun/Adjective/Misc,ن,10,1,2
نشاط‌بخش,Noun/Adjective/Misc,ن,8,1,2
نشاط‌بخشی,Noun/Adjective/Misc,ن,9,1,2
نشانه‌دار,Noun/Adjective/Misc,ن,9,1,2
نشانه‌پردازی,Noun/Adjective/Misc,ن,12,1,2
نشانه‌گذاری,Noun/Adjective/Misc,ن,11,1,2
نشانه‌گیری,Noun/Adjective/Misc,ن,10,1,2
نشان‌دار,Noun/Adjective/Misc,ن,8,1,2
نشان‌دهنده,Noun/Adjective/Misc,ن,10,1,2
نشان‌واره,Noun/Adjective/Misc,ن,9,1,2
نشان‌کرده,Noun/Adjective/Misc,ن,9,1,2
نشان‌گذاری,Noun/Adjective/Misc,ن,10,1,2
نشان‌گر,Noun/Adjective/Misc,ن,7,1,2
نشست‌وبرخاست,Noun/Adjective/Misc,ن,12,1,2
نصب‌شده,Noun/Adjective/Misc,ن,7,1,2
نصب‌کرده,Noun/Adjective/Misc,ن,8,1,2
نصرت‌آباد,Noun/Adjective/Misc,ن,9,1,2
نصرت‌الله,Noun/Adjective/Misc,ن,9,1,2
نصفه‌نیمه,Noun/Adjective/Misc,ن,9,1,2
نصفه‌کاره,Noun/Adjective/Misc,ن,9,1,2
نصف‌النهار,Noun/Adjective/Misc,ن,10,1,2
نصیحت‌پذیر,Noun/Adjective/Misc,ن,10,1,2
نصیحت‌پذیری,Noun/Adjective/Misc,ن,11,1,2
نصیحت‌گرانه,Noun/Adjective/Misc,ن,11,1,2
نصیحت‌گری,Noun/Adjective/Misc,ن,9,1,2
نصیحت‌گوی,Noun/Adjective/Misc,ن,9,1,2
نضج‌گیری,Noun/Adjective/Misc,ن,8,1,2
نطفه‌دار,Noun/Adjective/Misc,ن,8,1,2
نطفه‌گذاری,Noun/Adjective/Misc,ن,10,1,2
نطفه‌گیری,Noun/Adjective/Misc,ن,9,1,2
نظارت‌پذیر,Noun/Adjective/Misc,ن,10,1,2
نظارت‌کننده,Noun/Adjective/Misc,ن,11,1,2
نظارت‌گر,Noun/Adjective/Misc,ن,8,1,2
نظاره‌گر,Noun/Adjective/Misc,ن,8,1,2
نظاره‌گری,Noun/Adjective/Misc,ن,9,1,2
نظامی‌گری,Noun/Adjective/Misc,ن,9,1,2
نظام‌آباد,Noun/Adjective/Misc,ن,9,1,2
نظام‌الدین,Noun/Adjective/Misc,ن,10,1,2
نظام‌السلطنه,Noun/Adjective/Misc,ن,12,1,2
نظام‌دار,Noun/Adjective/Misc,ن,8,1,2
نظام‌مند,Noun/Adjective/Misc,ن,8,1,2
نظام‌مندسازی,Noun/Adjective/Misc,ن,12,1,2
نظام‌نامه,Noun/Adjective/Misc,ن,9,1,2
نظام‌وظیفه,Noun/Adjective/Misc,ن,10,1,2
نظام‌یافته,Noun/Adjective/Misc,ن,10,1,2
نظام‌یافتگی,Noun/Adjective/Misc,ن,11,1,2
نظریه‌سازی,Noun/Adjective/Misc,ن,10,1,2
نظریه‌پرداز,Noun/Adjective/Misc,ن,11,1,2
نظریه‌پردازی,Noun/Adjective/Misc,ن,12,1,2
نظم‌بخشی,Noun/Adjective/Misc,ن,8,1,2
نظم‌بندی,Noun/Adjective/Misc,ن,8,1,2
نظم‌دهنده,Noun/Adjective/Misc,ن,9,1,2
نظم‌پذیر,Noun/Adjective/Misc,ن,8,1,2
نظم‌پذیری,Noun/Adjective/Misc,ن,9,1,2
نعره‌زنان,Noun/Adjective/Misc,ن,9,1,2
نعش‌کش,Noun/Adjective/Misc,ن,6,1,2
نعش‌کشی,Noun/Adjective/Misc,ن,7,1,2
نعش‌گون,Noun/Adjective/Misc,ن,7,1,2
نعل‌بند,Noun/Adjective/Misc,ن,7,1,2
نعمت‌آباد,Noun/Adjective/Misc,ن,9,1,2
نعمت‌الله,Noun/Adjective/Misc,ن,9,1,2
نعمت‌بخش,Noun/Adjective/Misc,ن,8,1,2
نغمه‌خوان,Noun/Adjective/Misc,ن,9,1,2
نغمه‌خوانی,Noun/Adjective/Misc,ن,10,1,2
نغمه‌ساز,Noun/Adjective/Misc,ن,8,1,2
نغمه‌سازی,Noun/Adjective/Misc,ن,9,1,2
نغمه‌سرا,Noun/Adjective/Misc,ن,8,1,2
نغمه‌سرایی,Noun/Adjective/Misc,ن,10,1,2
نغمه‌پرداز,Noun/Adjective/Misc,ن,10,1,2
نغمه‌پردازی,Noun/Adjective/Misc,ن,11,1,2
نفاق‌افکن,Noun/Adjective/Misc,ن,9,1,2
نفاق‌افکنانه,Noun/Adjective/Misc,ن,12,1,2
نفاق‌افکنی,Noun/Adjective/Misc,ن,10,1,2
نفت‌خیز,Noun/Adjective/Misc,ن,7,1,2
نفت‌سوز,Noun/Adjective/Misc,ن,7,1,2
نفت‌فروش,Noun/Adjective/Misc,ن,8,1,2
نفت‌فروشی,Noun/Adjective/Misc,ن,9,1,2
نفت‌کش,Noun/Adjective/Misc,ن,6,1,2
نفرت‌آور,Noun/Adjective/Misc,ن,8,1,2
نفرت‌انگیز,Noun/Adjective/Misc,ن,10,1,2
نفرین‌شده,Noun/Adjective/Misc,ن,9,1,2
نفس‌بر,Noun/Adjective/Misc,ن,6,1,2
نفس‌بریده,Noun/Adjective/Misc,ن,9,1,2
نفس‌تنگی,Noun/Adjective/Misc,ن,8,1,2
نفس‌زنان,Noun/Adjective/Misc,ن,8,1,2
نفس‌نفس,Noun/Adjective/Misc,ن,7,1,2
نفس‌نفس‌زنان,Noun/Adjective/Misc,ن,12,1,3
نفس‌گیر,Noun/Adjective/Misc,ن,7,1,2
نفی‌شده,Noun/Adjective/Misc,ن,7,1,2
نفی‌کننده,Noun/Adjective/Misc,ن,9,1,2
نقاب‌دار,Noun/Adjective/Misc,ن,8,1,2
نقاب‌پوش,Noun/Adjective/Misc,ن,8,1,2
نقاره‌خانه,Noun/Adjective/Misc,ن,10,1,2
نقاره‌زن,Noun/Adjective/Misc,ن,8,1,2
نقاره‌چی,Noun/Adjective/Misc,ن,8,1,2
نقاش‌باشی,Noun/Adjective/Misc,ن,9,1,2
نقاش‌خانه,Noun/Adjective/Misc,ن,9,1,2
نقب‌زن,Noun/Adjective/Misc,ن,6,1,2
نقب‌زنی,Noun/Adjective/Misc,ن,7,1,2
نقره‌آلات,Noun/Adjective/Misc,ن,9,1,2
نقره‌اندود,Noun/Adjective/Misc,ن,10,1,2
نقره‌ای‌رنگ,Noun/Adjective/Misc,ن,11,1,3
نقره‌داغ,Noun/Adjective/Misc,ن,8,1,2
نقره‌دوزی,Noun/Adjective/Misc,ن,9,1,2
نقره‌ساز,Noun/Adjective/Misc,ن,8,1,2
نقره‌فام,Noun/Adjective/Misc,ن,8,1,2
نقره‌پوش,Noun/Adjective/Misc,ن,8,1,2
نقره‌کار,Noun/Adjective/Misc,ن,8,1,2
نقره‌کاری,Noun/Adjective/Misc,ن,9,1,2
نقره‌کوب,Noun/Adjective/Misc,ن,8,1,2
نقره‌کوبی,Noun/Adjective/Misc,ن,9,1,2
نقره‌گون,Noun/Adjective/Misc,ن,8,1,2
نقشه‌بردار,Noun/Adjective/Misc,ن,10,1,2
نقشه‌برداری,Noun/Adjective/Misc,ن,11,1,2
نقشه‌خوانی,Noun/Adjective/Misc,ن,10,1,2
نقشه‌ریزی,Noun/Adjective/Misc,ن,9,1,2
نقشه‌کش,Noun/Adjective/Misc,ن,7,1,2
نقشه‌کشی,Noun/Adjective/Misc,ن,8,1,2
نقش‌آفرین,Noun/Adjective/Misc,ن,9,1,2
نقش‌آفرینی,Noun/Adjective/Misc,ن,10,1,2
نقش‌بند,Noun/Adjective/Misc,ن,7,1,2
نقش‌بندی,Noun/Adjective/Misc,ن,8,1,2
نقش‌نما,Noun/Adjective/Misc,ن,7,1,2
نقش‌پذیر,Noun/Adjective/Misc,ن,8,1,2
نقش‌پذیری,Noun/Adjective/Misc,ن,9,1,2
نقش‌پرداز,Noun/Adjective/Misc,ن,9,1,2
نقش‌پردازی,Noun/Adjective/Misc,ن,10,1,2
نقض‌آمیز,Noun/Adjective/Misc,ن,8,1,2
نقض‌کننده,Noun/Adjective/Misc,ن,9,1,2
نقطه‌دار,Noun/Adjective/Misc,ن,8,1,2
نقطه‌ضعف,Noun/Adjective/Misc,ن,8,1,2
نقطه‌نظر,Noun/Adjective/Misc,ن,8,1,2
نقطه‌نظریات,Noun/Adjective/Misc,ن,11,1,2
نقطه‌چین,Noun/Adjective/Misc,ن,8,1,2
نقطه‌گذاری,Noun/Adjective/Misc,ن,10,1,2
نقطه‌یابی,Noun/Adjective/Misc,ن,9,1,2
نقل‌شده,Noun/Adjective/Misc,ن,7,1,2
نقل‌قول,Noun/Adjective/Misc,ن,7,1,2
نقل‌مکان,Noun/Adjective/Misc,ن,8,1,2
نقل‌کننده,Noun/Adjective/Misc,ن,9,1,2
نق‌نق,Noun/Adjective/Misc,ن,5,1,2
نق‌نقو,Noun/Adjective/Misc,ن,6,1,2
نمایان‌سازی,Noun/Adjective/Misc,ن,11,1,2
نمایشنامه‌نویس,Noun/Adjective/Misc,ن,14,1,2
نمایشنامه‌نویسی,Noun/Adjective/Misc,ن,15,1,2
نمایش‌خانه,Noun/Adjective/Misc,ن,10,1,2
نمایش‌دهنده,Noun/Adjective/Misc,ن,11,1,2
نمایش‌نامه,Noun/Adjective/Misc,ن,10,1,2
نمایه‌ساز,Noun/Adjective/Misc,ن,9,1,2
نمایه‌سازی,Noun/Adjective/Misc,ن,10,1,2
نمایه‌نامه,Noun/Adjective/Misc,ن,10,1,2
نمایه‌گذار,Noun/Adjective/Misc,ن,10,1,2
نمره‌گذاری,Noun/Adjective/Misc,ن,10,1,2
نمونه‌برداری,Noun/Adjective/Misc,ن,12,1,2
نمونه‌خوانی,Noun/Adjective/Misc,ن,11,1,2
نمونه‌سازی,Noun/Adjective/Misc,ن,10,1,2
نمونه‌گیری,Noun/Adjective/Misc,ن,10,1,2
نمک‌آبرود,Noun/Adjective/Misc,ن,9,1,2
نمک‌به‌حرام,Noun/Adjective/Misc,ن,11,1,3
نمک‌به‌حرامی,Noun/Adjective/Misc,ن,12,1,3
نمک‌دار,Noun/Adjective/Misc,ن,7,1,2
نمک‌زدایی,Noun/Adjective/Misc,ن,9,1,2
نمک‌سود,Noun/Adjective/Misc,ن,7,1,2
نمک‌ناشناس,Noun/Adjective/Misc,ن,10,1,2
نمک‌ناشناسی,Noun/Adjective/Misc,ن,11,1,2
نمک‌نشناس,Noun/Adjective/Misc,ن,9,1,2
نمک‌نشناسی,Noun/Adjective/Misc,ن,10,1,2
نمک‌پاش,Noun/Adjective/Misc,ن,7,1,2
نمک‌پاشی,Noun/Adjective/Misc,ن,8,1,2
نمک‌پرورده,Noun/Adjective/Misc,ن,10,1,2
نمک‌گیر,Noun/Adjective/Misc,ن,7,1,2
نم‌دار,Noun/Adjective/Misc,ن,6,1,2
نم‌زدایی,Noun/Adjective/Misc,ن,8,1,2
نم‌نم,Noun/Adjective/Misc,ن,5,1,2
ننه‌مرده,Noun/Adjective/Misc,ن,8,1,2
ننگ‌آور,Noun/Adjective/Misc,ن,7,1,2
نهادینه‌سازی,Noun/Adjective/Misc,ن,12,1,2
نهادینه‌شده,Noun/Adjective/Misc,ن,11,1,2
نهال‌کاری,Noun/Adjective/Misc,ن,9,1,2
نهان‌خانه,Noun/Adjective/Misc,ن,9,1,2
نهان‌دانه,Noun/Adjective/Misc,ن,9,1,2
نهج‌البلاغه,Noun/Adjective/Misc,ن,11,1,2
نهی‌کننده,Noun/Adjective/Misc,ن,9,1,2
نه‌باره,Noun/Adjective/Misc,ن,7,1,2
نه‌بخشی,Noun/Adjective/Misc,ن,7,1,2
نه‌به‌نه,Noun/Adjective/Misc,ن,8,1,3
نه‌تا,Noun/Adjective/Misc,ن,5,1,2
نه‌تانه‌تا,Noun/Adjective/Misc,ن,10,1,3
نه‌تایکی,Noun/Adjective/Misc,ن,8,1,2
نه‌تایی,Noun/Adjective/Misc,ن,7,1,2
نه‌تنها,Noun/Adjective/Misc,ن,7,1,2
نه‌ثانیه‌ای,Noun/Adjective/Misc,ن,11,1,3
نه‌جانبه,Noun/Adjective/Misc,ن,8,1,2
نه‌جلدی,Noun/Adjective/Misc,ن,7,1,2
نه‌جمله‌ای,Noun/Adjective/Misc,ن,10,1,3
نه‌حالته,Noun/Adjective/Misc,ن,8,1,2
نه‌حالتی,Noun/Adjective/Misc,ن,8,1,2
نه‌حرفی,Noun/Adjective/Misc,ن,7,1,2
نه‌دانه‌ای,Noun/Adjective/Misc,ن,10,1,3
نه‌درصدی,Noun/Adjective/Misc,ن,8,1,2
نه‌دستگی,Noun/Adjective/Misc,ن,8,1,2
نه‌دقیقه‌ای,Noun/Adjective/Misc,ن,11,1,3
نه‌دهم,Noun/Adjective/Misc,ن,6,1,2
نه‌دوم,Noun/Adjective/Misc,ن,6,1,2
نه‌دوّم,Noun/Adjective/Misc,ن,7,1,2
نه‌رقمی,Noun/Adjective/Misc,ن,7,1,2
نه‌روزه,Noun/Adjective/Misc,ن,7,1,2
نه‌ساعته,Noun/Adjective/Misc,ن,8,1,2
نه‌ساعتی,Noun/Adjective/Misc,ن,8,1,2
نه‌ساله,Noun/Adjective/Misc,ن,7,1,2
نه‌سالگی,Noun/Adjective/Misc,ن,8,1,2
نه‌سوم,Noun/Adjective/Misc,ن,6,1,2
نه‌سوّم,Noun/Adjective/Misc,ن,7,1,2
نه‌ششم,Noun/Adjective/Misc,ن,6,1,2
نه‌صد,Noun/Adjective/Misc,ن,5,1,2
نه‌صدبخشی,Noun/Adjective/Misc,ن,9,1,2
نه‌صدتا,Noun/Adjective/Misc,ن,7,1,2
نه‌صدثانیه‌ای,Noun/Adjective/Misc,ن,13,1,3
نه‌صدجلدی,Noun/Adjective/Misc,ن,9,1,2
نه‌صدحالته,Noun/Adjective/Misc,ن,10,1,2
نه‌صدحالتی,Noun/Adjective/Misc,ن,10,1,2
نه‌صددانه‌ای,Noun/Adjective/Misc,ن,12,1,3
نه‌صددقیقه‌ای,Noun/Adjective/Misc,ن,13,1,3
نه‌صدرقمی,Noun/Adjective/Misc,ن,9,1,2
نه‌صدروزه,Noun/Adjective/Misc,ن,9,1,2
نه‌صدساعته,Noun/Adjective/Misc,ن,10,1,2
نه‌صدساعتی,Noun/Adjective/Misc,ن,10,1,2
نه‌صدساله,Noun/Adjective/Misc,ن,9,1,2
نه‌صدسالگی,Noun/Adjective/Misc,ن,10,1,2
نه‌صدصفحه‌ای,Noun/Adjective/Misc,ن,12,1,3
نه‌صدقسمته,Noun/Adjective/Misc,ن,10,1,2
نه‌صدقسمتی,Noun/Adjective/Misc,ن,10,1,2
نه‌صدم,Noun/Adjective/Misc,ن,6,1,2
نه‌صدماهه,Noun/Adjective/Misc,ن,9,1,2
نه‌صدماهگی,Noun/Adjective/Misc,ن,10,1,2
نه‌صدمیلیاردی,Noun/Adjective/Misc,ن,13,1,2
نه‌صدمیلیونی,Noun/Adjective/Misc,ن,12,1,2
نه‌صدمیلیون‌نفره,Noun/Adjective/Misc,ن,16,1,3
نه‌صدمیلیون‌نفری,Noun/Adjective/Misc,ن,16,1,3
نه‌صدمین,Noun/Adjective/Misc,ن,8,1,2
نه‌صدنفره,Noun/Adjective/Misc,ن,9,1,2
نه‌صدنفری,Noun/Adjective/Misc,ن,9,1,2
نه‌صدهزارساله,Noun/Adjective/Misc,ن,13,1,2
نه‌صدهزارسالگی,Noun/Adjective/Misc,ن,14,1,2
نه‌صدهزارنفره,Noun/Adjective/Misc,ن,13,1,2
نه‌صدهزارنفری,Noun/Adjective/Misc,ن,13,1,2
نه‌صدهفته‌ای,Noun/Adjective/Misc,ن,12,1,3
نه‌صدوچند,Noun/Adjective/Misc,ن,9,1,2
نه‌صدوچندساله,Noun/Adjective/Misc,ن,13,1,2
نه‌صدوچندسالگی,Noun/Adjective/Misc,ن,14,1,2
نه‌صدکلمه‌ای,Noun/Adjective/Misc,ن,12,1,3
نه‌صدگانه,Noun/Adjective/Misc,ن,9,1,2
نه‌صفحه‌ای,Noun/Adjective/Misc,ن,10,1,3
نه‌فقط,Noun/Adjective/Misc,ن,6,1,2
نه‌قسمته,Noun/Adjective/Misc,ن,8,1,2
نه‌قسمتی,Noun/Adjective/Misc,ن,8,1,2
نه‌قلو,Noun/Adjective/Misc,ن,6,1,2
نه‌لو,Noun/Adjective/Misc,ن,5,1,2
نه‌ماهه,Noun/Adjective/Misc,ن,7,1,2
نه‌ماهگی,Noun/Adjective/Misc,ن,8,1,2
نه‌میلیاردنفره,Noun/Adjective/Misc,ن,14,1,2
نه‌میلیاردنفری,Noun/Adjective/Misc,ن,14,1,2
نه‌میلیاردی,Noun/Adjective/Misc,ن,11,1,2
نه‌میلیونی,Noun/Adjective/Misc,ن,10,1,2
نه‌میلیون‌نفره,Noun/Adjective/Misc,ن,14,1,3
نه‌میلیون‌نفری,Noun/Adjective/Misc,ن,14,1,3
نه‌نفره,Noun/Adjective/Misc,ن,7,1,2
نه‌نفری,Noun/Adjective/Misc,ن,7,1,2
نه‌نهم,Noun/Adjective/Misc,ن,6,1,2
نه‌هجایی,Noun/Adjective/Misc,ن,8,1,2
نه‌هزارساله,Noun/Adjective/Misc,ن,11,1,2
نه‌هزارسالگی,Noun/Adjective/Misc,ن,12,1,2
نه‌هزارصفحه‌ای,Noun/Adjective/Misc,ن,14,1,3
نه‌هزارم,Noun/Adjective/Misc,ن,8,1,2
نه‌هزارنفره,Noun/Adjective/Misc,ن,11,1,2
نه‌هزارنفری,Noun/Adjective/Misc,ن,11,1,2
نه‌هزاری,Noun/Adjective/Misc,ن,8,1,2
نه‌هشتم,Noun/Adjective/Misc,ن,7,1,2
نه‌هفتم,Noun/Adjective/Misc,ن,7,1,2
نه‌هفته‌ای,Noun/Adjective/Misc,ن,10,1,3
نه‌پرده‌ای,Noun/Adjective/Misc,ن,10,1,3
نه‌پنجم,Noun/Adjective/Misc,ن,7,1,2
نه‌چرخه,Noun/Adjective/Misc,ن,7,1,2
نه‌چندان,Noun/Adjective/Misc,ن,8,1,2
نه‌چهارم,Noun/Adjective/Misc,ن,8,1,2
نه‌کاره,Noun/Adjective/Misc,ن,7,1,2
نه‌کلمه‌ای,Noun/Adjective/Misc,ن,10,1,3
نه‌گانه,Noun/Adjective/Misc,ن,7,1,2
نوبت‌بندی,Noun/Adjective/Misc,ن,9,1,2
نوحه‌خوان,Noun/Adjective/Misc,ن,9,1,2
نوحه‌خوانی,Noun/Adjective/Misc,ن,10,1,2
نوحه‌سرا,Noun/Adjective/Misc,ن,8,1,2
نوحه‌سرایی,Noun/Adjective/Misc,ن,10,1,2
نوحه‌کن,Noun/Adjective/Misc,ن,7,1,2
نوحه‌گری,Noun/Adjective/Misc,ن,8,1,2
نودثانیه‌ای,Noun/Adjective/Misc,ن,11,1,2
نوددانه‌ای,Noun/Adjective/Misc,ن,10,1,2
نوددقیقه‌ای,Noun/Adjective/Misc,ن,11,1,2
نودصفحه‌ای,Noun/Adjective/Misc,ن,10,1,2
نودمیلیون‌نفره,Noun/Adjective/Misc,ن,14,1,2
نودمیلیون‌نفری,Noun/Adjective/Misc,ن,14,1,2
نودهفته‌ای,Noun/Adjective/Misc,ن,10,1,2
نودوسه‌ساله,Noun/Adjective/Misc,ن,11,1,2
نودوسه‌سالگی,Noun/Adjective/Misc,ن,12,1,2
نودوشش‌ساله,Noun/Adjective/Misc,ن,11,1,2
نودوشش‌سالگی,Noun/Adjective/Misc,ن,12,1,2
نودونه‌ساله,Noun/Adjective/Misc,ن,11,1,2
نودونه‌سالگی,Noun/Adjective/Misc,ن,12,1,2
نودوهشت‌ساله,Noun/Adjective/Misc,ن,12,1,2
نودوهشت‌سالگی,Noun/Adjective/Misc,ن,13,1,2
نودوهفت‌ساله,Noun/Adjective/Misc,ن,12,1,2
نودوهفت‌سالگی,Noun/Adjective/Misc,ن,13,1,2
نودوپنج‌ساله,Noun/Adjective/Misc,ن,12,1,2
نودوپنج‌سالگی,Noun/Adjective/Misc,ن,13,1,2
نودویک‌ساله,Noun/Adjective/Misc,ن,11,1,2
نودویک‌سالگی,Noun/Adjective/Misc,ن,12,1,2
نودکلمه‌ای,Noun/Adjective/Misc,ن,10,1,2
نوزده‌بخشی,Noun/Adjective/Misc,ن,10,1,2
نوزده‌تا,Noun/Adjective/Misc,ن,8,1,2
نوزده‌تایی,Noun/Adjective/Misc,ن,10,1,2
نوزده‌ثانیه‌ای,Noun/Adjective/Misc,ن,14,1,3
نوزده‌جلدی,Noun/Adjective/Misc,ن,10,1,2
نوزده‌حالته,Noun/Adjective/Misc,ن,11,1,2
نوزده‌حالتی,Noun/Adjective/Misc,ن,11,1,2
نوزده‌حرفی,Noun/Adjective/Misc,ن,10,1,2
نوزده‌دانه‌ای,Noun/Adjective/Misc,ن,13,1,3
نوزده‌درصدی,Noun/Adjective/Misc,ن,11,1,2
نوزده‌دقیقه‌ای,Noun/Adjective/Misc,ن,14,1,3
نوزده‌رقمی,Noun/Adjective/Misc,ن,10,1,2
نوزده‌روزه,Noun/Adjective/Misc,ن,10,1,2
نوزده‌ساعته,Noun/Adjective/Misc,ن,11,1,2
نوزده‌ساعتی,Noun/Adjective/Misc,ن,11,1,2
نوزده‌ساله,Noun/Adjective/Misc,ن,10,1,2
نوزده‌سالگی,Noun/Adjective/Misc,ن,11,1,2
نوزده‌صفحه‌ای,Noun/Adjective/Misc,ن,13,1,3
نوزده‌قسمته,Noun/Adjective/Misc,ن,11,1,2
نوزده‌قسمتی,Noun/Adjective/Misc,ن,11,1,2
نوزده‌ماهه,Noun/Adjective/Misc,ن,10,1,2
نوزده‌ماهگی,Noun/Adjective/Misc,ن,11,1,2
نوزده‌میلیاردی,Noun/Adjective/Misc,ن,14,1,2
نوزده‌میلیونی,Noun/Adjective/Misc,ن,13,1,2
نوزده‌میلیون‌نفره,Noun/Adjective/Misc,ن,17,1,3
نوزده‌میلیون‌نفری,Noun/Adjective/Misc,ن,17,1,3
نوزده‌نفره,Noun/Adjective/Misc,ن,10,1,2
نوزده‌نفری,Noun/Adjective/Misc,ن,10,1,2
نوزده‌هجایی,Noun/Adjective/Misc,ن,11,1,2
نوزده‌هزارساله,Noun/Adjective/Misc,ن,14,1,2
نوزده‌هزارسالگی,Noun/Adjective/Misc,ن,15,1,2
نوزده‌هزارنفره,Noun/Adjective/Misc,ن,14,1,2
نوزده‌هزارنفری,Noun/Adjective/Misc,ن,14,1,2
نوزده‌هفته‌ای,Noun/Adjective/Misc,ن,13,1,3
نوزده‌گانه,Noun/Adjective/Misc,ن,10,1,2
نوسان‌ساز,Noun/Adjective/Misc,ن,9,1,2
نوشابه‌سازی,Noun/Adjective/Misc,ن,11,1,2
نوشته‌جات,Noun/Adjective/Misc,ن,9,1,2
نوشته‌شده,Noun/Adjective/Misc,ن,9,1,2
نوشته‌نشده,Noun/Adjective/Misc,ن,10,1,2
نوشت‌افزار,Noun/Adjective/Misc,ن,10,1,2
نوع‌دوست,Noun/Adjective/Misc,ن,8,1,2
نوع‌دوستانه,Noun/Adjective/Misc,ن,11,1,2
نوع‌دوستی,Noun/Adjective/Misc,ن,9,1,2
نوع‌پرست,Noun/Adjective/Misc,ن,8,1,2
نوع‌پرستی,Noun/Adjective/Misc,ن,9,1,2
نوغان‌دار,Noun/Adjective/Misc,ن,9,1,2
نوفل‌لوشاتو,Noun/Adjective/Misc,ن,11,1,2
نوه‌دار,Noun/Adjective/Misc,ن,7,1,2
نوک‌تیز,Noun/Adjective/Misc,ن,7,1,2
نوک‌مدادی,Noun/Adjective/Misc,ن,9,1,2
نوک‌مدادی‌رنگ,Noun/Adjective/Misc,ن,13,1,3
نویسه‌خوان,Noun/Adjective/Misc,ن,10,1,2
نویسه‌گران,Noun/Adjective/Misc,ن,10,1,2
نوین‌سازی,Noun/Adjective/Misc,ن,9,1,2
نپخته‌شده,Noun/Adjective/Misc,ن,9,1,2
نکبت‌بار,Noun/Adjective/Misc,ن,8,1,2
نکته‌بین,Noun/Adjective/Misc,ن,8,1,2
نکته‌دان,Noun/Adjective/Misc,ن,8,1,2
نکته‌دانی,Noun/Adjective/Misc,ن,9,1,2
نکته‌سنج,Noun/Adjective/Misc,ن,8,1,2
نکته‌سنجی,Noun/Adjective/Misc,ن,9,1,2
نکته‌شناس,Noun/Adjective/Misc,ن,9,1,2
نکته‌پرداز,Noun/Adjective/Misc,ن,10,1,2
نکته‌پردازی,Noun/Adjective/Misc,ن,11,1,2
نکته‌یاب,Noun/Adjective/Misc,ن,8,1,2
نکته‌یابی,Noun/Adjective/Misc,ن,9,1,2
نکره‌ساز,Noun/Adjective/Misc,ن,8,1,2
نکوهش‌گر,Noun/Adjective/Misc,ن,8,1,2
نگاه‌دار,Noun/Adjective/Misc,ن,8,1,2
نگاه‌دارنده,Noun/Adjective/Misc,ن,11,1,2
نگاه‌داری,Noun/Adjective/Misc,ن,9,1,2
نگاه‌داشتن,Noun/Adjective/Misc,ن,10,1,2
نگاه‌کننده,Noun/Adjective/Misc,ن,10,1,2
نگران‌کننده,Noun/Adjective/Misc,ن,11,1,2
نگه‌دار,Noun/Adjective/Misc,ن,7,1,2
نگه‌دارنده,Noun/Adjective/Misc,ن,10,1,2
نگه‌داری,Noun/Adjective/Misc,ن,8,1,2
نگه‌داشتن,Noun/Adjective/Misc,ن,9,1,2
نگون‌بخت,Noun/Adjective/Misc,ن,8,1,2
نگون‌بختی,Noun/Adjective/Misc,ن,9,1,2
نیرنگ‌باز,Noun/Adjective/Misc,ن,9,1,2
نیش‌دار,Noun/Adjective/Misc,ن,7,1,2
نیش‌زده,Noun/Adjective/Misc,ن,7,1,2
نیش‌زدگی,Noun/Adjective/Misc,ن,8,1,2
نیلی‌رنگ,Noun/Adjective/Misc,ن,8,1,2
نیمه‌باز,Noun/Adjective/Misc,ن,8,1,2
نیمه‌تاریک,Noun/Adjective/Misc,ن,10,1,2
نیمه‌تمام,Noun/Adjective/Misc,ن,9,1,2
نیمه‌جان,Noun/Adjective/Misc,ن,8,1,2
نیمه‌حرفه‌ای,Noun/Adjective/Misc,ن,12,1,3
نیمه‌حضوری,Noun/Adjective/Misc,ن,10,1,2
نیمه‌خالی,Noun/Adjective/Misc,ن,9,1,2
نیمه‌خشک,Noun/Adjective/Misc,ن,8,1,2
نیمه‌خصوصی,Noun/Adjective/Misc,ن,10,1,2
نیمه‌خواب,Noun/Adjective/Misc,ن,9,1,2
نیمه‌دولتی,Noun/Adjective/Misc,ن,10,1,2
نیمه‌رسانا,Noun/Adjective/Misc,ن,10,1,2
نیمه‌رسمی,Noun/Adjective/Misc,ن,9,1,2
نیمه‌شب,Noun/Adjective/Misc,ن,7,1,2
نیمه‌صنعتی,Noun/Adjective/Misc,ن,10,1,2
نیمه‌طبیعی,Noun/Adjective/Misc,ن,10,1,2
نیمه‌متمرکز,Noun/Adjective/Misc,ن,11,1,2
نیمه‌نهایی,Noun/Adjective/Misc,ن,10,1,2
نیمه‌هادی,Noun/Adjective/Misc,ن,9,1,2
نیمه‌وقت,Noun/Adjective/Misc,ن,8,1,2
نیمه‌پر,Noun/Adjective/Misc,ن,7,1,2
نیمه‌کاره,Noun/Adjective/Misc,ن,9,1,2
نیم‌بند,Noun/Adjective/Misc,ن,7,1,2
نیم‌بها,Noun/Adjective/Misc,ن,7,1,2
نیم‌تنه,Noun/Adjective/Misc,ن,7,1,2
نیم‌خیز,Noun/Adjective/Misc,ن,7,1,2
نیم‌دایره,Noun/Adjective/Misc,ن,9,1,2
نیم‌رخ,Noun/Adjective/Misc,ن,6,1,2
نیم‌ساعته,Noun/Adjective/Misc,ن,9,1,2
نیم‌سایه,Noun/Adjective/Misc,ن,8,1,2
نیم‌سوز,Noun/Adjective/Misc,ن,7,1,2
نیم‌سکه,Noun/Adjective/Misc,ن,7,1,2
نیم‌صفحه,Noun/Adjective/Misc,ن,8,1,2
نیم‌طبقه,Noun/Adjective/Misc,ن,8,1,2
نیم‌فاصله,Noun/Adjective/Misc,ن,9,1,2
نیم‌فصل,Noun/Adjective/Misc,ن,7,1,2
نیم‌قرن,Noun/Adjective/Misc,ن,7,1,2
نیم‌نگاه,Noun/Adjective/Misc,ن,8,1,2
نیم‌پز,Noun/Adjective/Misc,ن,6,1,2
نیم‌کاسه,Noun/Adjective/Misc,ن,8,1,2
نیم‌کره,Noun/Adjective/Misc,ن,7,1,2
نیویورک‌تایمز,Noun/Adjective/Misc,ن,13,1,2
نیک‌اندیش,Noun/Adjective/Misc,ن,9,1,2
نیک‌اندیشانه,Noun/Adjective/Misc,ن,12,1,2
نیک‌اندیشی,Noun/Adjective/Misc,ن,10,1,2
نیک‌بخت,Noun/Adjective/Misc,ن,7,1,2
نیک‌بین,Noun/Adjective/Misc,ن,7,1,2
نیک‌خو,Noun/Adjective/Misc,ن,6,1,2
نیک‌خواه,Noun/Adjective/Misc,ن,8,1,2
نیک‌دل,Noun/Adjective/Misc,ن,6,1,2
نیک‌رأی,Noun/Adjective/Misc,ن,7,1,2
نیک‌رفتار,Noun/Adjective/Misc,ن,9,1,2
نیک‌رو,Noun/Adjective/Misc,ن,6,1,2
نیک‌روز,Noun/Adjective/Misc,ن,7,1,2
نیک‌روش,Noun/Adjective/Misc,ن,7,1,2
نیک‌سرشت,Noun/Adjective/Misc,ن,8,1,2
نیک‌سیرت,Noun/Adjective/Misc,ن,8,1,2
نیک‌فرجام,Noun/Adjective/Misc,ن,9,1,2
نیک‌محضر,Noun/Adjective/Misc,ن,8,1,2
نیک‌مرد,Noun/Adjective/Misc,ن,7,1,2
نیک‌منظر,Noun/Adjective/Misc,ن,8,1,2
نیک‌نام,Noun/Adjective/Misc,ن,7,1,2
نیک‌نامی,Noun/Adjective/Misc,ن,8,1,2
نیک‌پایان,Noun/Adjective/Misc,ن,9,1,2
نیک‌پی,Noun/Adjective/Misc,ن,6,1,2
نی‌انبان,Noun/Adjective/Misc,ن,8,1,2
نی‌ریز,Noun/Adjective/Misc,ن,6,1,2
نی‌زار,Noun/Adjective/Misc,ن,6,1,2
نی‌زن,Noun/Adjective/Misc,ن,5,1,2
نی‌شکر,Noun/Adjective/Misc,ن,6,1,2
نی‌لبک,Noun/Adjective/Misc,ن,6,1,2
نی‌نی,Noun/Adjective/Misc,ن,5,1,2
نابه‌سامانی,Noun/Adjective/Misc,ن,11,1,2
نازک‌بینی,Noun/Adjective/Misc,ن,9,1,2
نامه‌نویسی,Noun/Adjective/Misc,ن,10,1,2
نایت‌کلاب,Noun/Adjective/Misc,ن,9,1,2
نت‌برداری,Noun/Adjective/Misc,ن,9,1,2
نحیف‌تر,Noun/Adjective/Misc,ن,7,1,2
نخبه‌کشی,Noun/Adjective/Misc,ن,8,1,2
نشانه‌شناسی,Noun/Adjective/Misc,ن,11,1,2
نشان‌پذیری,Noun/Adjective/Misc,ن,10,1,2
نصره‌الدوله,Noun/Adjective/Misc,ن,11,1,2
نغمه‌سرائی,Noun/Adjective/Misc,ن,10,1,2
نفایس‌المآثر,Noun/Adjective/Misc,ن,12,1,2
نقش‌برجسته,Noun/Adjective/Misc,ن,10,1,2
نماز‌جمعه,Noun/Adjective/Misc,ن,9,1,2
نمایه‌گذاری,Noun/Adjective/Misc,ن,11,1,2
نهج‌الخاص,Noun/Adjective/Misc,ن,9,1,2
نوت‌بوک,Noun/Adjective/Misc,ن,7,1,2
نکته‌گیری,Noun/Adjective/Misc,ن,9,1,2
نیت‌خوانی,Noun/Adjective/Misc,ن,9,1,2
نیزه‌بازی,Noun/Adjective/Misc,ن,9,1,2
نیمه‌انسان,Noun/Adjective/Misc,ن,10,1,2
نیمه‌حیوان,Noun/Adjective/Misc,ن,10,1,2
نیک‌آهنگ,Noun/Adjective/Misc,ن,8,1,2
نیک‌بختی,Noun/Adjective/Misc,ن,8,1,2
نیک‌نهاد,Noun/Adjective/Misc,ن,8,1,2
نیک‌نولت,Noun/Adjective/Misc,ن,8,1,2
نی‌آب,Noun/Adjective/Misc,ن,5,1,2
نادره‌فن,Noun/Adjective/Misc,ن,8,1,2
نادیده‌کار,Noun/Adjective/Misc,ن,10,1,2
نازک‌اندام,Noun/Adjective/Misc,ن,10,1,2
نازک‌اندیشی,Noun/Adjective/Misc,ن,11,1,2
نازک‌بدن,Noun/Adjective/Misc,ن,8,1,2
نازک‌بین,Noun/Adjective/Misc,ن,8,1,2
نازک‌تن,Noun/Adjective/Misc,ن,7,1,2
نازک‌خلق,Noun/Adjective/Misc,ن,8,1,2
نازک‌طبعی,Noun/Adjective/Misc,ن,9,1,2
نازک‌مزاج,Noun/Adjective/Misc,ن,9,1,2
نازک‌مزاجی,Noun/Adjective/Misc,ن,10,1,2
نازک‌میان,Noun/Adjective/Misc,ن,9,1,2
نافه‌بو,Noun/Adjective/Misc,ن,7,1,2
ناقص‌عضو,Noun/Adjective/Misc,ن,8,1,2
ناقص‌عقل,Noun/Adjective/Misc,ن,8,1,2
ناقض‌عهد,Noun/Adjective/Misc,ن,8,1,2
نامه‌آور,Noun/Adjective/Misc,ن,8,1,2
نامه‌نویس,Noun/Adjective/Misc,ن,9,1,2
نان‌پز,Noun/Adjective/Misc,ن,6,1,2
نان‌کوری,Noun/Adjective/Misc,ن,8,1,2
نان‌نخور,Noun/Adjective/Misc,ن,8,1,2
نای‌زن,Noun/Adjective/Misc,ن,6,1,2
نبض‌شناس,Noun/Adjective/Misc,ن,8,1,2
نخل‌زار,Noun/Adjective/Misc,ن,7,1,2
نخوت‌آمیز,Noun/Adjective/Misc,ن,9,1,2
نرخ‌گزاری,Noun/Adjective/Misc,ن,9,1,2
نرم‌بروت,Noun/Adjective/Misc,ن,8,1,2
نرم‌شانه,Noun/Adjective/Misc,ن,8,1,2
نرم‌نرمک,Noun/Adjective/Misc,ن,8,1,2
نسب‌نامه,Noun/Adjective/Misc,ن,8,1,2
نسق‌دهی,Noun/Adjective/Misc,ن,7,1,2
نشان‌دادن,Noun/Adjective/Misc,ن,9,1,2
نشئه‌زا,Noun/Adjective/Misc,ن,7,1,2
نصب‌العین,Noun/Adjective/Misc,ن,9,1,2
نصیحت‌آموز,Noun/Adjective/Misc,ن,10,1,2
نصیحت‌شنو,Noun/Adjective/Misc,ن,9,1,2
نصیحت‌گو,Noun/Adjective/Misc,ن,8,1,2
نصیحت‌نیوش,Noun/Adjective/Misc,ن,10,1,2
نفرت‌بار,Noun/Adjective/Misc,ن,8,1,2
نفس‌کشی,Noun/Adjective/Misc,ن,7,1,2
نفس‌کشیدن,Noun/Adjective/Misc,ن,9,1,2
نفع‌جویی,Noun/Adjective/Misc,ن,8,1,2
نفع‌طلب,Noun/Adjective/Misc,ن,7,1,2
نفع‌طلبی,Noun/Adjective/Misc,ن,8,1,2
نفی‌بلد,Noun/Adjective/Misc,ن,7,1,2
نقش‌دار,Noun/Adjective/Misc,ن,7,1,2
نقش‌طرازی,Noun/Adjective/Misc,ن,9,1,2
نقض‌عهد,Noun/Adjective/Misc,ن,7,1,2
نقطه‌اتکا,Noun/Adjective/Misc,ن,9,1,2
نکاح‌موقت,Noun/Adjective/Misc,ن,9,1,2
نکبت‌آلود,Noun/Adjective/Misc,ن,9,1,2
نکته‌بینی,Noun/Adjective/Misc,ن,9,1,2
نکته‌گیر,Noun/Adjective/Misc,ن,8,1,2
نم‌کرده,Noun/Adjective/Misc,ن,7,1,2
نمک‌بحرام,Noun/Adjective/Misc,ن,9,1,2
نمک‌بحرامی,Noun/Adjective/Misc,ن,10,1,2
نمک‌شناس,Noun/Adjective/Misc,ن,8,1,2
نواله‌خور,Noun/Adjective/Misc,ن,9,1,2
نوبت‌زن,Noun/Adjective/Misc,ن,7,1,2
نوع‌پروری,Noun/Adjective/Misc,ن,9,1,2
نی‌نواز,Noun/Adjective/Misc,ن,7,1,2
نیش‌وکنایه,Noun/Adjective/Misc,ن,10,1,2
نیک‌اختر,Noun/Adjective/Misc,ن,8,1,2
نیک‌خصلت,Noun/Adjective/Misc,ن,8,1,2
نیک‌خلق,Noun/Adjective/Misc,ن,7,1,2
نیک‌فال,Noun/Adjective/Misc,ن,7,1,2
نیل‌فام,Noun/Adjective/Misc,ن,7,1,2
وابسته‌ساز,Noun/Adjective/Misc,و,10,1,2
وابسته‌پذیری,Noun/Adjective/Misc,و,12,1,2
واجب‌الوجود,Noun/Adjective/Misc,و,11,1,2
واج‌آرایی,Noun/Adjective/Misc,و,9,1,2
واج‌شناس,Noun/Adjective/Misc,و,8,1,2
واج‌شناسی,Noun/Adjective/Misc,و,9,1,2
واج‌نویسی,Noun/Adjective/Misc,و,9,1,2
وادی‌القری,Noun/Adjective/Misc,و,10,1,2
وارونه‌سازی,Noun/Adjective/Misc,و,11,1,2
وارون‌پذیر,Noun/Adjective/Misc,و,10,1,2
واسطه‌گر,Noun/Adjective/Misc,و,8,1,2
واسطه‌گری,Noun/Adjective/Misc,و,9,1,2
واشنگتن‌تایمز,Noun/Adjective/Misc,و,13,1,2
واشنگتن‌پست,Noun/Adjective/Misc,و,11,1,2
واصل‌شده,Noun/Adjective/Misc,و,8,1,2
واضح‌کننده,Noun/Adjective/Misc,و,10,1,2
واقعه‌نگار,Noun/Adjective/Misc,و,10,1,2
واقعه‌گویی,Noun/Adjective/Misc,و,10,1,2
واقعیت‌شناسی,Noun/Adjective/Misc,و,12,1,2
واقعیت‌نگر,Noun/Adjective/Misc,و,10,1,2
واقعیت‌گرا,Noun/Adjective/Misc,و,10,1,2
واقع‌بین,Noun/Adjective/Misc,و,8,1,2
واقع‌بینانه,Noun/Adjective/Misc,و,11,1,2
واقع‌بینی,Noun/Adjective/Misc,و,9,1,2
واقع‌شدن,Noun/Adjective/Misc,و,8,1,2
واقع‌شده,Noun/Adjective/Misc,و,8,1,2
واقع‌نما,Noun/Adjective/Misc,و,8,1,2
واقع‌نمایی,Noun/Adjective/Misc,و,10,1,2
واقع‌نگر,Noun/Adjective/Misc,و,8,1,2
واقع‌نگری,Noun/Adjective/Misc,و,9,1,2
واقع‌گرا,Noun/Adjective/Misc,و,8,1,2
واقع‌گرایانه,Noun/Adjective/Misc,و,12,1,2
واقع‌گرایی,Noun/Adjective/Misc,و,10,1,2
واق‌واق,Noun/Adjective/Misc,و,7,1,2
وال‌استریت,Noun/Adjective/Misc,و,10,1,2
وام‌دار,Noun/Adjective/Misc,و,7,1,2
وام‌ده,Noun/Adjective/Misc,و,6,1,2
وام‌دهنده,Noun/Adjective/Misc,و,9,1,2
وام‌واژه,Noun/Adjective/Misc,و,8,1,2
وام‌گیرنده,Noun/Adjective/Misc,و,10,1,2
وانت‌بار,Noun/Adjective/Misc,و,8,1,2
واپس‌زدگی,Noun/Adjective/Misc,و,9,1,2
واپس‌گرا,Noun/Adjective/Misc,و,8,1,2
واپس‌گرایی,Noun/Adjective/Misc,و,10,1,2
واژه‌بست,Noun/Adjective/Misc,و,8,1,2
واژه‌ساز,Noun/Adjective/Misc,و,8,1,2
واژه‌شناسی,Noun/Adjective/Misc,و,10,1,2
واژه‌نامه,Noun/Adjective/Misc,و,9,1,2
واژه‌نما,Noun/Adjective/Misc,و,8,1,2
واژه‌پرداز,Noun/Adjective/Misc,و,10,1,2
واژه‌گردانی,Noun/Adjective/Misc,و,11,1,2
واژه‌گزینی,Noun/Adjective/Misc,و,10,1,2
واژه‌یابی,Noun/Adjective/Misc,و,9,1,2
واژک‌شناس,Noun/Adjective/Misc,و,9,1,2
واژگون‌سازی,Noun/Adjective/Misc,و,11,1,2
واکسن‌سازی,Noun/Adjective/Misc,و,10,1,2
واکس‌خورده,Noun/Adjective/Misc,و,10,1,2
واکس‌زده,Noun/Adjective/Misc,و,8,1,2
واکس‌نخورده,Noun/Adjective/Misc,و,11,1,2
واکنش‌دهنده,Noun/Adjective/Misc,و,11,1,2
واکنش‌پذیر,Noun/Adjective/Misc,و,10,1,2
واکنش‌پذیری,Noun/Adjective/Misc,و,11,1,2
واگن‌دار,Noun/Adjective/Misc,و,8,1,2
واگن‌ساز,Noun/Adjective/Misc,و,8,1,2
وب‌سایت,Noun/Adjective/Misc,و,7,1,2
وب‌نوشت,Noun/Adjective/Misc,و,7,1,2
وب‌گاه,Noun/Adjective/Misc,و,6,1,2
وثوق‌الدوله,Noun/Adjective/Misc,و,11,1,2
وثیقه‌نامه,Noun/Adjective/Misc,و,10,1,2
وجه‌الضمان,Noun/Adjective/Misc,و,10,1,2
وجه‌المصالحه,Noun/Adjective/Misc,و,12,1,2
وجه‌تسمیه,Noun/Adjective/Misc,و,9,1,2
وحدت‌آفرین,Noun/Adjective/Misc,و,10,1,2
وحدت‌بخش,Noun/Adjective/Misc,و,8,1,2
وحدت‌شکنی,Noun/Adjective/Misc,و,9,1,2
وحدت‌طلبانه,Noun/Adjective/Misc,و,11,1,2
وحدت‌گرا,Noun/Adjective/Misc,و,8,1,2
وحدت‌گرایانه,Noun/Adjective/Misc,و,12,1,2
وحشت‌آفرین,Noun/Adjective/Misc,و,10,1,2
وحشت‌آمیز,Noun/Adjective/Misc,و,9,1,2
وحشت‌آور,Noun/Adjective/Misc,و,8,1,2
وحشت‌افکن,Noun/Adjective/Misc,و,9,1,2
وحشت‌انگیز,Noun/Adjective/Misc,و,10,1,2
وحشت‌بار,Noun/Adjective/Misc,و,8,1,2
وحشت‌زا,Noun/Adjective/Misc,و,7,1,2
وحشت‌زده,Noun/Adjective/Misc,و,8,1,2
وحشت‌زدگی,Noun/Adjective/Misc,و,9,1,2
وحی‌شده,Noun/Adjective/Misc,و,7,1,2
وراثت‌پذیری,Noun/Adjective/Misc,و,11,1,2
ورجه‌ورجه,Noun/Adjective/Misc,و,9,1,2
ورجه‌وورجه,Noun/Adjective/Misc,و,10,1,2
ورزش‌درمانی,Noun/Adjective/Misc,و,11,1,2
ورزش‌کار,Noun/Adjective/Misc,و,8,1,2
ورزش‌کارانه,Noun/Adjective/Misc,و,11,1,2
ورق‌باز,Noun/Adjective/Misc,و,7,1,2
ورق‌بازی,Noun/Adjective/Misc,و,8,1,2
ورق‌پاره,Noun/Adjective/Misc,و,8,1,2
ورم‌کرده,Noun/Adjective/Misc,و,8,1,2
وزنه‌بردار,Noun/Adjective/Misc,و,10,1,2
وزنه‌برداری,Noun/Adjective/Misc,و,11,1,2
وزن‌کشی,Noun/Adjective/Misc,و,7,1,2
وسط‌چین,Noun/Adjective/Misc,و,7,1,2
وسعت‌بخشی,Noun/Adjective/Misc,و,9,1,2
وسوسه‌انگیز,Noun/Adjective/Misc,و,11,1,2
وسوسه‌گر,Noun/Adjective/Misc,و,8,1,2
وسیله‌ساز,Noun/Adjective/Misc,و,9,1,2
وصف‌الحال,Noun/Adjective/Misc,و,9,1,2
وصف‌ناشدنی,Noun/Adjective/Misc,و,10,1,2
وصف‌ناپذیر,Noun/Adjective/Misc,و,10,1,2
وصله‌خورده,Noun/Adjective/Misc,و,10,1,2
وصله‌دار,Noun/Adjective/Misc,و,8,1,2
وصله‌پینه,Noun/Adjective/Misc,و,9,1,2
وصل‌کننده,Noun/Adjective/Misc,و,9,1,2
وصول‌شده,Noun/Adjective/Misc,و,8,1,2
وصول‌کننده,Noun/Adjective/Misc,و,10,1,2
وصیت‌نامه,Noun/Adjective/Misc,و,9,1,2
وصیت‌کننده,Noun/Adjective/Misc,و,10,1,2
وضع‌شده,Noun/Adjective/Misc,و,7,1,2
وضع‌کننده,Noun/Adjective/Misc,و,9,1,2
وطن‌خواه,Noun/Adjective/Misc,و,8,1,2
وطن‌خواهی,Noun/Adjective/Misc,و,9,1,2
وطن‌دوست,Noun/Adjective/Misc,و,8,1,2
وطن‌دوستی,Noun/Adjective/Misc,و,9,1,2
وطن‌فروش,Noun/Adjective/Misc,و,8,1,2
وطن‌فروشی,Noun/Adjective/Misc,و,9,1,2
وطن‌پرست,Noun/Adjective/Misc,و,8,1,2
وطن‌پرستانه,Noun/Adjective/Misc,و,11,1,2
وطن‌پرستی,Noun/Adjective/Misc,و,9,1,2
وظیفه‌داشتن,Noun/Adjective/Misc,و,11,1,2
وظیفه‌شناس,Noun/Adjective/Misc,و,10,1,2
وظیفه‌شناسی,Noun/Adjective/Misc,و,11,1,2
وظیفه‌نشناس,Noun/Adjective/Misc,و,11,1,2
وعده‌دار,Noun/Adjective/Misc,و,8,1,2
وعده‌ووعید,Noun/Adjective/Misc,و,10,1,2
وعده‌گاه,Noun/Adjective/Misc,و,8,1,2
وقایع‌نامه,Noun/Adjective/Misc,و,10,1,2
وقایع‌نویس,Noun/Adjective/Misc,و,10,1,2
وقایع‌نگار,Noun/Adjective/Misc,و,10,1,2
وقایع‌نگاری,Noun/Adjective/Misc,و,11,1,2
وقتی‌که,Noun/Adjective/Misc,و,7,1,2
وقت‌شناس,Noun/Adjective/Misc,و,8,1,2
وقت‌شناسی,Noun/Adjective/Misc,و,9,1,2
وقت‌کشی,Noun/Adjective/Misc,و,7,1,2
وقت‌گذرانی,Noun/Adjective/Misc,و,10,1,2
وقت‌گیر,Noun/Adjective/Misc,و,7,1,2
وقفه‌ناپذیر,Noun/Adjective/Misc,و,11,1,2
وقف‌شده,Noun/Adjective/Misc,و,7,1,2
ولایت‌خواه,Noun/Adjective/Misc,و,10,1,2
ولایت‌خواهی,Noun/Adjective/Misc,و,11,1,2
ولایت‌عهد,Noun/Adjective/Misc,و,9,1,2
ولایت‌عهدی,Noun/Adjective/Misc,و,10,1,2
ولایت‌فقیه,Noun/Adjective/Misc,و,10,1,2
ولایت‌پذیر,Noun/Adjective/Misc,و,10,1,2
ولایت‌پذیری,Noun/Adjective/Misc,و,11,1,2
ولت‌آمپر,Noun/Adjective/Misc,و,8,1,2
ولت‌متر,Noun/Adjective/Misc,و,7,1,2
ولی‌الله,Noun/Adjective/Misc,و,8,1,2
ولی‌عصر,Noun/Adjective/Misc,و,7,1,2
ولی‌فقیه,Noun/Adjective/Misc,و,8,1,2
ولی‌نعمت,Noun/Adjective/Misc,و,8,1,2
ولی‌نعمتی,Noun/Adjective/Misc,و,9,1,2
ول‌کن,Noun/Adjective/Misc,و,5,1,2
وهاب‌زاده,Noun/Adjective/Misc,و,9,1,2
وهم‌آلود,Noun/Adjective/Misc,و,8,1,2
وهم‌انگیز,Noun/Adjective/Misc,و,9,1,2
وکالت‌نامه,Noun/Adjective/Misc,و,10,1,2
وکالت‌نامچه,Noun/Adjective/Misc,و,11,1,2
وکیل‌آباد,Noun/Adjective/Misc,و,9,1,2
وکیل‌الرعایا,Noun/Adjective/Misc,و,12,1,2
ویتامین‌دار,Noun/Adjective/Misc,و,11,1,2
ویراستاری‌شده,Noun/Adjective/Misc,و,13,1,2
ویراست‌لایو,Noun/Adjective/Misc,و,11,1,2
ویران‌سازی,Noun/Adjective/Misc,و,10,1,2
ویران‌شده,Noun/Adjective/Misc,و,9,1,2
ویران‌کننده,Noun/Adjective/Misc,و,11,1,2
ویروس‌شناس,Noun/Adjective/Misc,و,10,1,2
ویلن‌سل,Noun/Adjective/Misc,و,7,1,2
ویولن‌سل,Noun/Adjective/Misc,و,8,1,2
ویژه‌برنامه,Noun/Adjective/Misc,و,11,1,2
ویژه‌نامه,Noun/Adjective/Misc,و,9,1,2
ویژوال‌بیسیک,Noun/Adjective/Misc,و,12,1,2
ویکی‌پدیا,Noun/Adjective/Misc,و,9,1,2
وافل‌کوفر,Noun/Adjective/Misc,و,9,1,2
واقعیت‌گرایی,Noun/Adjective/Misc,و,12,1,2
وام‌گیر,Noun/Adjective/Misc,و,7,1,2
وبلاگ‌نویس,Noun/Adjective/Misc,و,10,1,2
وب‌مستر,Noun/Adjective/Misc,و,7,1,2
وب‌گذر,Noun/Adjective/Misc,و,6,1,2
وجیه‌المله,Noun/Adjective/Misc,و,10,1,2
وحدت‌آفرینی,Noun/Adjective/Misc,و,11,1,2
وحشی‌گری,Noun/Adjective/Misc,و,8,1,2
ورزشی‌نویس,Noun/Adjective/Misc,و,10,1,2
وسط‌السماء,Noun/Adjective/Misc,و,10,1,2
وظیفه‌ای,Noun/Adjective/Misc,و,8,1,2
وقاحت‌پردازی,Noun/Adjective/Misc,و,12,1,2
وقف‌نامه,Noun/Adjective/Misc,و,8,1,2
ولایت‌مدارنما,Noun/Adjective/Misc,و,13,1,2
ون‌جی,Noun/Adjective/Misc,و,5,1,2
ویکی‌پدیای,Noun/Adjective/Misc,و,10,1,2
واقعه‌طلب,Noun/Adjective/Misc,و,9,1,2
وام‌خواهی,Noun/Adjective/Misc,و,9,1,2
وحشت‌افزا,Noun/Adjective/Misc,و,9,1,2
وداع‌گفتن,Noun/Adjective/Misc,و,9,1,2
ورقه‌ورقه,Noun/Adjective/Misc,و,9,1,2
ورم‌دار,Noun/Adjective/Misc,و,7,1,2
وضع‌حمل,Noun/Adjective/Misc,و,7,1,2
وظیفه‌خوار,Noun/Adjective/Misc,و,10,1,2
وظیفه‌خور,Noun/Adjective/Misc,و,9,1,2
وظیفه‌دان,Noun/Adjective/Misc,و,9,1,2
وهن‌آمیز,Noun/Adjective/Misc,و,8,1,2
ویران‌ساز,Noun/Adjective/Misc,و,9,1,2
هاج‌وواج,Noun/Adjective/Misc,ه,8,1,2
هارت‌وهورت,Noun/Adjective/Misc,ه,10,1,2
هارت‌وپورت,Noun/Adjective/Misc,ه,10,1,2
هارون‌الرشید,Noun/Adjective/Misc,ه,12,1,2
هاشم‌آباد,Noun/Adjective/Misc,ه,9,1,2
هاشم‌پور,Noun/Adjective/Misc,ه,8,1,2
های‌وهوی,Noun/Adjective/Misc,ه,8,1,2
هبوط‌کرده,Noun/Adjective/Misc,ه,9,1,2
هتل‌سازی,Noun/Adjective/Misc,ه,8,1,2
هجده‌بخشی,Noun/Adjective/Misc,ه,9,1,2
هجده‌تا,Noun/Adjective/Misc,ه,7,1,2
هجده‌تایی,Noun/Adjective/Misc,ه,9,1,2
هجده‌ثانیه‌ای,Noun/Adjective/Misc,ه,13,1,3
هجده‌جلدی,Noun/Adjective/Misc,ه,9,1,2
هجده‌حالته,Noun/Adjective/Misc,ه,10,1,2
هجده‌حالتی,Noun/Adjective/Misc,ه,10,1,2
هجده‌حرفی,Noun/Adjective/Misc,ه,9,1,2
هجده‌دانه‌ای,Noun/Adjective/Misc,ه,12,1,3
هجده‌درصدی,Noun/Adjective/Misc,ه,10,1,2
هجده‌دقیقه‌ای,Noun/Adjective/Misc,ه,13,1,3
هجده‌رقمی,Noun/Adjective/Misc,ه,9,1,2
هجده‌روزه,Noun/Adjective/Misc,ه,9,1,2
هجده‌ساعته,Noun/Adjective/Misc,ه,10,1,2
هجده‌ساعتی,Noun/Adjective/Misc,ه,10,1,2
هجده‌ساله,Noun/Adjective/Misc,ه,9,1,2
هجده‌سالگی,Noun/Adjective/Misc,ه,10,1,2
هجده‌صفحه‌ای,Noun/Adjective/Misc,ه,12,1,3
هجده‌قسمته,Noun/Adjective/Misc,ه,10,1,2
هجده‌قسمتی,Noun/Adjective/Misc,ه,10,1,2
هجده‌ماهه,Noun/Adjective/Misc,ه,9,1,2
هجده‌ماهگی,Noun/Adjective/Misc,ه,10,1,2
هجده‌میلیاردی,Noun/Adjective/Misc,ه,13,1,2
هجده‌میلیونی,Noun/Adjective/Misc,ه,12,1,2
هجده‌میلیون‌نفره,Noun/Adjective/Misc,ه,16,1,3
هجده‌میلیون‌نفری,Noun/Adjective/Misc,ه,16,1,3
هجده‌نفره,Noun/Adjective/Misc,ه,9,1,2
هجده‌نفری,Noun/Adjective/Misc,ه,9,1,2
هجده‌هجایی,Noun/Adjective/Misc,ه,10,1,2
هجده‌هزارساله,Noun/Adjective/Misc,ه,13,1,2
هجده‌هزارسالگی,Noun/Adjective/Misc,ه,14,1,2
هجده‌هزارنفره,Noun/Adjective/Misc,ه,13,1,2
هجده‌هزارنفری,Noun/Adjective/Misc,ه,13,1,2
هجده‌هفته‌ای,Noun/Adjective/Misc,ه,12,1,3
هجده‌گانه,Noun/Adjective/Misc,ه,9,1,2
هدایت‌شده,Noun/Adjective/Misc,ه,9,1,2
هدایت‌شونده,Noun/Adjective/Misc,ه,11,1,2
هدایت‌کننده,Noun/Adjective/Misc,ه,11,1,2
هدایت‌گر,Noun/Adjective/Misc,ه,8,1,2
هدایت‌گری,Noun/Adjective/Misc,ه,9,1,2
هدف‌دار,Noun/Adjective/Misc,ه,7,1,2
هدف‌گذاری,Noun/Adjective/Misc,ه,9,1,2
هدف‌گرا,Noun/Adjective/Misc,ه,7,1,2
هدف‌گیر,Noun/Adjective/Misc,ه,7,1,2
هدف‌گیری,Noun/Adjective/Misc,ه,8,1,2
هذیان‌گو,Noun/Adjective/Misc,ه,8,1,2
هراس‌آور,Noun/Adjective/Misc,ه,8,1,2
هراس‌انگیز,Noun/Adjective/Misc,ه,10,1,2
هرج‌ومرج,Noun/Adjective/Misc,ه,8,1,2
هرزه‌گرد,Noun/Adjective/Misc,ه,8,1,2
هرزه‌گردی,Noun/Adjective/Misc,ه,9,1,2
هرزه‌گو,Noun/Adjective/Misc,ه,7,1,2
هرس‌کننده,Noun/Adjective/Misc,ه,9,1,2
هزارثانیه‌ای,Noun/Adjective/Misc,ه,12,1,2
هزاردانه‌ای,Noun/Adjective/Misc,ه,11,1,2
هزاردقیقه‌ای,Noun/Adjective/Misc,ه,12,1,2
هزارصفحه‌ای,Noun/Adjective/Misc,ه,11,1,2
هزارهفته‌ای,Noun/Adjective/Misc,ه,11,1,2
هزاره‌جات,Noun/Adjective/Misc,ه,9,1,2
هزارکلمه‌ای,Noun/Adjective/Misc,ه,11,1,2
هزل‌گو,Noun/Adjective/Misc,ه,6,1,2
هزینه‌بر,Noun/Adjective/Misc,ه,8,1,2
هزینه‌بردار,Noun/Adjective/Misc,ه,11,1,2
هزینه‌تراشی,Noun/Adjective/Misc,ه,11,1,2
هزینه‌دار,Noun/Adjective/Misc,ه,9,1,2
هزینه‌ساز,Noun/Adjective/Misc,ه,9,1,2
هزینه‌یابی,Noun/Adjective/Misc,ه,10,1,2
هستان‌شناس,Noun/Adjective/Misc,ه,10,1,2
هسته‌ای,Noun/Adjective/Misc,ه,7,1,2
هسته‌دار,Noun/Adjective/Misc,ه,8,1,2
هستی‌بخش,Noun/Adjective/Misc,ه,8,1,2
هستی‌شناس,Noun/Adjective/Misc,ه,9,1,2
هشتادثانیه‌ای,Noun/Adjective/Misc,ه,13,1,2
هشتاددانه‌ای,Noun/Adjective/Misc,ه,12,1,2
هشتاددقیقه‌ای,Noun/Adjective/Misc,ه,13,1,2
هشتادصفحه‌ای,Noun/Adjective/Misc,ه,12,1,2
هشتادمیلیون‌نفره,Noun/Adjective/Misc,ه,16,1,2
هشتادمیلیون‌نفری,Noun/Adjective/Misc,ه,16,1,2
هشتادهفته‌ای,Noun/Adjective/Misc,ه,12,1,2
هشتادوسه‌ساله,Noun/Adjective/Misc,ه,13,1,2
هشتادوسه‌سالگی,Noun/Adjective/Misc,ه,14,1,2
هشتادوشش‌ساله,Noun/Adjective/Misc,ه,13,1,2
هشتادوشش‌سالگی,Noun/Adjective/Misc,ه,14,1,2
هشتادونه‌ساله,Noun/Adjective/Misc,ه,13,1,2
هشتادونه‌سالگی,Noun/Adjective/Misc,ه,14,1,2
هشتادوهشت‌ساله,Noun/Adjective/Misc,ه,14,1,2
هشتادوهشت‌سالگی,Noun/Adjective/Misc,ه,15,1,2
هشتادوهفت‌ساله,Noun/Adjective/Misc,ه,14,1,2
هشتادوهفت‌سالگی,Noun/Adjective/Misc,ه,15,1,2
هشتادوپنج‌ساله,Noun/Adjective/Misc,ه,14,1,2
هشتادوپنج‌سالگی,Noun/Adjective/Misc,ه,15,1,2
هشتادویک‌ساله,Noun/Adjective/Misc,ه,13,1,2
هشتادویک‌سالگی,Noun/Adjective/Misc,ه,14,1,2
هشتادکلمه‌ای,Noun/Adjective/Misc,ه,12,1,2
هشت‌باره,Noun/Adjective/Misc,ه,8,1,2
هشت‌بخشی,Noun/Adjective/Misc,ه,8,1,2
هشت‌بهشت,Noun/Adjective/Misc,ه,8,1,2
هشت‌به‌هشت,Noun/Adjective/Misc,ه,10,1,3
هشت‌تا,Noun/Adjective/Misc,ه,6,1,2
هشت‌تاهشت‌تا,Noun/Adjective/Misc,ه,12,1,3
هشت‌تایکی,Noun/Adjective/Misc,ه,9,1,2
هشت‌تایی,Noun/Adjective/Misc,ه,8,1,2
هشت‌ثانیه‌ای,Noun/Adjective/Misc,ه,12,1,3
هشت‌جانبه,Noun/Adjective/Misc,ه,9,1,2
هشت‌جلدی,Noun/Adjective/Misc,ه,8,1,2
هشت‌جمله‌ای,Noun/Adjective/Misc,ه,11,1,3
هشت‌حالته,Noun/Adjective/Misc,ه,9,1,2
هشت‌حالتی,Noun/Adjective/Misc,ه,9,1,2
هشت‌حرفی,Noun/Adjective/Misc,ه,8,1,2
هشت‌دانه‌ای,Noun/Adjective/Misc,ه,11,1,3
هشت‌درصدی,Noun/Adjective/Misc,ه,9,1,2
هشت‌دستگی,Noun/Adjective/Misc,ه,9,1,2
هشت‌دقیقه‌ای,Noun/Adjective/Misc,ه,12,1,3
هشت‌دهم,Noun/Adjective/Misc,ه,7,1,2
هشت‌دوم,Noun/Adjective/Misc,ه,7,1,2
هشت‌دوّم,Noun/Adjective/Misc,ه,8,1,2
هشت‌رقمی,Noun/Adjective/Misc,ه,8,1,2
هشت‌روزه,Noun/Adjective/Misc,ه,8,1,2
هشت‌ساعته,Noun/Adjective/Misc,ه,9,1,2
هشت‌ساعتی,Noun/Adjective/Misc,ه,9,1,2
هشت‌ساله,Noun/Adjective/Misc,ه,8,1,2
هشت‌سالگی,Noun/Adjective/Misc,ه,9,1,2
هشت‌سوم,Noun/Adjective/Misc,ه,7,1,2
هشت‌سوّم,Noun/Adjective/Misc,ه,8,1,2
هشت‌ششم,Noun/Adjective/Misc,ه,7,1,2
هشت‌صدبخشی,Noun/Adjective/Misc,ه,10,1,2
هشت‌صدتا,Noun/Adjective/Misc,ه,8,1,2
هشت‌صدثانیه‌ای,Noun/Adjective/Misc,ه,14,1,3
هشت‌صدجلدی,Noun/Adjective/Misc,ه,10,1,2
هشت‌صدحالته,Noun/Adjective/Misc,ه,11,1,2
هشت‌صدحالتی,Noun/Adjective/Misc,ه,11,1,2
هشت‌صددانه‌ای,Noun/Adjective/Misc,ه,13,1,3
هشت‌صددقیقه‌ای,Noun/Adjective/Misc,ه,14,1,3
هشت‌صدرقمی,Noun/Adjective/Misc,ه,10,1,2
هشت‌صدروزه,Noun/Adjective/Misc,ه,10,1,2
هشت‌صدساعته,Noun/Adjective/Misc,ه,11,1,2
هشت‌صدساعتی,Noun/Adjective/Misc,ه,11,1,2
هشت‌صدساله,Noun/Adjective/Misc,ه,10,1,2
هشت‌صدسالگی,Noun/Adjective/Misc,ه,11,1,2
هشت‌صدصفحه‌ای,Noun/Adjective/Misc,ه,13,1,3
هشت‌صدقسمته,Noun/Adjective/Misc,ه,11,1,2
هشت‌صدقسمتی,Noun/Adjective/Misc,ه,11,1,2
هشت‌صدم,Noun/Adjective/Misc,ه,7,1,2
هشت‌صدماهه,Noun/Adjective/Misc,ه,10,1,2
هشت‌صدماهگی,Noun/Adjective/Misc,ه,11,1,2
هشت‌صدمیلیاردی,Noun/Adjective/Misc,ه,14,1,2
هشت‌صدمیلیونی,Noun/Adjective/Misc,ه,13,1,2
هشت‌صدمیلیون‌نفره,Noun/Adjective/Misc,ه,17,1,3
هشت‌صدمیلیون‌نفری,Noun/Adjective/Misc,ه,17,1,3
هشت‌صدنفره,Noun/Adjective/Misc,ه,10,1,2
هشت‌صدنفری,Noun/Adjective/Misc,ه,10,1,2
هشت‌صدهزارساله,Noun/Adjective/Misc,ه,14,1,2
هشت‌صدهزارسالگی,Noun/Adjective/Misc,ه,15,1,2
هشت‌صدهزارنفره,Noun/Adjective/Misc,ه,14,1,2
هشت‌صدهزارنفری,Noun/Adjective/Misc,ه,14,1,2
هشت‌صدهفته‌ای,Noun/Adjective/Misc,ه,13,1,3
هشت‌صدوچند,Noun/Adjective/Misc,ه,10,1,2
هشت‌صدوچندساله,Noun/Adjective/Misc,ه,14,1,2
هشت‌صدوچندسالگی,Noun/Adjective/Misc,ه,15,1,2
هشت‌صدکلمه‌ای,Noun/Adjective/Misc,ه,13,1,3
هشت‌صدگانه,Noun/Adjective/Misc,ه,10,1,2
هشت‌صفحه‌ای,Noun/Adjective/Misc,ه,11,1,3
هشت‌ضربی,Noun/Adjective/Misc,ه,8,1,2
هشت‌ضلعی,Noun/Adjective/Misc,ه,8,1,2
هشت‌قسمته,Noun/Adjective/Misc,ه,9,1,2
هشت‌قسمتی,Noun/Adjective/Misc,ه,9,1,2
هشت‌قلو,Noun/Adjective/Misc,ه,7,1,2
هشت‌لو,Noun/Adjective/Misc,ه,6,1,2
هشت‌ماهه,Noun/Adjective/Misc,ه,8,1,2
هشت‌ماهگی,Noun/Adjective/Misc,ه,9,1,2
هشت‌میلیاردنفره,Noun/Adjective/Misc,ه,15,1,2
هشت‌میلیاردنفری,Noun/Adjective/Misc,ه,15,1,2
هشت‌میلیاردی,Noun/Adjective/Misc,ه,12,1,2
هشت‌میلیونی,Noun/Adjective/Misc,ه,11,1,2
هشت‌میلیون‌نفره,Noun/Adjective/Misc,ه,15,1,3
هشت‌میلیون‌نفری,Noun/Adjective/Misc,ه,15,1,3
هشت‌نفره,Noun/Adjective/Misc,ه,8,1,2
هشت‌نفری,Noun/Adjective/Misc,ه,8,1,2
هشت‌نهم,Noun/Adjective/Misc,ه,7,1,2
هشت‌نه‌روزه,Noun/Adjective/Misc,ه,11,1,3
هشت‌نه‌ساله,Noun/Adjective/Misc,ه,11,1,3
هشت‌نه‌ماهه,Noun/Adjective/Misc,ه,11,1,3
هشت‌هجایی,Noun/Adjective/Misc,ه,9,1,2
هشت‌هزارساله,Noun/Adjective/Misc,ه,12,1,2
هشت‌هزارسالگی,Noun/Adjective/Misc,ه,13,1,2
هشت‌هزارصفحه‌ای,Noun/Adjective/Misc,ه,15,1,3
هشت‌هزارم,Noun/Adjective/Misc,ه,9,1,2
هشت‌هزارنفره,Noun/Adjective/Misc,ه,12,1,2
هشت‌هزارنفری,Noun/Adjective/Misc,ه,12,1,2
هشت‌هزاری,Noun/Adjective/Misc,ه,9,1,2
هشت‌هشتم,Noun/Adjective/Misc,ه,8,1,2
هشت‌هفتم,Noun/Adjective/Misc,ه,8,1,2
هشت‌هفته‌ای,Noun/Adjective/Misc,ه,11,1,3
هشت‌وجهی,Noun/Adjective/Misc,ه,8,1,2
هشت‌پا,Noun/Adjective/Misc,ه,6,1,2
هشت‌پرده‌ای,Noun/Adjective/Misc,ه,11,1,3
هشت‌پنجم,Noun/Adjective/Misc,ه,8,1,2
هشت‌چرخه,Noun/Adjective/Misc,ه,8,1,2
هشت‌چهارم,Noun/Adjective/Misc,ه,9,1,2
هشت‌کاره,Noun/Adjective/Misc,ه,8,1,2
هشت‌کلمه‌ای,Noun/Adjective/Misc,ه,11,1,3
هشت‌گانه,Noun/Adjective/Misc,ه,8,1,2
هضم‌کننده,Noun/Adjective/Misc,ه,9,1,2
هفتادثانیه‌ای,Noun/Adjective/Misc,ه,13,1,2
هفتاددانه‌ای,Noun/Adjective/Misc,ه,12,1,2
هفتاددقیقه‌ای,Noun/Adjective/Misc,ه,13,1,2
هفتادصفحه‌ای,Noun/Adjective/Misc,ه,12,1,2
هفتادمیلیون‌نفره,Noun/Adjective/Misc,ه,16,1,2
هفتادمیلیون‌نفری,Noun/Adjective/Misc,ه,16,1,2
هفتادهفته‌ای,Noun/Adjective/Misc,ه,12,1,2
هفتادوسه‌ساله,Noun/Adjective/Misc,ه,13,1,2
هفتادوسه‌سالگی,Noun/Adjective/Misc,ه,14,1,2
هفتادوشش‌ساله,Noun/Adjective/Misc,ه,13,1,2
هفتادوشش‌سالگی,Noun/Adjective/Misc,ه,14,1,2
هفتادونه‌ساله,Noun/Adjective/Misc,ه,13,1,2
هفتادونه‌سالگی,Noun/Adjective/Misc,ه,14,1,2
هفتادوهشت‌ساله,Noun/Adjective/Misc,ه,14,1,2
هفتادوهشت‌سالگی,Noun/Adjective/Misc,ه,15,1,2
هفتادوهفت‌ساله,Noun/Adjective/Misc,ه,14,1,2
هفتادوهفت‌سالگی,Noun/Adjective/Misc,ه,15,1,2
هفتادوپنج‌ساله,Noun/Adjective/Misc,ه,14,1,2
هفتادوپنج‌سالگی,Noun/Adjective/Misc,ه,15,1,2
هفتادویک‌ساله,Noun/Adjective/Misc,ه,13,1,2
هفتادویک‌سالگی,Noun/Adjective/Misc,ه,14,1,2
هفتادکلمه‌ای,Noun/Adjective/Misc,ه,12,1,2
هفته‌نامه,Noun/Adjective/Misc,ه,9,1,2
هفت‌آسمان,Noun/Adjective/Misc,ه,9,1,2
هفت‌اقلیم,Noun/Adjective/Misc,ه,9,1,2
هفت‌انجم,Noun/Adjective/Misc,ه,8,1,2
هفت‌اورنگ,Noun/Adjective/Misc,ه,9,1,2
هفت‌اکتاوی,Noun/Adjective/Misc,ه,10,1,2
هفت‌باره,Noun/Adjective/Misc,ه,8,1,2
هفت‌بخشی,Noun/Adjective/Misc,ه,8,1,2
هفت‌به‌هفت,Noun/Adjective/Misc,ه,10,1,3
هفت‌تا,Noun/Adjective/Misc,ه,6,1,2
هفت‌تاهفت‌تا,Noun/Adjective/Misc,ه,12,1,3
هفت‌تایکی,Noun/Adjective/Misc,ه,9,1,2
هفت‌تایی,Noun/Adjective/Misc,ه,8,1,2
هفت‌تنان,Noun/Adjective/Misc,ه,8,1,2
هفت‌تپه,Noun/Adjective/Misc,ه,7,1,2
هفت‌تیر,Noun/Adjective/Misc,ه,7,1,2
هفت‌تیرکش,Noun/Adjective/Misc,ه,9,1,2
هفت‌تیرکشی,Noun/Adjective/Misc,ه,10,1,2
هفت‌ثانیه‌ای,Noun/Adjective/Misc,ه,12,1,3
هفت‌جانبه,Noun/Adjective/Misc,ه,9,1,2
هفت‌جلدی,Noun/Adjective/Misc,ه,8,1,2
هفت‌جمله‌ای,Noun/Adjective/Misc,ه,11,1,3
هفت‌حالته,Noun/Adjective/Misc,ه,9,1,2
هفت‌حالتی,Noun/Adjective/Misc,ه,9,1,2
هفت‌حرفی,Noun/Adjective/Misc,ه,8,1,2
هفت‌حوض,Noun/Adjective/Misc,ه,7,1,2
هفت‌خط,Noun/Adjective/Misc,ه,6,1,2
هفت‌دانه‌ای,Noun/Adjective/Misc,ه,11,1,3
هفت‌درجه‌ای,Noun/Adjective/Misc,ه,11,1,3
هفت‌درصدی,Noun/Adjective/Misc,ه,9,1,2
هفت‌دستگی,Noun/Adjective/Misc,ه,9,1,2
هفت‌دقیقه‌ای,Noun/Adjective/Misc,ه,12,1,3
هفت‌دهم,Noun/Adjective/Misc,ه,7,1,2
هفت‌دوم,Noun/Adjective/Misc,ه,7,1,2
هفت‌دوّم,Noun/Adjective/Misc,ه,8,1,2
هفت‌رقمی,Noun/Adjective/Misc,ه,8,1,2
هفت‌روزه,Noun/Adjective/Misc,ه,8,1,2
هفت‌ساعته,Noun/Adjective/Misc,ه,9,1,2
هفت‌ساعتی,Noun/Adjective/Misc,ه,9,1,2
هفت‌ساله,Noun/Adjective/Misc,ه,8,1,2
هفت‌سالگی,Noun/Adjective/Misc,ه,9,1,2
هفت‌سنگ,Noun/Adjective/Misc,ه,7,1,2
هفت‌سوم,Noun/Adjective/Misc,ه,7,1,2
هفت‌سوّم,Noun/Adjective/Misc,ه,8,1,2
هفت‌سین,Noun/Adjective/Misc,ه,7,1,2
هفت‌ششم,Noun/Adjective/Misc,ه,7,1,2
هفت‌صدبخشی,Noun/Adjective/Misc,ه,10,1,2
هفت‌صدتا,Noun/Adjective/Misc,ه,8,1,2
هفت‌صدثانیه‌ای,Noun/Adjective/Misc,ه,14,1,3
هفت‌صدجلدی,Noun/Adjective/Misc,ه,10,1,2
هفت‌صدحالته,Noun/Adjective/Misc,ه,11,1,2
هفت‌صدحالتی,Noun/Adjective/Misc,ه,11,1,2
هفت‌صددانه‌ای,Noun/Adjective/Misc,ه,13,1,3
هفت‌صددقیقه‌ای,Noun/Adjective/Misc,ه,14,1,3
هفت‌صدرقمی,Noun/Adjective/Misc,ه,10,1,2
هفت‌صدروزه,Noun/Adjective/Misc,ه,10,1,2
هفت‌صدساعته,Noun/Adjective/Misc,ه,11,1,2
هفت‌صدساعتی,Noun/Adjective/Misc,ه,11,1,2
هفت‌صدساله,Noun/Adjective/Misc,ه,10,1,2
هفت‌صدسالگی,Noun/Adjective/Misc,ه,11,1,2
هفت‌صدصفحه‌ای,Noun/Adjective/Misc,ه,13,1,3
هفت‌صدقسمته,Noun/Adjective/Misc,ه,11,1,2
هفت‌صدقسمتی,Noun/Adjective/Misc,ه,11,1,2
هفت‌صدم,Noun/Adjective/Misc,ه,7,1,2
هفت‌صدماهه,Noun/Adjective/Misc,ه,10,1,2
هفت‌صدماهگی,Noun/Adjective/Misc,ه,11,1,2
هفت‌صدمیلیاردی,Noun/Adjective/Misc,ه,14,1,2
هفت‌صدمیلیونی,Noun/Adjective/Misc,ه,13,1,2
هفت‌صدمیلیون‌نفره,Noun/Adjective/Misc,ه,17,1,3
هفت‌صدمیلیون‌نفری,Noun/Adjective/Misc,ه,17,1,3
هفت‌صدنفره,Noun/Adjective/Misc,ه,10,1,2
هفت‌صدنفری,Noun/Adjective/Misc,ه,10,1,2
هفت‌صدهزارساله,Noun/Adjective/Misc,ه,14,1,2
هفت‌صدهزارسالگی,Noun/Adjective/Misc,ه,15,1,2
هفت‌صدهزارنفره,Noun/Adjective/Misc,ه,14,1,2
هفت‌صدهزارنفری,Noun/Adjective/Misc,ه,14,1,2
هفت‌صدهفته‌ای,Noun/Adjective/Misc,ه,13,1,3
هفت‌صدوچند,Noun/Adjective/Misc,ه,10,1,2
هفت‌صدوچندساله,Noun/Adjective/Misc,ه,14,1,2
هفت‌صدوچندسالگی,Noun/Adjective/Misc,ه,15,1,2
هفت‌صدکلمه‌ای,Noun/Adjective/Misc,ه,13,1,3
هفت‌صدگانه,Noun/Adjective/Misc,ه,10,1,2
هفت‌صفحه‌ای,Noun/Adjective/Misc,ه,11,1,3
هفت‌ضربی,Noun/Adjective/Misc,ه,8,1,2
هفت‌طبقه,Noun/Adjective/Misc,ه,8,1,2
هفت‌قسمته,Noun/Adjective/Misc,ه,9,1,2
هفت‌قسمتی,Noun/Adjective/Misc,ه,9,1,2
هفت‌قلو,Noun/Adjective/Misc,ه,7,1,2
هفت‌لو,Noun/Adjective/Misc,ه,6,1,2
هفت‌ماهه,Noun/Adjective/Misc,ه,8,1,2
هفت‌ماهگی,Noun/Adjective/Misc,ه,9,1,2
هفت‌میلیاردنفره,Noun/Adjective/Misc,ه,15,1,2
هفت‌میلیاردنفری,Noun/Adjective/Misc,ه,15,1,2
هفت‌میلیاردی,Noun/Adjective/Misc,ه,12,1,2
هفت‌میلیونی,Noun/Adjective/Misc,ه,11,1,2
هفت‌میلیون‌نفره,Noun/Adjective/Misc,ه,15,1,3
هفت‌میلیون‌نفری,Noun/Adjective/Misc,ه,15,1,3
هفت‌نفره,Noun/Adjective/Misc,ه,8,1,2
هفت‌نفری,Noun/Adjective/Misc,ه,8,1,2
هفت‌نهم,Noun/Adjective/Misc,ه,7,1,2
هفت‌هجایی,Noun/Adjective/Misc,ه,9,1,2
هفت‌هزارساله,Noun/Adjective/Misc,ه,12,1,2
هفت‌هزارسالگی,Noun/Adjective/Misc,ه,13,1,2
هفت‌هزارصفحه‌ای,Noun/Adjective/Misc,ه,15,1,3
هفت‌هزارم,Noun/Adjective/Misc,ه,9,1,2
هفت‌هزارنفره,Noun/Adjective/Misc,ه,12,1,2
هفت‌هزارنفری,Noun/Adjective/Misc,ه,12,1,2
هفت‌هزاری,Noun/Adjective/Misc,ه,9,1,2
هفت‌هشتم,Noun/Adjective/Misc,ه,8,1,2
هفت‌هشت‌روزه,Noun/Adjective/Misc,ه,12,1,3
هفت‌هشت‌ساله,Noun/Adjective/Misc,ه,12,1,3
هفت‌هشت‌ماهه,Noun/Adjective/Misc,ه,12,1,3
هفت‌هفتم,Noun/Adjective/Misc,ه,8,1,2
هفت‌هفته‌ای,Noun/Adjective/Misc,ه,11,1,3
هفت‌پرده‌ای,Noun/Adjective/Misc,ه,11,1,3
هفت‌پنجم,Noun/Adjective/Misc,ه,8,1,2
هفت‌پیکر,Noun/Adjective/Misc,ه,8,1,2
هفت‌چرخه,Noun/Adjective/Misc,ه,8,1,2
هفت‌چشمه,Noun/Adjective/Misc,ه,8,1,2
هفت‌چنار,Noun/Adjective/Misc,ه,8,1,2
هفت‌چهارم,Noun/Adjective/Misc,ه,9,1,2
هفت‌کاره,Noun/Adjective/Misc,ه,8,1,2
هفت‌کلمه‌ای,Noun/Adjective/Misc,ه,11,1,3
هفت‌گانه,Noun/Adjective/Misc,ه,8,1,2
هفت‌گنبد,Noun/Adjective/Misc,ه,8,1,2
هفده‌بخشی,Noun/Adjective/Misc,ه,9,1,2
هفده‌تا,Noun/Adjective/Misc,ه,7,1,2
هفده‌تایی,Noun/Adjective/Misc,ه,9,1,2
هفده‌ثانیه‌ای,Noun/Adjective/Misc,ه,13,1,3
هفده‌جلدی,Noun/Adjective/Misc,ه,9,1,2
هفده‌حالته,Noun/Adjective/Misc,ه,10,1,2
هفده‌حالتی,Noun/Adjective/Misc,ه,10,1,2
هفده‌حرفی,Noun/Adjective/Misc,ه,9,1,2
هفده‌دانه‌ای,Noun/Adjective/Misc,ه,12,1,3
هفده‌درصدی,Noun/Adjective/Misc,ه,10,1,2
هفده‌دقیقه‌ای,Noun/Adjective/Misc,ه,13,1,3
هفده‌رقمی,Noun/Adjective/Misc,ه,9,1,2
هفده‌روزه,Noun/Adjective/Misc,ه,9,1,2
هفده‌ساعته,Noun/Adjective/Misc,ه,10,1,2
هفده‌ساعتی,Noun/Adjective/Misc,ه,10,1,2
هفده‌ساله,Noun/Adjective/Misc,ه,9,1,2
هفده‌سالگی,Noun/Adjective/Misc,ه,10,1,2
هفده‌صفحه‌ای,Noun/Adjective/Misc,ه,12,1,3
هفده‌قسمته,Noun/Adjective/Misc,ه,10,1,2
هفده‌قسمتی,Noun/Adjective/Misc,ه,10,1,2
هفده‌ماهه,Noun/Adjective/Misc,ه,9,1,2
هفده‌ماهگی,Noun/Adjective/Misc,ه,10,1,2
هفده‌میلیاردی,Noun/Adjective/Misc,ه,13,1,2
هفده‌میلیونی,Noun/Adjective/Misc,ه,12,1,2
هفده‌میلیون‌نفره,Noun/Adjective/Misc,ه,16,1,3
هفده‌میلیون‌نفری,Noun/Adjective/Misc,ه,16,1,3
هفده‌نفره,Noun/Adjective/Misc,ه,9,1,2
هفده‌نفری,Noun/Adjective/Misc,ه,9,1,2
هفده‌هجایی,Noun/Adjective/Misc,ه,10,1,2
هفده‌هزارساله,Noun/Adjective/Misc,ه,13,1,2
هفده‌هزارسالگی,Noun/Adjective/Misc,ه,14,1,2
هفده‌هزارنفره,Noun/Adjective/Misc,ه,13,1,2
هفده‌هزارنفری,Noun/Adjective/Misc,ه,13,1,2
هفده‌هفته‌ای,Noun/Adjective/Misc,ه,12,1,3
هفده‌گانه,Noun/Adjective/Misc,ه,9,1,2
هق‌هق,Noun/Adjective/Misc,ه,5,1,2
هق‌هق‌کنان,Noun/Adjective/Misc,ه,10,1,3
هلال‌احمر,Noun/Adjective/Misc,ه,9,1,2
هلاک‌کننده,Noun/Adjective/Misc,ه,10,1,2
هلندی‌زبان,Noun/Adjective/Misc,ه,10,1,2
هله‌هوله,Noun/Adjective/Misc,ه,8,1,2
همان‌جا,Noun/Adjective/Misc,ه,7,1,2
همان‌سان,Noun/Adjective/Misc,ه,8,1,2
همان‌طور,Noun/Adjective/Misc,ه,8,1,2
همان‌طوری,Noun/Adjective/Misc,ه,9,1,2
همان‌قدر,Noun/Adjective/Misc,ه,8,1,2
همان‌گونه,Noun/Adjective/Misc,ه,9,1,2
هماهنگ‌سازی,Noun/Adjective/Misc,ه,11,1,2
هماهنگ‌کننده,Noun/Adjective/Misc,ه,12,1,2
همت‌آباد,Noun/Adjective/Misc,ه,8,1,2
همراهی‌کننده,Noun/Adjective/Misc,ه,12,1,2
همسان‌سازی,Noun/Adjective/Misc,ه,10,1,2
همه‌جا,Noun/Adjective/Misc,ه,6,1,2
همه‌جانبه,Noun/Adjective/Misc,ه,9,1,2
همه‌جوره,Noun/Adjective/Misc,ه,8,1,2
همه‌روزه,Noun/Adjective/Misc,ه,8,1,2
همه‌ساله,Noun/Adjective/Misc,ه,8,1,2
همه‌پرسی,Noun/Adjective/Misc,ه,8,1,2
همه‌کاره,Noun/Adjective/Misc,ه,8,1,2
همه‌گیر,Noun/Adjective/Misc,ه,7,1,2
همه‌گیری,Noun/Adjective/Misc,ه,8,1,2
همگام‌سازی,Noun/Adjective/Misc,ه,10,1,2
همگن‌سازی,Noun/Adjective/Misc,ه,9,1,2
همیشه‌بهار,Noun/Adjective/Misc,ه,10,1,2
همین‌که,Noun/Adjective/Misc,ه,7,1,2
همین‌گونه,Noun/Adjective/Misc,ه,9,1,2
هم‌آغوش,Noun/Adjective/Misc,ه,7,1,2
هم‌آغوشی,Noun/Adjective/Misc,ه,8,1,2
هم‌آمیزی,Noun/Adjective/Misc,ه,8,1,2
هم‌آوا,Noun/Adjective/Misc,ه,6,1,2
هم‌آواز,Noun/Adjective/Misc,ه,7,1,2
هم‌آیند,Noun/Adjective/Misc,ه,7,1,2
هم‌اتاق,Noun/Adjective/Misc,ه,7,1,2
هم‌اتاقی,Noun/Adjective/Misc,ه,8,1,2
هم‌ارز,Noun/Adjective/Misc,ه,6,1,2
هم‌اسم,Noun/Adjective/Misc,ه,6,1,2
هم‌افزا,Noun/Adjective/Misc,ه,7,1,2
هم‌اندازه,Noun/Adjective/Misc,ه,9,1,2
هم‌اندیش,Noun/Adjective/Misc,ه,8,1,2
هم‌اندیشی,Noun/Adjective/Misc,ه,9,1,2
هم‌اکنون,Noun/Adjective/Misc,ه,8,1,2
هم‌اینک,Noun/Adjective/Misc,ه,7,1,2
هم‌بازی,Noun/Adjective/Misc,ه,7,1,2
هم‌بستر,Noun/Adjective/Misc,ه,7,1,2
هم‌بستگی,Noun/Adjective/Misc,ه,8,1,2
هم‌بها,Noun/Adjective/Misc,ه,6,1,2
هم‌تراز,Noun/Adjective/Misc,ه,7,1,2
هم‌تلفظ,Noun/Adjective/Misc,ه,7,1,2
هم‌تیم,Noun/Adjective/Misc,ه,6,1,2
هم‌تیمی,Noun/Adjective/Misc,ه,7,1,2
هم‌جنس,Noun/Adjective/Misc,ه,6,1,2
هم‌جنس‌باز,Noun/Adjective/Misc,ه,10,1,3
هم‌جنس‌بازی,Noun/Adjective/Misc,ه,11,1,3
هم‌جنس‌خواهانه,Noun/Adjective/Misc,ه,14,1,3
هم‌جنس‌گرا,Noun/Adjective/Misc,ه,10,1,3
هم‌جنس‌گرایی,Noun/Adjective/Misc,ه,12,1,3
هم‌جهت,Noun/Adjective/Misc,ه,6,1,2
هم‌جوار,Noun/Adjective/Misc,ه,7,1,2
هم‌جواری,Noun/Adjective/Misc,ه,8,1,2
هم‌جوشی,Noun/Adjective/Misc,ه,7,1,2
هم‌خانه,Noun/Adjective/Misc,ه,7,1,2
هم‌خانواده,Noun/Adjective/Misc,ه,10,1,2
هم‌خرج,Noun/Adjective/Misc,ه,6,1,2
هم‌خوابه,Noun/Adjective/Misc,ه,8,1,2
هم‌خوابگی,Noun/Adjective/Misc,ه,9,1,2
هم‌خوان,Noun/Adjective/Misc,ه,7,1,2
هم‌خوانی,Noun/Adjective/Misc,ه,8,1,2
هم‌خوان‌ساز,Noun/Adjective/Misc,ه,11,1,3
هم‌خون,Noun/Adjective/Misc,ه,6,1,2
هم‌داستان,Noun/Adjective/Misc,ه,9,1,2
هم‌دانشگاهی,Noun/Adjective/Misc,ه,11,1,2
هم‌درجه,Noun/Adjective/Misc,ه,7,1,2
هم‌درس,Noun/Adjective/Misc,ه,6,1,2
هم‌دست,Noun/Adjective/Misc,ه,6,1,2
هم‌دل,Noun/Adjective/Misc,ه,5,1,2
هم‌دوره,Noun/Adjective/Misc,ه,7,1,2
هم‌راستا,Noun/Adjective/Misc,ه,8,1,2
هم‌رتبه,Noun/Adjective/Misc,ه,7,1,2
هم‌ردیف,Noun/Adjective/Misc,ه,7,1,2
هم‌رزم,Noun/Adjective/Misc,ه,6,1,2
هم‌رنگ,Noun/Adjective/Misc,ه,6,1,2
هم‌روند,Noun/Adjective/Misc,ه,7,1,2
هم‌ریشه,Noun/Adjective/Misc,ه,7,1,2
هم‌زبان,Noun/Adjective/Misc,ه,7,1,2
هم‌زمان,Noun/Adjective/Misc,ه,7,1,2
هم‌زمان‌سازی,Noun/Adjective/Misc,ه,12,1,3
هم‌زمان‌شده,Noun/Adjective/Misc,ه,11,1,3
هم‌زیست,Noun/Adjective/Misc,ه,7,1,2
هم‌زیستی,Noun/Adjective/Misc,ه,8,1,2
هم‌سال,Noun/Adjective/Misc,ه,6,1,2
هم‌سخن,Noun/Adjective/Misc,ه,6,1,2
هم‌سرا,Noun/Adjective/Misc,ه,6,1,2
هم‌سرایی,Noun/Adjective/Misc,ه,8,1,2
هم‌سرشت,Noun/Adjective/Misc,ه,7,1,2
هم‌سطح,Noun/Adjective/Misc,ه,6,1,2
هم‌سطحی,Noun/Adjective/Misc,ه,7,1,2
هم‌سفر,Noun/Adjective/Misc,ه,6,1,2
هم‌سفره,Noun/Adjective/Misc,ه,7,1,2
هم‌سلول,Noun/Adjective/Misc,ه,7,1,2
هم‌سن,Noun/Adjective/Misc,ه,5,1,2
هم‌سنخ,Noun/Adjective/Misc,ه,6,1,2
هم‌سنگر,Noun/Adjective/Misc,ه,7,1,2
هم‌سن‌وسال,Noun/Adjective/Misc,ه,10,1,3
هم‌سو,Noun/Adjective/Misc,ه,5,1,2
هم‌شأن,Noun/Adjective/Misc,ه,6,1,2
هم‌شکل,Noun/Adjective/Misc,ه,6,1,2
هم‌شکلی,Noun/Adjective/Misc,ه,7,1,2
هم‌شکل‌سازی,Noun/Adjective/Misc,ه,11,1,3
هم‌صحبت,Noun/Adjective/Misc,ه,7,1,2
هم‌صدا,Noun/Adjective/Misc,ه,6,1,2
هم‌صدایی,Noun/Adjective/Misc,ه,8,1,2
هم‌طبقه,Noun/Adjective/Misc,ه,7,1,2
هم‌طراز,Noun/Adjective/Misc,ه,7,1,2
هم‌طیف,Noun/Adjective/Misc,ه,6,1,2
هم‌عرض,Noun/Adjective/Misc,ه,6,1,2
هم‌عصر,Noun/Adjective/Misc,ه,6,1,2
هم‌عقیده,Noun/Adjective/Misc,ه,8,1,2
هم‌عنان,Noun/Adjective/Misc,ه,7,1,2
هم‌عهد,Noun/Adjective/Misc,ه,6,1,2
هم‌غذا,Noun/Adjective/Misc,ه,6,1,2
هم‌فاز,Noun/Adjective/Misc,ه,6,1,2
هم‌فکر,Noun/Adjective/Misc,ه,6,1,2
هم‌فکری,Noun/Adjective/Misc,ه,7,1,2
هم‌قافیه,Noun/Adjective/Misc,ه,8,1,2
هم‌قبیله,Noun/Adjective/Misc,ه,8,1,2
هم‌قدم,Noun/Adjective/Misc,ه,6,1,2
هم‌قسم,Noun/Adjective/Misc,ه,6,1,2
هم‌قطار,Noun/Adjective/Misc,ه,7,1,2
هم‌قفس,Noun/Adjective/Misc,ه,6,1,2
هم‌قلم,Noun/Adjective/Misc,ه,6,1,2
هم‌محل,Noun/Adjective/Misc,ه,6,1,2
هم‌محلی,Noun/Adjective/Misc,ه,7,1,2
هم‌مخرج,Noun/Adjective/Misc,ه,7,1,2
هم‌مرتبه,Noun/Adjective/Misc,ه,8,1,2
هم‌مرز,Noun/Adjective/Misc,ه,6,1,2
هم‌مرزی,Noun/Adjective/Misc,ه,7,1,2
هم‌مرکز,Noun/Adjective/Misc,ه,7,1,2
هم‌مسلک,Noun/Adjective/Misc,ه,7,1,2
هم‌مشرب,Noun/Adjective/Misc,ه,7,1,2
هم‌معنا,Noun/Adjective/Misc,ه,7,1,2
هم‌معنی,Noun/Adjective/Misc,ه,7,1,2
هم‌مکتب,Noun/Adjective/Misc,ه,7,1,2
هم‌میهن,Noun/Adjective/Misc,ه,7,1,2
هم‌نبرد,Noun/Adjective/Misc,ه,7,1,2
هم‌نبردی,Noun/Adjective/Misc,ه,8,1,2
هم‌نسب,Noun/Adjective/Misc,ه,6,1,2
هم‌نسل,Noun/Adjective/Misc,ه,6,1,2
هم‌نشین,Noun/Adjective/Misc,ه,7,1,2
هم‌نشینی,Noun/Adjective/Misc,ه,8,1,2
هم‌نظر,Noun/Adjective/Misc,ه,6,1,2
هم‌نفس,Noun/Adjective/Misc,ه,6,1,2
هم‌نفسی,Noun/Adjective/Misc,ه,7,1,2
هم‌نهشت,Noun/Adjective/Misc,ه,7,1,2
هم‌نهشتی,Noun/Adjective/Misc,ه,8,1,2
هم‌نوا,Noun/Adjective/Misc,ه,6,1,2
هم‌نواز,Noun/Adjective/Misc,ه,7,1,2
هم‌نوازی,Noun/Adjective/Misc,ه,8,1,2
هم‌نوایی,Noun/Adjective/Misc,ه,8,1,2
هم‌نژاد,Noun/Adjective/Misc,ه,7,1,2
هم‌نگاشت,Noun/Adjective/Misc,ه,8,1,2
هم‌وزن,Noun/Adjective/Misc,ه,6,1,2
هم‌وطن,Noun/Adjective/Misc,ه,6,1,2
هم‌وغم,Noun/Adjective/Misc,ه,6,1,2
هم‌ولایتی,Noun/Adjective/Misc,ه,9,1,2
هم‌پالکی,Noun/Adjective/Misc,ه,8,1,2
هم‌پایه,Noun/Adjective/Misc,ه,7,1,2
هم‌پایه‌ساز,Noun/Adjective/Misc,ه,11,1,3
هم‌پایگی,Noun/Adjective/Misc,ه,8,1,2
هم‌پوشان,Noun/Adjective/Misc,ه,8,1,2
هم‌پیاله,Noun/Adjective/Misc,ه,8,1,2
هم‌پیشه,Noun/Adjective/Misc,ه,7,1,2
هم‌پیمان,Noun/Adjective/Misc,ه,8,1,2
هم‌چشم,Noun/Adjective/Misc,ه,6,1,2
هم‌چنین,Noun/Adjective/Misc,ه,7,1,2
هم‌چو,Noun/Adjective/Misc,ه,5,1,2
هم‌کاسه,Noun/Adjective/Misc,ه,7,1,2
هم‌کفو,Noun/Adjective/Misc,ه,6,1,2
هم‌کلاس,Noun/Adjective/Misc,ه,7,1,2
هم‌کلاسی,Noun/Adjective/Misc,ه,8,1,2
هم‌کلام,Noun/Adjective/Misc,ه,7,1,2
هم‌کلامی,Noun/Adjective/Misc,ه,8,1,2
هم‌کیسه,Noun/Adjective/Misc,ه,7,1,2
هم‌کیش,Noun/Adjective/Misc,ه,6,1,2
هم‌گروه,Noun/Adjective/Misc,ه,7,1,2
هندوانه‌فروش,Noun/Adjective/Misc,ه,12,1,2
هندی‌زبان,Noun/Adjective/Misc,ه,9,1,2
هندی‌کم,Noun/Adjective/Misc,ه,7,1,2
هنگامی‌که,Noun/Adjective/Misc,ه,9,1,2
هنگ‌کنگ,Noun/Adjective/Misc,ه,7,1,2
هن‌وهن,Noun/Adjective/Misc,ه,6,1,2
هه‌هه,Noun/Adjective/Misc,ه,5,1,2
هوس‌انگیز,Noun/Adjective/Misc,ه,9,1,2
هوس‌باز,Noun/Adjective/Misc,ه,7,1,2
هوش‌آزمایی,Noun/Adjective/Misc,ه,10,1,2
هول‌انگیز,Noun/Adjective/Misc,ه,9,1,2
هول‌شده,Noun/Adjective/Misc,ه,7,1,2
هویت‌بخش,Noun/Adjective/Misc,ه,8,1,2
هویت‌جو,Noun/Adjective/Misc,ه,7,1,2
هویت‌جویی,Noun/Adjective/Misc,ه,9,1,2
هویت‌دهنده,Noun/Adjective/Misc,ه,10,1,2
هویت‌سازی,Noun/Adjective/Misc,ه,9,1,2
هویت‌یابی,Noun/Adjective/Misc,ه,9,1,2
هویج‌پلو,Noun/Adjective/Misc,ه,8,1,2
هویه‌کاری,Noun/Adjective/Misc,ه,9,1,2
هوی‌متال,Noun/Adjective/Misc,ه,8,1,2
هیئت‌امنا,Noun/Adjective/Misc,ه,9,1,2
هیئت‌داوران,Noun/Adjective/Misc,ه,11,1,2
هیئت‌رئیسه,Noun/Adjective/Misc,ه,10,1,2
هیئت‌علمی,Noun/Adjective/Misc,ه,9,1,2
هیئت‌مدیره,Noun/Adjective/Misc,ه,10,1,2
هیئت‌منصفه,Noun/Adjective/Misc,ه,10,1,2
هیئت‌وزیران,Noun/Adjective/Misc,ه,11,1,2
هیئت‌وکلا,Noun/Adjective/Misc,ه,9,1,2
هیجان‌آور,Noun/Adjective/Misc,ه,9,1,2
هیجان‌انگیز,Noun/Adjective/Misc,ه,11,1,2
هیجان‌زده,Noun/Adjective/Misc,ه,9,1,2
هیجان‌زدگی,Noun/Adjective/Misc,ه,10,1,2
هیجان‌طلب,Noun/Adjective/Misc,ه,9,1,2
هیدرات‌کربن,Noun/Adjective/Misc,ه,11,1,2
هیزم‌شکن,Noun/Adjective/Misc,ه,8,1,2
هیزم‌فروش,Noun/Adjective/Misc,ه,9,1,2
هیچ‌وجه,Noun/Adjective/Misc,ه,7,1,2
هیچ‌وقت,Noun/Adjective/Misc,ه,7,1,2
هیچ‌چیز,Noun/Adjective/Misc,ه,7,1,2
هیچ‌کاره,Noun/Adjective/Misc,ه,8,1,2
هیچ‌کدام,Noun/Adjective/Misc,ه,8,1,2
هیچ‌کس,Noun/Adjective/Misc,ه,6,1,2
هیچ‌گاه,Noun/Adjective/Misc,ه,7,1,2
هیچ‌گونه,Noun/Adjective/Misc,ه,8,1,2
هیچ‌یک,Noun/Adjective/Misc,ه,6,1,2
هتل‌داری,Noun/Adjective/Misc,ه,8,1,2
هدف‌گزینی,Noun/Adjective/Misc,ه,9,1,2
هرزنامه‌ها,Noun/Adjective/Misc,ه,10,1,2
هزاره‌گرایی,Noun/Adjective/Misc,ه,11,1,2
هفت‌امامی,Noun/Adjective/Misc,ه,9,1,2
هفت‌پیچ,Noun/Adjective/Misc,ه,7,1,2
هلدن‌پلاتس,Noun/Adjective/Misc,ه,10,1,2
هماهنگ‌کنندگی,Noun/Adjective/Misc,ه,13,1,2
همجنس‌بازی,Noun/Adjective/Misc,ه,10,1,2
همجنس‌گرا,Noun/Adjective/Misc,ه,9,1,2
همجنس‌گرایی,Noun/Adjective/Misc,ه,11,1,2
همذات‌پنداری,Noun/Adjective/Misc,ه,12,1,2
هم‌ترازی,Noun/Adjective/Misc,ه,8,1,2
هم‌قد,Noun/Adjective/Misc,ه,5,1,2
هم‌محله‌ای,Noun/Adjective/Misc,ه,10,1,3
هم‌نوع,Noun/Adjective/Misc,ه,6,1,2
هم‌پیمانی,Noun/Adjective/Misc,ه,9,1,2
هم‌چشمی,Noun/Adjective/Misc,ه,7,1,2
هندسه‌دان,Noun/Adjective/Misc,ه,9,1,2
هندسه‌دانی,Noun/Adjective/Misc,ه,10,1,2
هندوانه‌خوری,Noun/Adjective/Misc,ه,12,1,2
هوشی‌مینه,Noun/Adjective/Misc,ه,9,1,2
هویت‌خواهی,Noun/Adjective/Misc,ه,10,1,2
هیأت‌مدیره,Noun/Adjective/Misc,ه,10,1,2
هیچ‌هیچ,Noun/Adjective/Misc,ه,7,1,2
هی‌سای,Noun/Adjective/Misc,ه,6,1,2
هتک‌حرمت,Noun/Adjective/Misc,ه,8,1,2
هذیان‌آمیز,Noun/Adjective/Misc,ه,10,1,2
هراش‌هراش,Noun/Adjective/Misc,ه,9,1,2
هرتی‌پرتی,Noun/Adjective/Misc,ه,9,1,2
هردم‌خیالی,Noun/Adjective/Misc,ه,10,1,2
هرزه‌پا,Noun/Adjective/Misc,ه,7,1,2
هرزه‌چانه,Noun/Adjective/Misc,ه,9,1,2
هرزه‌خا,Noun/Adjective/Misc,ه,7,1,2
هرزه‌درا,Noun/Adjective/Misc,ه,8,1,2
هرزه‌درایی,Noun/Adjective/Misc,ه,10,1,2
هرزه‌کار,Noun/Adjective/Misc,ه,8,1,2
هرزه‌لاف,Noun/Adjective/Misc,ه,8,1,2
هرزه‌لای,Noun/Adjective/Misc,ه,8,1,2
هست‌ونیست,Noun/Adjective/Misc,ه,9,1,2
هلالوش‌جو,Noun/Adjective/Misc,ه,9,1,2
همان‌دم,Noun/Adjective/Misc,ه,7,1,2
هم‌آهنگی,Noun/Adjective/Misc,ه,8,1,2
همایون‌گاه,Noun/Adjective/Misc,ه,10,1,2
هم‌آیین,Noun/Adjective/Misc,ه,7,1,2
هم‌بخش,Noun/Adjective/Misc,ه,6,1,2
هم‌بستری,Noun/Adjective/Misc,ه,8,1,2
هم‌پا,Noun/Adjective/Misc,ه,5,1,2
هم‌ترازو,Noun/Adjective/Misc,ه,8,1,2
هم‌جنس‌سازی,Noun/Adjective/Misc,ه,11,1,3
هم‌حرفه,Noun/Adjective/Misc,ه,7,1,2
هم‌خوراک,Noun/Adjective/Misc,ه,8,1,2
هم‌دوش,Noun/Adjective/Misc,ه,6,1,2
هم‌دیوار,Noun/Adjective/Misc,ه,8,1,2
هم‌راء‌ی,Noun/Adjective/Misc,ه,8,1,3
هم‌رتبگی,Noun/Adjective/Misc,ه,8,1,2
هم‌زور,Noun/Adjective/Misc,ه,6,1,2
هم‌سخنی,Noun/Adjective/Misc,ه,7,1,2
هم‌سنگ,Noun/Adjective/Misc,ه,6,1,2
هم‌سنگی,Noun/Adjective/Misc,ه,7,1,2
هم‌شان,Noun/Adjective/Misc,ه,6,1,2
هم‌شغل,Noun/Adjective/Misc,ه,6,1,2
هم‌شو,Noun/Adjective/Misc,ه,5,1,2
هم‌صحبتی,Noun/Adjective/Misc,ه,8,1,2
هم‌قول,Noun/Adjective/Misc,ه,6,1,2
هم‌گام,Noun/Adjective/Misc,ه,6,1,2
هم‌گفت,Noun/Adjective/Misc,ه,6,1,2
هم‌لون,Noun/Adjective/Misc,ه,6,1,2
هم‌مصلحت,Noun/Adjective/Misc,ه,8,1,2
هم‌نام,Noun/Adjective/Misc,ه,6,1,2
هم‌نشست,Noun/Adjective/Misc,ه,7,1,2
هوس‌آلود,Noun/Adjective/Misc,ه,8,1,2
هوی‌پرست,Noun/Adjective/Misc,ه,8,1,2
هیئت‌دولت,Noun/Adjective/Misc,ه,9,1,2
یأس‌آمیز,Noun/Adjective/Misc,ی,8,1,2
یأس‌آور,Noun/Adjective/Misc,ی,7,1,2
یادداشت‌برداری,Noun/Adjective/Misc,ی,14,1,2
یادداشت‌نگاری,Noun/Adjective/Misc,ی,13,1,2
یادداشت‌گذاری,Noun/Adjective/Misc,ی,13,1,2
یاری‌جو,Noun/Adjective/Misc,ی,7,1,2
یاری‌خواه,Noun/Adjective/Misc,ی,9,1,2
یاری‌دادن,Noun/Adjective/Misc,ی,9,1,2
یاری‌دهنده,Noun/Adjective/Misc,ی,10,1,2
یاری‌رسان,Noun/Adjective/Misc,ی,9,1,2
یاری‌رساندن,Noun/Adjective/Misc,ی,11,1,2
یاری‌نمودن,Noun/Adjective/Misc,ی,10,1,2
یاری‌کردن,Noun/Adjective/Misc,ی,9,1,2
یاری‌گرفتن,Noun/Adjective/Misc,ی,10,1,2
یازده‌بخشی,Noun/Adjective/Misc,ی,10,1,2
یازده‌تا,Noun/Adjective/Misc,ی,8,1,2
یازده‌تایی,Noun/Adjective/Misc,ی,10,1,2
یازده‌ثانیه‌ای,Noun/Adjective/Misc,ی,14,1,3
یازده‌جلدی,Noun/Adjective/Misc,ی,10,1,2
یازده‌حالته,Noun/Adjective/Misc,ی,11,1,2
یازده‌حالتی,Noun/Adjective/Misc,ی,11,1,2
یازده‌حرفی,Noun/Adjective/Misc,ی,10,1,2
یازده‌دانه‌ای,Noun/Adjective/Misc,ی,13,1,3
یازده‌درصدی,Noun/Adjective/Misc,ی,11,1,2
یازده‌دقیقه‌ای,Noun/Adjective/Misc,ی,14,1,3
یازده‌رقمی,Noun/Adjective/Misc,ی,10,1,2
یازده‌روزه,Noun/Adjective/Misc,ی,10,1,2
یازده‌ساعته,Noun/Adjective/Misc,ی,11,1,2
یازده‌ساعتی,Noun/Adjective/Misc,ی,11,1,2
یازده‌ساله,Noun/Adjective/Misc,ی,10,1,2
یازده‌سالگی,Noun/Adjective/Misc,ی,11,1,2
یازده‌صفحه‌ای,Noun/Adjective/Misc,ی,13,1,3
یازده‌قسمته,Noun/Adjective/Misc,ی,11,1,2
یازده‌قسمتی,Noun/Adjective/Misc,ی,11,1,2
یازده‌ماهه,Noun/Adjective/Misc,ی,10,1,2
یازده‌ماهگی,Noun/Adjective/Misc,ی,11,1,2
یازده‌میلیاردی,Noun/Adjective/Misc,ی,14,1,2
یازده‌میلیونی,Noun/Adjective/Misc,ی,13,1,2
یازده‌میلیون‌نفره,Noun/Adjective/Misc,ی,17,1,3
یازده‌میلیون‌نفری,Noun/Adjective/Misc,ی,17,1,3
یازده‌نفره,Noun/Adjective/Misc,ی,10,1,2
یازده‌نفری,Noun/Adjective/Misc,ی,10,1,2
یازده‌هجایی,Noun/Adjective/Misc,ی,11,1,2
یازده‌هزارساله,Noun/Adjective/Misc,ی,14,1,2
یازده‌هزارسالگی,Noun/Adjective/Misc,ی,15,1,2
یازده‌هزارنفره,Noun/Adjective/Misc,ی,14,1,2
یازده‌هزارنفری,Noun/Adjective/Misc,ی,14,1,2
یازده‌هفته‌ای,Noun/Adjective/Misc,ی,13,1,3
یازده‌پرده‌ای,Noun/Adjective/Misc,ی,13,1,3
یازده‌گانه,Noun/Adjective/Misc,ی,10,1,2
یاسی‌رنگ,Noun/Adjective/Misc,ی,8,1,2
یاغی‌گری,Noun/Adjective/Misc,ی,8,1,2
یافت‌آباد,Noun/Adjective/Misc,ی,9,1,2
یاقوتی‌رنگ,Noun/Adjective/Misc,ی,10,1,2
یاقوت‌نشان,Noun/Adjective/Misc,ی,10,1,2
یاوه‌سرایی,Noun/Adjective/Misc,ی,10,1,2
یاوه‌گو,Noun/Adjective/Misc,ی,7,1,2
یاوه‌گویی,Noun/Adjective/Misc,ی,9,1,2
یتیم‌خانه,Noun/Adjective/Misc,ی,9,1,2
یتیم‌نوازی,Noun/Adjective/Misc,ی,10,1,2
یخچال‌ساز,Noun/Adjective/Misc,ی,9,1,2
یخ‌بسته,Noun/Adjective/Misc,ی,7,1,2
یخ‌بند,Noun/Adjective/Misc,ی,6,1,2
یخ‌زده,Noun/Adjective/Misc,ی,6,1,2
یخ‌زدگی,Noun/Adjective/Misc,ی,7,1,2
یخ‌ساز,Noun/Adjective/Misc,ی,6,1,2
یخ‌سازی,Noun/Adjective/Misc,ی,7,1,2
یخ‌شکن,Noun/Adjective/Misc,ی,6,1,2
یخ‌فروش,Noun/Adjective/Misc,ی,7,1,2
یخ‌نورد,Noun/Adjective/Misc,ی,7,1,2
یدک‌کش,Noun/Adjective/Misc,ی,6,1,2
یراق‌آلات,Noun/Adjective/Misc,ی,9,1,2
یزدان‌شناس,Noun/Adjective/Misc,ی,10,1,2
یزدان‌پرست,Noun/Adjective/Misc,ی,10,1,2
یشمی‌رنگ,Noun/Adjective/Misc,ی,8,1,2
یقه‌ایستاده,Noun/Adjective/Misc,ی,11,1,2
یقه‌دراپه,Noun/Adjective/Misc,ی,9,1,2
یقه‌گشاد,Noun/Adjective/Misc,ی,8,1,2
یقه‌گیری,Noun/Adjective/Misc,ی,8,1,2
یهودی‌تبار,Noun/Adjective/Misc,ی,10,1,2
یهودی‌سازی,Noun/Adjective/Misc,ی,10,1,2
یهودی‌ستیزی,Noun/Adjective/Misc,ی,11,1,2
یهودی‌نشین,Noun/Adjective/Misc,ی,10,1,2
یواش‌یواش,Noun/Adjective/Misc,ی,9,1,2
یوسف‌آباد,Noun/Adjective/Misc,ی,9,1,2
یوم‌الارض,Noun/Adjective/Misc,ی,9,1,2
یوم‌الحساب,Noun/Adjective/Misc,ی,10,1,2
یوم‌الدار,Noun/Adjective/Misc,ی,9,1,2
یوم‌الدین,Noun/Adjective/Misc,ی,9,1,2
یوم‌الشک,Noun/Adjective/Misc,ی,8,1,2
یوم‌الله,Noun/Adjective/Misc,ی,8,1,2
یونجه‌زار,Noun/Adjective/Misc,ی,9,1,2
یونش‌پذیر,Noun/Adjective/Misc,ی,9,1,2
یون‌ساز,Noun/Adjective/Misc,ی,7,1,2
یکدست‌سازی,Noun/Adjective/Misc,ی,10,1,2
یکسان‌سازی,Noun/Adjective/Misc,ی,10,1,2
یکسان‌نگار,Noun/Adjective/Misc,ی,10,1,2
یکسان‌کننده,Noun/Adjective/Misc,ی,11,1,2
یکه‌بزن,Noun/Adjective/Misc,ی,7,1,2
یکه‌تاز,Noun/Adjective/Misc,ی,7,1,2
یکه‌تازی,Noun/Adjective/Misc,ی,8,1,2
یکه‌سوار,Noun/Adjective/Misc,ی,8,1,2
یکه‌شناس,Noun/Adjective/Misc,ی,8,1,2
یکپارچه‌سازی,Noun/Adjective/Misc,ی,12,1,2
یکی‌دوروزه,Noun/Adjective/Misc,ی,10,1,2
یکی‌دوساله,Noun/Adjective/Misc,ی,10,1,2
یکی‌دوماهه,Noun/Adjective/Misc,ی,10,1,2
یکی‌یکی,Noun/Adjective/Misc,ی,7,1,2
یک‌آوایی,Noun/Adjective/Misc,ی,8,1,2
یک‌اکتاوی,Noun/Adjective/Misc,ی,9,1,2
یک‌بار,Noun/Adjective/Misc,ی,6,1,2
یک‌باره,Noun/Adjective/Misc,ی,7,1,2
یک‌بانده,Noun/Adjective/Misc,ی,8,1,2
یک‌بخشی,Noun/Adjective/Misc,ی,7,1,2
یک‌بعدی,Noun/Adjective/Misc,ی,7,1,2
یک‌بند,Noun/Adjective/Misc,ی,6,1,2
یک‌به‌بیست,Noun/Adjective/Misc,ی,10,1,3
یک‌به‌ده,Noun/Adjective/Misc,ی,8,1,3
یک‌به‌سه,Noun/Adjective/Misc,ی,8,1,3
یک‌به‌سی,Noun/Adjective/Misc,ی,8,1,3
یک‌به‌شش,Noun/Adjective/Misc,ی,8,1,3
یک‌به‌شصت,Noun/Adjective/Misc,ی,9,1,3
یک‌به‌صد,Noun/Adjective/Misc,ی,8,1,3
یک‌به‌نه,Noun/Adjective/Misc,ی,8,1,3
یک‌به‌نود,Noun/Adjective/Misc,ی,9,1,3
یک‌به‌هشت,Noun/Adjective/Misc,ی,9,1,3
یک‌به‌هشتاد,Noun/Adjective/Misc,ی,11,1,3
یک‌به‌هفت,Noun/Adjective/Misc,ی,9,1,3
یک‌به‌هفتاد,Noun/Adjective/Misc,ی,11,1,3
یک‌به‌پنج,Noun/Adjective/Misc,ی,9,1,3
یک‌به‌پنجاه,Noun/Adjective/Misc,ی,11,1,3
یک‌به‌چهار,Noun/Adjective/Misc,ی,10,1,3
یک‌به‌چهل,Noun/Adjective/Misc,ی,9,1,3
یک‌بیستم,Noun/Adjective/Misc,ی,8,1,2
یک‌تخته,Noun/Adjective/Misc,ی,7,1,2
یک‌تنه,Noun/Adjective/Misc,ی,6,1,2
یک‌تومانی,Noun/Adjective/Misc,ی,9,1,2
یک‌ثانیه‌ای,Noun/Adjective/Misc,ی,11,1,3
یک‌جانبه,Noun/Adjective/Misc,ی,8,1,2
یک‌جانبه‌گرایی,Noun/Adjective/Misc,ی,14,1,3
یک‌جلدی,Noun/Adjective/Misc,ی,7,1,2
یک‌جمله‌ای,Noun/Adjective/Misc,ی,10,1,3
یک‌جهت,Noun/Adjective/Misc,ی,6,1,2
یک‌جور,Noun/Adjective/Misc,ی,6,1,2
یک‌حالته,Noun/Adjective/Misc,ی,8,1,2
یک‌حالتی,Noun/Adjective/Misc,ی,8,1,2
یک‌حرفی,Noun/Adjective/Misc,ی,7,1,2
یک‌خرده,Noun/Adjective/Misc,ی,7,1,2
یک‌خطی,Noun/Adjective/Misc,ی,6,1,2
یک‌خوابه,Noun/Adjective/Misc,ی,8,1,2
یک‌دانه,Noun/Adjective/Misc,ی,7,1,2
یک‌دانه‌ای,Noun/Adjective/Misc,ی,10,1,3
یک‌دانگی,Noun/Adjective/Misc,ی,8,1,2
یک‌درجه‌ای,Noun/Adjective/Misc,ی,10,1,3
یک‌درصدی,Noun/Adjective/Misc,ی,8,1,2
یک‌درمیان,Noun/Adjective/Misc,ی,9,1,2
یک‌دفعه,Noun/Adjective/Misc,ی,7,1,2
یک‌دقیقه‌ای,Noun/Adjective/Misc,ی,11,1,3
یک‌دلاری,Noun/Adjective/Misc,ی,8,1,2
یک‌دم,Noun/Adjective/Misc,ی,5,1,2
یک‌دنده,Noun/Adjective/Misc,ی,7,1,2
یک‌دندگی,Noun/Adjective/Misc,ی,8,1,2
یک‌دهم,Noun/Adjective/Misc,ی,6,1,2
یک‌دوم,Noun/Adjective/Misc,ی,6,1,2
یک‌دوّم,Noun/Adjective/Misc,ی,7,1,2
یک‌ذره,Noun/Adjective/Misc,ی,6,1,2
یک‌راست,Noun/Adjective/Misc,ی,7,1,2
یک‌رشته,Noun/Adjective/Misc,ی,7,1,2
یک‌روزه,Noun/Adjective/Misc,ی,7,1,2
یک‌رکعت,Noun/Adjective/Misc,ی,7,1,2
یک‌ریالی,Noun/Adjective/Misc,ی,8,1,2
یک‌زبان,Noun/Adjective/Misc,ی,7,1,2
یک‌زمان,Noun/Adjective/Misc,ی,7,1,2
یک‌ساعته,Noun/Adjective/Misc,ی,8,1,2
یک‌ساعتی,Noun/Adjective/Misc,ی,8,1,2
یک‌ساله,Noun/Adjective/Misc,ی,7,1,2
یک‌سالگی,Noun/Adjective/Misc,ی,8,1,2
یک‌سال‌درمیان,Noun/Adjective/Misc,ی,13,1,3
یک‌سخن,Noun/Adjective/Misc,ی,6,1,2
یک‌سو,Noun/Adjective/Misc,ی,5,1,2
یک‌سوم,Noun/Adjective/Misc,ی,6,1,2
یک‌سونگرانه,Noun/Adjective/Misc,ی,11,1,2
یک‌سونگری,Noun/Adjective/Misc,ی,9,1,2
یک‌سوّم,Noun/Adjective/Misc,ی,7,1,2
یک‌سویه,Noun/Adjective/Misc,ی,7,1,2
یک‌سی‌ام,Noun/Adjective/Misc,ی,8,1,3
یک‌شاخ,Noun/Adjective/Misc,ی,6,1,2
یک‌شبه,Noun/Adjective/Misc,ی,6,1,2
یک‌ششم,Noun/Adjective/Misc,ی,6,1,2
یک‌شصتم,Noun/Adjective/Misc,ی,7,1,2
یک‌شنبه,Noun/Adjective/Misc,ی,7,1,2
یک‌شکل,Noun/Adjective/Misc,ی,6,1,2
یک‌صد,Noun/Adjective/Misc,ی,5,1,2
یک‌صدا,Noun/Adjective/Misc,ی,6,1,2
یک‌صدم,Noun/Adjective/Misc,ی,6,1,2
یک‌صفحه‌ای,Noun/Adjective/Misc,ی,10,1,3
یک‌ضرب,Noun/Adjective/Misc,ی,6,1,2
یک‌ضربی,Noun/Adjective/Misc,ی,7,1,2
یک‌طرف,Noun/Adjective/Misc,ی,6,1,2
یک‌طرفه,Noun/Adjective/Misc,ی,7,1,2
یک‌فاز,Noun/Adjective/Misc,ی,6,1,2
یک‌فاصله,Noun/Adjective/Misc,ی,8,1,2
یک‌فرسخ,Noun/Adjective/Misc,ی,7,1,2
یک‌فرسنگ,Noun/Adjective/Misc,ی,8,1,2
یک‌فوریت,Noun/Adjective/Misc,ی,8,1,2
یک‌قدم,Noun/Adjective/Misc,ی,6,1,2
یک‌قرانی,Noun/Adjective/Misc,ی,8,1,2
یک‌قسمته,Noun/Adjective/Misc,ی,8,1,2
یک‌قسمتی,Noun/Adjective/Misc,ی,8,1,2
یک‌قطب,Noun/Adjective/Misc,ی,6,1,2
یک‌قلو,Noun/Adjective/Misc,ی,6,1,2
یک‌لاقبا,Noun/Adjective/Misc,ی,8,1,2
یک‌لایه,Noun/Adjective/Misc,ی,7,1,2
یک‌لحظه,Noun/Adjective/Misc,ی,7,1,2
یک‌لخت,Noun/Adjective/Misc,ی,6,1,2
یک‌لختی,Noun/Adjective/Misc,ی,7,1,2
یک‌لقمه,Noun/Adjective/Misc,ی,7,1,2
یک‌ماهه,Noun/Adjective/Misc,ی,7,1,2
یک‌ماهگی,Noun/Adjective/Misc,ی,8,1,2
یک‌مرتبه,Noun/Adjective/Misc,ی,8,1,2
یک‌منزل,Noun/Adjective/Misc,ی,7,1,2
یک‌میزان,Noun/Adjective/Misc,ی,8,1,2
یک‌میزانی,Noun/Adjective/Misc,ی,9,1,2
یک‌میلیاردساله,Noun/Adjective/Misc,ی,14,1,2
یک‌میلیاردسالگی,Noun/Adjective/Misc,ی,15,1,2
یک‌میلیاردنفره,Noun/Adjective/Misc,ی,14,1,2
یک‌میلیاردنفری,Noun/Adjective/Misc,ی,14,1,2
یک‌میلیاردی,Noun/Adjective/Misc,ی,11,1,2
یک‌میلیون,Noun/Adjective/Misc,ی,9,1,2
یک‌میلیونی,Noun/Adjective/Misc,ی,10,1,2
یک‌میلیون‌ساله,Noun/Adjective/Misc,ی,14,1,3
یک‌میلیون‌سالگی,Noun/Adjective/Misc,ی,15,1,3
یک‌میلیون‌نفره,Noun/Adjective/Misc,ی,14,1,3
یک‌میلیون‌نفری,Noun/Adjective/Misc,ی,14,1,3
یک‌نفره,Noun/Adjective/Misc,ی,7,1,2
یک‌نفری,Noun/Adjective/Misc,ی,7,1,2
یک‌نفس,Noun/Adjective/Misc,ی,6,1,2
یک‌نهم,Noun/Adjective/Misc,ی,6,1,2
یک‌نوبته,Noun/Adjective/Misc,ی,8,1,2
یک‌نودم,Noun/Adjective/Misc,ی,7,1,2
یک‌نیمه,Noun/Adjective/Misc,ی,7,1,2
یک‌هجایی,Noun/Adjective/Misc,ی,8,1,2
یک‌هزارم,Noun/Adjective/Misc,ی,8,1,2
یک‌هشتادم,Noun/Adjective/Misc,ی,9,1,2
یک‌هشتم,Noun/Adjective/Misc,ی,7,1,2
یک‌هفتادم,Noun/Adjective/Misc,ی,9,1,2
یک‌هفتم,Noun/Adjective/Misc,ی,7,1,2
یک‌هفته‌ای,Noun/Adjective/Misc,ی,10,1,3
یک‌هو,Noun/Adjective/Misc,ی,5,1,2
یک‌هوا,Noun/Adjective/Misc,ی,6,1,2
یک‌وجبی,Noun/Adjective/Misc,ی,7,1,2
یک‌وقت,Noun/Adjective/Misc,ی,6,1,2
یک‌پرده‌ای,Noun/Adjective/Misc,ی,10,1,3
یک‌پنجاهم,Noun/Adjective/Misc,ی,9,1,2
یک‌پنجم,Noun/Adjective/Misc,ی,7,1,2
یک‌چشم,Noun/Adjective/Misc,ی,6,1,2
یک‌چهارم,Noun/Adjective/Misc,ی,8,1,2
یک‌چهلم,Noun/Adjective/Misc,ی,7,1,2
یک‌کاره,Noun/Adjective/Misc,ی,7,1,2
یک‌کاسه,Noun/Adjective/Misc,ی,7,1,2
یک‌کلام,Noun/Adjective/Misc,ی,7,1,2
یک‌کلمه‌ای,Noun/Adjective/Misc,ی,10,1,3
یک‌کم,Noun/Adjective/Misc,ی,5,1,2
یک‌گوشه,Noun/Adjective/Misc,ی,7,1,2
یک‌گونه,Noun/Adjective/Misc,ی,7,1,2
یک‌یورویی,Noun/Adjective/Misc,ی,9,1,2
یک‌یک,Noun/Adjective/Misc,ی,5,1,2
یگانه‌سالاری,Noun/Adjective/Misc,ی,12,1,2
یاقوت‌دار,Noun/Adjective/Misc,ی,9,1,2
یخ‌بندان,Noun/Adjective/Misc,ی,8,1,2
یزید‌بن‌معاویه,Noun/Adjective/Misc,ی,14,1,3
یورش‌آورنده,Noun/Adjective/Misc,ی,11,1,2
یوسف‌نیا,Noun/Adjective/Misc,ی,8,1,2
یو‌سی‌ال‌ای,Noun/Adjective/Misc,ی,11,1,4
یک‌دستی,Noun/Adjective/Misc,ی,7,1,2
یک‌رنگی,Noun/Adjective/Misc,ی,7,1,2
یگانه‌پرستی,Noun/Adjective/Misc,ی,11,1,2
یاوه‌درا,Noun/Adjective/Misc,ی,8,1,2
یاوه‌سرا,Noun/Adjective/Misc,ی,8,1,2
یاس‌آمیز,Noun/Adjective/Misc,ی,8,1,2
یبوست‌آور,Noun/Adjective/Misc,ی,9,1,2
یک‌‌‌‌ثلث,Noun/Adjective/Misc,ی,9,1,2
آمده‌است,Verb,فعل,8,1,2
آمده‌ام,Verb,فعل,7,1,2
آمده‌اند,Verb,فعل,8,1,2
آمده‌ای,Verb,فعل,7,1,2
آمده‌اید,Verb,فعل,8,1,2
آمده‌ایم,Verb,فعل,8,1,2
آمده‌بود,Verb,فعل,8,1,2
آمده‌بودم,Verb,فعل,9,1,2
آمده‌بودند,Verb,فعل,10,1,2
آمده‌بودی,Verb,فعل,9,1,2
آمده‌بودید,Verb,فعل,10,1,2
آمده‌بودیم,Verb,فعل,10,1,2
آورده‌است,Verb,فعل,9,1,2
آورده‌ام,Verb,فعل,8,1,2
آورده‌اند,Verb,فعل,9,1,2
آورده‌ای,Verb,فعل,8,1,2
آورده‌اید,Verb,فعل,9,1,2
آورده‌ایم,Verb,فعل,9,1,2
آورده‌بود,Verb,فعل,9,1,2
آورده‌بودم,Verb,فعل,10,1,2
آورده‌بودند,Verb,فعل,11,1,2
آورده‌بودی,Verb,فعل,10,1,2
آورده‌بودید,Verb,فعل,11,1,2
آورده‌بودیم,Verb,فعل,11,1,2
برده‌است,Verb,فعل,8,1,2
برده‌ام,Verb,فعل,7,1,2
برده‌اند,Verb,فعل,8,1,2
برده‌ای,Verb,فعل,7,1,2
برده‌اید,Verb,فعل,8,1,2
برده‌ایم,Verb,فعل,8,1,2
برده‌بود,Verb,فعل,8,1,2
برده‌بودم,Verb,فعل,9,1,2
برده‌بودند,Verb,فعل,10,1,2
برده‌بودی,Verb,فعل,9,1,2
برده‌بودید,Verb,فعل,10,1,2
برده‌بودیم,Verb,فعل,10,1,2
برمی‌خیزد,Verb,فعل,9,1,2
برمی‌خیزم,Verb,فعل,9,1,2
برمی‌خیزند,Verb,فعل,10,1,2
برمی‌خیزی,Verb,فعل,9,1,2
برمی‌خیزید,Verb,فعل,10,1,2
برمی‌خیزیم,Verb,فعل,10,1,2
برمی‌گردد,Verb,فعل,9,1,2
برمی‌گردم,Verb,فعل,9,1,2
برمی‌گردن,Verb,فعل,9,1,2
برمی‌گردند,Verb,فعل,10,1,2
برمی‌گرده,Verb,فعل,9,1,2
برمی‌گردی,Verb,فعل,9,1,2
برمی‌گردید,Verb,فعل,10,1,2
برمی‌گردیم,Verb,فعل,10,1,2
بسته‌است,Verb,فعل,8,1,2
بسته‌ام,Verb,فعل,7,1,2
بسته‌اند,Verb,فعل,8,1,2
بسته‌اید,Verb,فعل,8,1,2
بسته‌ایم,Verb,فعل,8,1,2
بسته‌بود,Verb,فعل,8,1,2
بسته‌بودم,Verb,فعل,9,1,2
بسته‌بودند,Verb,فعل,10,1,2
بسته‌بودی,Verb,فعل,9,1,2
بسته‌بودید,Verb,فعل,10,1,2
بسته‌بودیم,Verb,فعل,10,1,2
توانسته‌است,Verb,فعل,11,1,2
توانسته‌ام,Verb,فعل,10,1,2
توانسته‌اند,Verb,فعل,11,1,2
توانسته‌ای,Verb,فعل,10,1,2
توانسته‌اید,Verb,فعل,11,1,2
توانسته‌ایم,Verb,فعل,11,1,2
توانسته‌بود,Verb,فعل,11,1,2
توانسته‌بودم,Verb,فعل,12,1,2
توانسته‌بودند,Verb,فعل,13,1,2
توانسته‌بودی,Verb,فعل,12,1,2
توانسته‌بودید,Verb,فعل,13,1,2
توانسته‌بودیم,Verb,فعل,13,1,2
خریده‌است,Verb,فعل,9,1,2
خریده‌ام,Verb,فعل,8,1,2
خریده‌اند,Verb,فعل,9,1,2
خریده‌ای,Verb,فعل,8,1,2
خریده‌اید,Verb,فعل,9,1,2
خریده‌ایم,Verb,فعل,9,1,2
خریده‌بود,Verb,فعل,9,1,2
خریده‌بودم,Verb,فعل,10,1,2
خریده‌بودند,Verb,فعل,11,1,2
خریده‌بودی,Verb,فعل,10,1,2
خریده‌بودید,Verb,فعل,11,1,2
خریده‌بودیم,Verb,فعل,11,1,2
خوابیده‌است,Verb,فعل,11,1,2
خوابیده‌ام,Verb,فعل,10,1,2
خوابیده‌اند,Verb,فعل,11,1,2
خوابیده‌ای,Verb,فعل,10,1,2
خوابیده‌اید,Verb,فعل,11,1,2
خوابیده‌ایم,Verb,فعل,11,1,2
خوابیده‌بود,Verb,فعل,11,1,2
خوابیده‌بودم,Verb,فعل,12,1,2
خوابیده‌بودند,Verb,فعل,13,1,2
خوابیده‌بودی,Verb,فعل,12,1,2
خوابیده‌بودید,Verb,فعل,13,1,2
خوابیده‌بودیم,Verb,فعل,13,1,2
خواسته‌است,Verb,فعل,10,1,2
خواسته‌ام,Verb,فعل,9,1,2
خواسته‌اند,Verb,فعل,10,1,2
خواسته‌ای,Verb,فعل,9,1,2
خواسته‌اید,Verb,فعل,10,1,2
خواسته‌ایم,Verb,فعل,10,1,2
خواسته‌بود,Verb,فعل,10,1,2
خواسته‌بودم,Verb,فعل,11,1,2
خواسته‌بودند,Verb,فعل,12,1,2
خواسته‌بودی,Verb,فعل,11,1,2
خواسته‌بودید,Verb,فعل,12,1,2
خواسته‌بودیم,Verb,فعل,12,1,2
خوانده‌است,Verb,فعل,10,1,2
خوانده‌ام,Verb,فعل,9,1,2
خوانده‌اند,Verb,فعل,10,1,2
خوانده‌ای,Verb,فعل,9,1,2
خوانده‌اید,Verb,فعل,10,1,2
خوانده‌ایم,Verb,فعل,10,1,2
خوانده‌بود,Verb,فعل,10,1,2
خوانده‌بودم,Verb,فعل,11,1,2
خوانده‌بودند,Verb,فعل,12,1,2
خوانده‌بودی,Verb,فعل,11,1,2
خوانده‌بودید,Verb,فعل,12,1,2
خوانده‌بودیم,Verb,فعل,12,1,2
خورده‌است,Verb,فعل,9,1,2
خورده‌ام,Verb,فعل,8,1,2
خورده‌اند,Verb,فعل,9,1,2
خورده‌ای,Verb,فعل,8,1,2
خورده‌اید,Verb,فعل,9,1,2
خورده‌ایم,Verb,فعل,9,1,2
خورده‌بود,Verb,فعل,9,1,2
خورده‌بودم,Verb,فعل,10,1,2
خورده‌بودند,Verb,فعل,11,1,2
خورده‌بودی,Verb,فعل,10,1,2
خورده‌بودید,Verb,فعل,11,1,2
خورده‌بودیم,Verb,فعل,11,1,2
داده‌است,Verb,فعل,8,1,2
داده‌ام,Verb,فعل,7,1,2
داده‌اند,Verb,فعل,8,1,2
داده‌اید,Verb,فعل,8,1,2
داده‌ایم,Verb,فعل,8,1,2
داده‌بود,Verb,فعل,8,1,2
داده‌بودم,Verb,فعل,9,1,2
داده‌بودند,Verb,فعل,10,1,2
داده‌بودی,Verb,فعل,9,1,2
داده‌بودید,Verb,فعل,10,1,2
داده‌بودیم,Verb,فعل,10,1,2
دانسته‌است,Verb,فعل,10,1,2
دانسته‌ام,Verb,فعل,9,1,2
دانسته‌اند,Verb,فعل,10,1,2
دانسته‌ای,Verb,فعل,9,1,2
دانسته‌اید,Verb,فعل,10,1,2
دانسته‌ایم,Verb,فعل,10,1,2
دانسته‌بود,Verb,فعل,10,1,2
دانسته‌بودم,Verb,فعل,11,1,2
دانسته‌بودند,Verb,فعل,12,1,2
دانسته‌بودی,Verb,فعل,11,1,2
دانسته‌بودید,Verb,فعل,12,1,2
دانسته‌بودیم,Verb,فعل,12,1,2
دیده‌است,Verb,فعل,8,1,2
دیده‌ام,Verb,فعل,7,1,2
دیده‌اند,Verb,فعل,8,1,2
دیده‌ای,Verb,فعل,7,1,2
دیده‌اید,Verb,فعل,8,1,2
دیده‌ایم,Verb,فعل,8,1,2
دیده‌بود,Verb,فعل,8,1,2
دیده‌بودم,Verb,فعل,9,1,2
دیده‌بودند,Verb,فعل,10,1,2
دیده‌بودی,Verb,فعل,9,1,2
دیده‌بودید,Verb,فعل,10,1,2
دیده‌بودیم,Verb,فعل,10,1,2
رسیده‌است,Verb,فعل,9,1,2
رسیده‌ام,Verb,فعل,8,1,2
رسیده‌اند,Verb,فعل,9,1,2
رسیده‌ای,Verb,فعل,8,1,2
رسیده‌اید,Verb,فعل,9,1,2
رسیده‌ایم,Verb,فعل,9,1,2
رسیده‌بود,Verb,فعل,9,1,2
رسیده‌بودم,Verb,فعل,10,1,2
رسیده‌بودند,Verb,فعل,11,1,2
رسیده‌بودی,Verb,فعل,10,1,2
رسیده‌بودید,Verb,فعل,11,1,2
رسیده‌بودیم,Verb,فعل,11,1,2
رفته‌است,Verb,فعل,8,1,2
رفته‌ام,Verb,فعل,7,1,2
رفته‌اند,Verb,فعل,8,1,2
رفته‌ای,Verb,فعل,7,1,2
رفته‌اید,Verb,فعل,8,1,2
رفته‌ایم,Verb,فعل,8,1,2
رفته‌بود,Verb,فعل,8,1,2
رفته‌بودم,Verb,فعل,9,1,2
رفته‌بودند,Verb,فعل,10,1,2
رفته‌بودی,Verb,فعل,9,1,2
رفته‌بودید,Verb,فعل,10,1,2
رفته‌بودیم,Verb,فعل,10,1,2
ساخته‌است,Verb,فعل,9,1,2
ساخته‌ام,Verb,فعل,8,1,2
ساخته‌اند,Verb,فعل,9,1,2
ساخته‌ای,Verb,فعل,8,1,2
ساخته‌اید,Verb,فعل,9,1,2
ساخته‌ایم,Verb,فعل,9,1,2
ساخته‌بود,Verb,فعل,9,1,2
ساخته‌بودم,Verb,فعل,10,1,2
ساخته‌بودند,Verb,فعل,11,1,2
ساخته‌بودی,Verb,فعل,10,1,2
ساخته‌بودید,Verb,فعل,11,1,2
ساخته‌بودیم,Verb,فعل,11,1,2
سوخته‌است,Verb,فعل,9,1,2
سوخته‌ام,Verb,فعل,8,1,2
سوخته‌اند,Verb,فعل,9,1,2
سوخته‌ای,Verb,فعل,8,1,2
سوخته‌اید,Verb,فعل,9,1,2
سوخته‌ایم,Verb,فعل,9,1,2
سوخته‌بود,Verb,فعل,9,1,2
سوخته‌بودم,Verb,فعل,10,1,2
سوخته‌بودند,Verb,فعل,11,1,2
سوخته‌بودی,Verb,فعل,10,1,2
سوخته‌بودید,Verb,فعل,11,1,2
سوخته‌بودیم,Verb,فعل,11,1,2
شسته‌است,Verb,فعل,8,1,2
شسته‌ام,Verb,فعل,7,1,2
شسته‌اند,Verb,فعل,8,1,2
شسته‌ای,Verb,فعل,7,1,2
شسته‌اید,Verb,فعل,8,1,2
شسته‌ایم,Verb,فعل,8,1,2
شسته‌بود,Verb,فعل,8,1,2
شسته‌بودم,Verb,فعل,9,1,2
شسته‌بودند,Verb,فعل,10,1,2
شسته‌بودی,Verb,فعل,9,1,2
شسته‌بودید,Verb,فعل,10,1,2
شسته‌بودیم,Verb,فعل,10,1,2
شنیده‌است,Verb,فعل,9,1,2
شنیده‌ام,Verb,فعل,8,1,2
شنیده‌اند,Verb,فعل,9,1,2
شنیده‌ای,Verb,فعل,8,1,2
شنیده‌اید,Verb,فعل,9,1,2
شنیده‌ایم,Verb,فعل,9,1,2
شنیده‌بود,Verb,فعل,9,1,2
شنیده‌بودم,Verb,فعل,10,1,2
شنیده‌بودند,Verb,فعل,11,1,2
شنیده‌بودی,Verb,فعل,10,1,2
شنیده‌بودید,Verb,فعل,11,1,2
شنیده‌بودیم,Verb,فعل,11,1,2
فروخته‌است,Verb,فعل,10,1,2
فروخته‌ام,Verb,فعل,9,1,2
فروخته‌اند,Verb,فعل,10,1,2
فروخته‌ای,Verb,فعل,9,1,2
فروخته‌اید,Verb,فعل,10,1,2
فروخته‌ایم,Verb,فعل,10,1,2
فروخته‌بود,Verb,فعل,10,1,2
فروخته‌بودم,Verb,فعل,11,1,2
فروخته‌بودند,Verb,فعل,12,1,2
فروخته‌بودی,Verb,فعل,11,1,2
فروخته‌بودید,Verb,فعل,12,1,2
فروخته‌بودیم,Verb,فعل,12,1,2
فهمیده‌است,Verb,فعل,10,1,2
فهمیده‌ام,Verb,فعل,9,1,2
فهمیده‌اند,Verb,فعل,10,1,2
فهمیده‌ای,Verb,فعل,9,1,2
فهمیده‌اید,Verb,فعل,10,1,2
فهمیده‌ایم,Verb,فعل,10,1,2
فهمیده‌بود,Verb,فعل,10,1,2
فهمیده‌بودم,Verb,فعل,11,1,2
فهمیده‌بودند,Verb,فعل,12,1,2
فهمیده‌بودی,Verb,فعل,11,1,2
فهمیده‌بودید,Verb,فعل,12,1,2
فهمیده‌بودیم,Verb,فعل,12,1,2
مانده‌است,Verb,فعل,9,1,2
مانده‌ام,Verb,فعل,8,1,2
مانده‌اند,Verb,فعل,9,1,2
مانده‌ای,Verb,فعل,8,1,2
مانده‌اید,Verb,فعل,9,1,2
مانده‌ایم,Verb,فعل,9,1,2
مانده‌بود,Verb,فعل,9,1,2
مانده‌بودم,Verb,فعل,10,1,2
مانده‌بودند,Verb,فعل,11,1,2
مانده‌بودی,Verb,فعل,10,1,2
مانده‌بودید,Verb,فعل,11,1,2
مانده‌بودیم,Verb,فعل,11,1,2
مرده‌است,Verb,فعل,8,1,2
مرده‌ام,Verb,فعل,7,1,2
مرده‌اند,Verb,فعل,8,1,2
مرده‌ای,Verb,فعل,7,1,2
مرده‌اید,Verb,فعل,8,1,2
مرده‌ایم,Verb,فعل,8,1,2
مرده‌بود,Verb,فعل,8,1,2
مرده‌بودم,Verb,فعل,9,1,2
مرده‌بودند,Verb,فعل,10,1,2
مرده‌بودی,Verb,فعل,9,1,2
مرده‌بودید,Verb,فعل,10,1,2
مرده‌بودیم,Verb,فعل,10,1,2
می‌آمد,Verb,فعل,6,1,2
می‌آورد,Verb,فعل,7,1,2
می‌آورم,Verb,فعل,7,1,2
می‌آورند,Verb,فعل,8,1,2
می‌آوری,Verb,فعل,7,1,2
می‌آورید,Verb,فعل,8,1,2
می‌آوریم,Verb,فعل,8,1,2
می‌آید,Verb,فعل,6,1,2
می‌آیند,Verb,فعل,7,1,2
می‌آیی,Verb,فعل,6,1,2
می‌آییم,Verb,فعل,7,1,2
می‌افتد,Verb,فعل,7,1,2
می‌افتم,Verb,فعل,7,1,2
می‌افتن,Verb,فعل,7,1,2
می‌افتند,Verb,فعل,8,1,2
می‌افته,Verb,فعل,7,1,2
می‌افتی,Verb,فعل,7,1,2
می‌افتید,Verb,فعل,8,1,2
می‌افتیم,Verb,فعل,8,1,2
می‌امد,Verb,فعل,6,1,2
می‌اورد,Verb,فعل,7,1,2
می‌اورم,Verb,فعل,7,1,2
می‌اورند,Verb,فعل,8,1,2
می‌اوری,Verb,فعل,7,1,2
می‌اوریم,Verb,فعل,8,1,2
می‌اید,Verb,فعل,6,1,2
می‌ایستد,Verb,فعل,8,1,2
می‌ایستم,Verb,فعل,8,1,2
می‌ایستند,Verb,فعل,9,1,2
می‌ایستی,Verb,فعل,8,1,2
می‌ایستید,Verb,فعل,9,1,2
می‌ایستیم,Verb,فعل,9,1,2
می‌ایند,Verb,فعل,7,1,2
می‌ایی,Verb,فعل,6,1,2
می‌اییم,Verb,فعل,7,1,2
می‌بازد,Verb,فعل,7,1,2
می‌بازم,Verb,فعل,7,1,2
می‌بازند,Verb,فعل,8,1,2
می‌بازی,Verb,فعل,7,1,2
می‌بازید,Verb,فعل,8,1,2
می‌بازیم,Verb,فعل,8,1,2
می‌برد,Verb,فعل,6,1,2
می‌برم,Verb,فعل,6,1,2
می‌برند,Verb,فعل,7,1,2
می‌بری,Verb,فعل,6,1,2
می‌برید,Verb,فعل,7,1,2
می‌بریم,Verb,فعل,7,1,2
می‌بندد,Verb,فعل,7,1,2
می‌بندم,Verb,فعل,7,1,2
می‌بندن,Verb,فعل,7,1,2
می‌بندند,Verb,فعل,8,1,2
می‌بنده,Verb,فعل,7,1,2
می‌بندی,Verb,فعل,7,1,2
می‌بندید,Verb,فعل,8,1,2
می‌بندیم,Verb,فعل,8,1,2
می‌بیند,Verb,فعل,7,1,2
می‌بینم,Verb,فعل,7,1,2
می‌بینند,Verb,فعل,8,1,2
می‌بینی,Verb,فعل,7,1,2
می‌بینید,Verb,فعل,8,1,2
می‌بینیم,Verb,فعل,8,1,2
می‌ترسد,Verb,فعل,7,1,2
می‌ترسم,Verb,فعل,7,1,2
می‌ترسند,Verb,فعل,8,1,2
می‌ترسه,Verb,فعل,7,1,2
می‌ترسی,Verb,فعل,7,1,2
می‌ترسید,Verb,فعل,8,1,2
می‌ترسیم,Verb,فعل,8,1,2
می‌تواند,Verb,فعل,8,1,2
می‌توانم,Verb,فعل,8,1,2
می‌توانند,Verb,فعل,9,1,2
می‌توانی,Verb,فعل,8,1,2
می‌توانید,Verb,فعل,9,1,2
می‌توانیم,Verb,فعل,9,1,2
می‌تونم,Verb,فعل,7,1,2
می‌تونن,Verb,فعل,7,1,2
می‌تونند,Verb,فعل,8,1,2
می‌تونه,Verb,فعل,7,1,2
می‌تونی,Verb,فعل,7,1,2
می‌تونید,Verb,فعل,8,1,2
می‌تونیم,Verb,فعل,8,1,2
می‌جنگد,Verb,فعل,7,1,2
می‌جنگم,Verb,فعل,7,1,2
می‌جنگن,Verb,فعل,7,1,2
می‌جنگند,Verb,فعل,8,1,2
می‌جنگه,Verb,فعل,7,1,2
می‌جنگی,Verb,فعل,7,1,2
می‌جنگید,Verb,فعل,8,1,2
می‌جنگیم,Verb,فعل,8,1,2
می‌خرد,Verb,فعل,6,1,2
می‌خرم,Verb,فعل,6,1,2
می‌خرن,Verb,فعل,6,1,2
می‌خرند,Verb,فعل,7,1,2
می‌خره,Verb,فعل,6,1,2
می‌خری,Verb,فعل,6,1,2
می‌خرید,Verb,فعل,7,1,2
می‌خریم,Verb,فعل,7,1,2
می‌خندد,Verb,فعل,7,1,2
می‌خندم,Verb,فعل,7,1,2
می‌خندند,Verb,فعل,8,1,2
می‌خندی,Verb,فعل,7,1,2
می‌خندید,Verb,فعل,8,1,2
می‌خندیم,Verb,فعل,8,1,2
می‌خوابد,Verb,فعل,8,1,2
می‌خوابم,Verb,فعل,8,1,2
می‌خوابند,Verb,فعل,9,1,2
می‌خوابی,Verb,فعل,8,1,2
می‌خوابید,Verb,فعل,9,1,2
می‌خوابیم,Verb,فعل,9,1,2
می‌خوام,Verb,فعل,7,1,2
می‌خوان,Verb,فعل,7,1,2
می‌خواند,Verb,فعل,8,1,2
می‌خوانم,Verb,فعل,8,1,2
می‌خوانند,Verb,فعل,9,1,2
می‌خوانی,Verb,فعل,8,1,2
می‌خوانید,Verb,فعل,9,1,2
می‌خوانیم,Verb,فعل,9,1,2
می‌خواهد,Verb,فعل,8,1,2
می‌خواهم,Verb,فعل,8,1,2
می‌خواهند,Verb,فعل,9,1,2
می‌خواهی,Verb,فعل,8,1,2
می‌خواهید,Verb,فعل,9,1,2
می‌خواهیم,Verb,فعل,9,1,2
می‌خوای,Verb,فعل,7,1,2
می‌خواید,Verb,فعل,8,1,2
می‌خوایم,Verb,فعل,8,1,2
می‌خواین,Verb,فعل,8,1,2
می‌خورد,Verb,فعل,7,1,2
می‌خورم,Verb,فعل,7,1,2
می‌خورند,Verb,فعل,8,1,2
می‌خوری,Verb,فعل,7,1,2
می‌خورید,Verb,فعل,8,1,2
می‌خوریم,Verb,فعل,8,1,2
می‌خوند,Verb,فعل,7,1,2
می‌خونم,Verb,فعل,7,1,2
می‌خونند,Verb,فعل,8,1,2
می‌خونی,Verb,فعل,7,1,2
می‌خونید,Verb,فعل,8,1,2
می‌خونیم,Verb,فعل,8,1,2
می‌داند,Verb,فعل,7,1,2
می‌دانم,Verb,فعل,7,1,2
می‌دانند,Verb,فعل,8,1,2
می‌دانی,Verb,فعل,7,1,2
می‌دانید,Verb,فعل,8,1,2
می‌دانیم,Verb,فعل,8,1,2
می‌دم,Verb,فعل,5,1,2
می‌دن,Verb,فعل,5,1,2
می‌ده,Verb,فعل,5,1,2
می‌دهد,Verb,فعل,6,1,2
می‌دهم,Verb,فعل,6,1,2
می‌دهند,Verb,فعل,7,1,2
می‌دهی,Verb,فعل,6,1,2
می‌دهید,Verb,فعل,7,1,2
می‌دهیم,Verb,فعل,7,1,2
می‌دود,Verb,فعل,6,1,2
می‌دوم,Verb,فعل,6,1,2
می‌دوند,Verb,فعل,7,1,2
می‌دونم,Verb,فعل,7,1,2
می‌دونند,Verb,فعل,8,1,2
می‌دونه,Verb,فعل,7,1,2
می‌دونی,Verb,فعل,7,1,2
می‌دونید,Verb,فعل,8,1,2
می‌دونیم,Verb,فعل,8,1,2
می‌دوی,Verb,فعل,6,1,2
می‌دویم,Verb,فعل,7,1,2
می‌دی,Verb,فعل,5,1,2
می‌دید,Verb,فعل,6,1,2
می‌دیم,Verb,فعل,6,1,2
می‌د‌وید,Verb,فعل,8,1,3
می‌ذارد,Verb,فعل,7,1,2
می‌ذارم,Verb,فعل,7,1,2
می‌ذارن,Verb,فعل,7,1,2
می‌ذارند,Verb,فعل,8,1,2
می‌ذاره,Verb,فعل,7,1,2
می‌ذاری,Verb,فعل,7,1,2
می‌ذارید,Verb,فعل,8,1,2
می‌ذاریم,Verb,فعل,8,1,2
می‌راند,Verb,فعل,7,1,2
می‌رانم,Verb,فعل,7,1,2
می‌رانند,Verb,فعل,8,1,2
می‌رانی,Verb,فعل,7,1,2
می‌رانید,Verb,فعل,8,1,2
می‌رانیم,Verb,فعل,8,1,2
می‌رسد,Verb,فعل,6,1,2
می‌رسم,Verb,فعل,6,1,2
می‌رسند,Verb,فعل,7,1,2
می‌رسی,Verb,فعل,6,1,2
می‌رسید,Verb,فعل,7,1,2
می‌رسیم,Verb,فعل,7,1,2
می‌رفت,Verb,فعل,6,1,2
می‌رفتم,Verb,فعل,7,1,2
می‌رفتند,Verb,فعل,8,1,2
می‌رفتی,Verb,فعل,7,1,2
می‌رفتید,Verb,فعل,8,1,2
می‌رفتیم,Verb,فعل,8,1,2
می‌رم,Verb,فعل,5,1,2
می‌رن,Verb,فعل,5,1,2
می‌ری,Verb,فعل,5,1,2
می‌رید,Verb,فعل,6,1,2
می‌ریم,Verb,فعل,6,1,2
می‌سازد,Verb,فعل,7,1,2
می‌سازم,Verb,فعل,7,1,2
می‌سازند,Verb,فعل,8,1,2
می‌سازی,Verb,فعل,7,1,2
می‌سازید,Verb,فعل,8,1,2
می‌سازیم,Verb,فعل,8,1,2
می‌سوزد,Verb,فعل,7,1,2
می‌سوزم,Verb,فعل,7,1,2
می‌سوزن,Verb,فعل,7,1,2
می‌سوزند,Verb,فعل,8,1,2
می‌سوزه,Verb,فعل,7,1,2
می‌سوزی,Verb,فعل,7,1,2
می‌سوزید,Verb,فعل,8,1,2
می‌سوزیم,Verb,فعل,8,1,2
می‌شناسد,Verb,فعل,8,1,2
می‌شناسم,Verb,فعل,8,1,2
می‌شناسند,Verb,فعل,9,1,2
می‌شناسی,Verb,فعل,8,1,2
می‌شناسید,Verb,فعل,9,1,2
می‌شناسیم,Verb,فعل,9,1,2
می‌شنود,Verb,فعل,7,1,2
می‌شنوم,Verb,فعل,7,1,2
می‌شنوند,Verb,فعل,8,1,2
می‌شنوی,Verb,فعل,7,1,2
می‌شنوید,Verb,فعل,8,1,2
می‌شود,Verb,فعل,6,1,2
می‌شورد,Verb,فعل,7,1,2
می‌شورم,Verb,فعل,7,1,2
می‌شورن,Verb,فعل,7,1,2
می‌شورند,Verb,فعل,8,1,2
می‌شوره,Verb,فعل,7,1,2
می‌شوری,Verb,فعل,7,1,2
می‌شورید,Verb,فعل,8,1,2
می‌شوریم,Verb,فعل,8,1,2
می‌شوم,Verb,فعل,6,1,2
می‌شوند,Verb,فعل,7,1,2
می‌شونیم,Verb,فعل,8,1,2
می‌شوی,Verb,فعل,6,1,2
می‌شوید,Verb,فعل,7,1,2
می‌شویم,Verb,فعل,7,1,2
می‌شویند,Verb,فعل,8,1,2
می‌شویی,Verb,فعل,7,1,2
می‌شویید,Verb,فعل,8,1,2
می‌شوییم,Verb,فعل,8,1,2
می‌شیند,Verb,فعل,7,1,2
می‌شینم,Verb,فعل,7,1,2
می‌شینند,Verb,فعل,8,1,2
می‌شینی,Verb,فعل,7,1,2
می‌شینید,Verb,فعل,8,1,2
می‌شینیم,Verb,فعل,8,1,2
می‌فروشد,Verb,فعل,8,1,2
می‌فروشم,Verb,فعل,8,1,2
می‌فروشن,Verb,فعل,8,1,2
می‌فروشند,Verb,فعل,9,1,2
می‌فروشه,Verb,فعل,8,1,2
می‌فروشی,Verb,فعل,8,1,2
می‌فروشید,Verb,فعل,9,1,2
می‌فروشیم,Verb,فعل,9,1,2
می‌فهمد,Verb,فعل,7,1,2
می‌فهمم,Verb,فعل,7,1,2
می‌فهمند,Verb,فعل,8,1,2
می‌فهمی,Verb,فعل,7,1,2
می‌فهمید,Verb,فعل,8,1,2
می‌فهمیم,Verb,فعل,8,1,2
می‌لرزد,Verb,فعل,7,1,2
می‌لرزم,Verb,فعل,7,1,2
می‌لرزن,Verb,فعل,7,1,2
می‌لرزند,Verb,فعل,8,1,2
می‌لرزه,Verb,فعل,7,1,2
می‌لرزی,Verb,فعل,7,1,2
می‌لرزید,Verb,فعل,8,1,2
می‌لرزیم,Verb,فعل,8,1,2
می‌ماند,Verb,فعل,7,1,2
می‌مانم,Verb,فعل,7,1,2
می‌مانند,Verb,فعل,8,1,2
می‌مانی,Verb,فعل,7,1,2
می‌مانید,Verb,فعل,8,1,2
می‌مانیم,Verb,فعل,8,1,2
می‌میرد,Verb,فعل,7,1,2
می‌میرم,Verb,فعل,7,1,2
می‌میرن,Verb,فعل,7,1,2
می‌میرند,Verb,فعل,8,1,2
می‌میره,Verb,فعل,7,1,2
می‌میری,Verb,فعل,7,1,2
می‌میرید,Verb,فعل,8,1,2
می‌میریم,Verb,فعل,8,1,2
می‌نشیند,Verb,فعل,8,1,2
می‌نشینم,Verb,فعل,8,1,2
می‌نشینند,Verb,فعل,9,1,2
می‌نشینی,Verb,فعل,8,1,2
می‌نشینید,Verb,فعل,9,1,2
می‌نشینیم,Verb,فعل,9,1,2
می‌نوشد,Verb,فعل,7,1,2
می‌نوشم,Verb,فعل,7,1,2
می‌نوشند,Verb,فعل,8,1,2
می‌نوشی,Verb,فعل,7,1,2
می‌نوشید,Verb,فعل,8,1,2
می‌نوشیم,Verb,فعل,8,1,2
می‌نویسد,Verb,فعل,8,1,2
می‌نویسم,Verb,فعل,8,1,2
می‌نویسند,Verb,فعل,9,1,2
می‌نویسی,Verb,فعل,8,1,2
می‌نویسید,Verb,فعل,9,1,2
می‌نویسیم,Verb,فعل,9,1,2
می‌پرد,Verb,فعل,6,1,2
می‌پرسد,Verb,فعل,7,1,2
می‌پرسم,Verb,فعل,7,1,2
می‌پرسن,Verb,فعل,7,1,2
می‌پرسند,Verb,فعل,8,1,2
می‌پرسه,Verb,فعل,7,1,2
می‌پرسی,Verb,فعل,7,1,2
می‌پرسید,Verb,فعل,8,1,2
می‌پرسیم,Verb,فعل,8,1,2
می‌پرم,Verb,فعل,6,1,2
می‌پرن,Verb,فعل,6,1,2
می‌پرند,Verb,فعل,7,1,2
می‌پره,Verb,فعل,6,1,2
می‌پری,Verb,فعل,6,1,2
می‌پرید,Verb,فعل,7,1,2
می‌پریم,Verb,فعل,7,1,2
می‌پزد,Verb,فعل,6,1,2
می‌پزم,Verb,فعل,6,1,2
می‌پزن,Verb,فعل,6,1,2
می‌پزند,Verb,فعل,7,1,2
می‌پزه,Verb,فعل,6,1,2
می‌پزی,Verb,فعل,6,1,2
می‌پزید,Verb,فعل,7,1,2
می‌پزیم,Verb,فعل,7,1,2
می‌پوشد,Verb,فعل,7,1,2
می‌پوشم,Verb,فعل,7,1,2
می‌پوشند,Verb,فعل,8,1,2
می‌پوشی,Verb,فعل,7,1,2
می‌پوشید,Verb,فعل,8,1,2
می‌پوشیم,Verb,فعل,8,1,2
می‌چرخد,Verb,فعل,7,1,2
می‌چرخم,Verb,فعل,7,1,2
می‌چرخن,Verb,فعل,7,1,2
می‌چرخند,Verb,فعل,8,1,2
می‌چرخه,Verb,فعل,7,1,2
می‌چرخی,Verb,فعل,7,1,2
می‌چرخید,Verb,فعل,8,1,2
می‌چرخیم,Verb,فعل,8,1,2
می‌کشد,Verb,فعل,6,1,2
می‌کشم,Verb,فعل,6,1,2
می‌کشند,Verb,فعل,7,1,2
می‌کشی,Verb,فعل,6,1,2
می‌کشید,Verb,فعل,7,1,2
می‌کشیم,Verb,فعل,7,1,2
می‌کند,Verb,فعل,6,1,2
می‌کنم,Verb,فعل,6,1,2
می‌کنند,Verb,فعل,7,1,2
می‌کنی,Verb,فعل,6,1,2
می‌کنید,Verb,فعل,7,1,2
می‌کنیم,Verb,فعل,7,1,2
می‌گاد,Verb,فعل,6,1,2
می‌گام,Verb,فعل,6,1,2
می‌گان,Verb,فعل,6,1,2
می‌گایی,Verb,فعل,7,1,2
می‌گایید,Verb,فعل,8,1,2
می‌گاییم,Verb,فعل,8,1,2
می‌گذارد,Verb,فعل,8,1,2
می‌گذارم,Verb,فعل,8,1,2
می‌گذارند,Verb,فعل,9,1,2
می‌گذاری,Verb,فعل,8,1,2
می‌گذارید,Verb,فعل,9,1,2
می‌گذاریم,Verb,فعل,9,1,2
می‌گفت,Verb,فعل,6,1,2
می‌گفتم,Verb,فعل,7,1,2
می‌گفتند,Verb,فعل,8,1,2
می‌گفتی,Verb,فعل,7,1,2
می‌گفتید,Verb,فعل,8,1,2
می‌گفتیم,Verb,فعل,8,1,2
می‌گم,Verb,فعل,5,1,2
می‌گن,Verb,فعل,5,1,2
می‌گه,Verb,فعل,5,1,2
می‌گی,Verb,فعل,5,1,2
می‌گید,Verb,فعل,6,1,2
می‌گیرد,Verb,فعل,7,1,2
می‌گیرم,Verb,فعل,7,1,2
می‌گیرن,Verb,فعل,7,1,2
می‌گیرند,Verb,فعل,8,1,2
می‌گیره,Verb,فعل,7,1,2
می‌گیری,Verb,فعل,7,1,2
می‌گیرید,Verb,فعل,8,1,2
می‌گیریم,Verb,فعل,8,1,2
می‌گیم,Verb,فعل,6,1,2
نآمده‌است,Verb,فعل,9,1,2
نآمده‌ام,Verb,فعل,8,1,2
نآمده‌اند,Verb,فعل,9,1,2
نآمده‌ای,Verb,فعل,8,1,2
نآمده‌اید,Verb,فعل,9,1,2
نآمده‌ایم,Verb,فعل,9,1,2
نآمده‌بود,Verb,فعل,9,1,2
نآمده‌بودم,Verb,فعل,10,1,2
نآمده‌بودند,Verb,فعل,11,1,2
نآمده‌بودی,Verb,فعل,10,1,2
نآمده‌بودید,Verb,فعل,11,1,2
نآمده‌بودیم,Verb,فعل,11,1,2
نآورده‌است,Verb,فعل,10,1,2
نآورده‌ام,Verb,فعل,9,1,2
نآورده‌اند,Verb,فعل,10,1,2
نآورده‌ای,Verb,فعل,9,1,2
نآورده‌اید,Verb,فعل,10,1,2
نآورده‌ایم,Verb,فعل,10,1,2
نآورده‌بود,Verb,فعل,10,1,2
نآورده‌بودم,Verb,فعل,11,1,2
نآورده‌بودند,Verb,فعل,12,1,2
نآورده‌بودی,Verb,فعل,11,1,2
نآورده‌بودید,Verb,فعل,12,1,2
نآورده‌بودیم,Verb,فعل,12,1,2
نبرده‌است,Verb,فعل,9,1,2
نبرده‌ام,Verb,فعل,8,1,2
نبرده‌اند,Verb,فعل,9,1,2
نبرده‌ای,Verb,فعل,8,1,2
نبرده‌اید,Verb,فعل,9,1,2
نبرده‌ایم,Verb,فعل,9,1,2
نبرده‌بود,Verb,فعل,9,1,2
نبرده‌بودم,Verb,فعل,10,1,2
نبرده‌بودند,Verb,فعل,11,1,2
نبرده‌بودی,Verb,فعل,10,1,2
نبرده‌بودید,Verb,فعل,11,1,2
نبرده‌بودیم,Verb,فعل,11,1,2
نبسته‌است,Verb,فعل,9,1,2
نبسته‌ام,Verb,فعل,8,1,2
نبسته‌اند,Verb,فعل,9,1,2
نبسته‌ای,Verb,فعل,8,1,2
نبسته‌اید,Verb,فعل,9,1,2
نبسته‌ایم,Verb,فعل,9,1,2
نبسته‌بود,Verb,فعل,9,1,2
نبسته‌بودم,Verb,فعل,10,1,2
نبسته‌بودند,Verb,فعل,11,1,2
نبسته‌بودی,Verb,فعل,10,1,2
نبسته‌بودید,Verb,فعل,11,1,2
نبسته‌بودیم,Verb,فعل,11,1,2
نتوانسته‌است,Verb,فعل,12,1,2
نتوانسته‌ام,Verb,فعل,11,1,2
نتوانسته‌اند,Verb,فعل,12,1,2
نتوانسته‌ای,Verb,فعل,11,1,2
نتوانسته‌اید,Verb,فعل,12,1,2
نتوانسته‌ایم,Verb,فعل,12,1,2
نتوانسته‌بود,Verb,فعل,12,1,2
نتوانسته‌بودم,Verb,فعل,13,1,2
نتوانسته‌بودند,Verb,فعل,14,1,2
نتوانسته‌بودی,Verb,فعل,13,1,2
نتوانسته‌بودید,Verb,فعل,14,1,2
نتوانسته‌بودیم,Verb,فعل,14,1,2
نخریده‌است,Verb,فعل,10,1,2
نخریده‌ام,Verb,فعل,9,1,2
نخریده‌اند,Verb,فعل,10,1,2
نخریده‌ای,Verb,فعل,9,1,2
نخریده‌اید,Verb,فعل,10,1,2
نخریده‌ایم,Verb,فعل,10,1,2
نخریده‌بود,Verb,فعل,10,1,2
نخریده‌بودم,Verb,فعل,11,1,2
نخریده‌بودند,Verb,فعل,12,1,2
نخریده‌بودی,Verb,فعل,11,1,2
نخریده‌بودید,Verb,فعل,12,1,2
نخریده‌بودیم,Verb,فعل,12,1,2
نخوابیده‌است,Verb,فعل,12,1,2
نخوابیده‌ام,Verb,فعل,11,1,2
نخوابیده‌اند,Verb,فعل,12,1,2
نخوابیده‌ای,Verb,فعل,11,1,2
نخوابیده‌اید,Verb,فعل,12,1,2
نخوابیده‌ایم,Verb,فعل,12,1,2
نخوابیده‌بود,Verb,فعل,12,1,2
نخوابیده‌بودم,Verb,فعل,13,1,2
نخوابیده‌بودند,Verb,فعل,14,1,2
نخوابیده‌بودی,Verb,فعل,13,1,2
نخوابیده‌بودید,Verb,فعل,14,1,2
نخوابیده‌بودیم,Verb,فعل,14,1,2
نخواسته‌است,Verb,فعل,11,1,2
نخواسته‌ام,Verb,فعل,10,1,2
نخواسته‌اند,Verb,فعل,11,1,2
نخواسته‌ای,Verb,فعل,10,1,2
نخواسته‌اید,Verb,فعل,11,1,2
نخواسته‌ایم,Verb,فعل,11,1,2
نخواسته‌بود,Verb,فعل,11,1,2
نخواسته‌بودم,Verb,فعل,12,1,2
نخواسته‌بودند,Verb,فعل,13,1,2
نخواسته‌بودی,Verb,فعل,12,1,2
نخواسته‌بودید,Verb,فعل,13,1,2
نخواسته‌بودیم,Verb,فعل,13,1,2
نخوانده‌است,Verb,فعل,11,1,2
نخوانده‌ام,Verb,فعل,10,1,2
نخوانده‌اند,Verb,فعل,11,1,2
نخوانده‌ای,Verb,فعل,10,1,2
نخوانده‌اید,Verb,فعل,11,1,2
نخوانده‌ایم,Verb,فعل,11,1,2
نخوانده‌بود,Verb,فعل,11,1,2
نخوانده‌بودم,Verb,فعل,12,1,2
نخوانده‌بودند,Verb,فعل,13,1,2
نخوانده‌بودی,Verb,فعل,12,1,2
نخوانده‌بودید,Verb,فعل,13,1,2
نخوانده‌بودیم,Verb,فعل,13,1,2
نخورده‌است,Verb,فعل,10,1,2
نخورده‌ام,Verb,فعل,9,1,2
نخورده‌اند,Verb,فعل,10,1,2
نخورده‌ای,Verb,فعل,9,1,2
نخورده‌اید,Verb,فعل,10,1,2
نخورده‌ایم,Verb,فعل,10,1,2
نخورده‌بود,Verb,فعل,10,1,2
نخورده‌بودم,Verb,فعل,11,1,2
نخورده‌بودند,Verb,فعل,12,1,2
نخورده‌بودی,Verb,فعل,11,1,2
نخورده‌بودید,Verb,فعل,12,1,2
نخورده‌بودیم,Verb,فعل,12,1,2
نداده‌است,Verb,فعل,9,1,2
نداده‌ام,Verb,فعل,8,1,2
نداده‌اند,Verb,فعل,9,1,2
نداده‌ای,Verb,فعل,8,1,2
نداده‌اید,Verb,فعل,9,1,2
نداده‌ایم,Verb,فعل,9,1,2
نداده‌بود,Verb,فعل,9,1,2
نداده‌بودم,Verb,فعل,10,1,2
نداده‌بودند,Verb,فعل,11,1,2
نداده‌بودی,Verb,فعل,10,1,2
نداده‌بودید,Verb,فعل,11,1,2
نداده‌بودیم,Verb,فعل,11,1,2
ندانسته‌است,Verb,فعل,11,1,2
ندانسته‌ام,Verb,فعل,10,1,2
ندانسته‌اند,Verb,فعل,11,1,2
ندانسته‌ای,Verb,فعل,10,1,2
ندانسته‌اید,Verb,فعل,11,1,2
ندانسته‌ایم,Verb,فعل,11,1,2
ندانسته‌بود,Verb,فعل,11,1,2
ندانسته‌بودم,Verb,فعل,12,1,2
ندانسته‌بودند,Verb,فعل,13,1,2
ندانسته‌بودی,Verb,فعل,12,1,2
ندانسته‌بودید,Verb,فعل,13,1,2
ندانسته‌بودیم,Verb,فعل,13,1,2
ندیده‌است,Verb,فعل,9,1,2
ندیده‌ام,Verb,فعل,8,1,2
ندیده‌اند,Verb,فعل,9,1,2
ندیده‌ای,Verb,فعل,8,1,2
ندیده‌اید,Verb,فعل,9,1,2
ندیده‌ایم,Verb,فعل,9,1,2
ندیده‌بود,Verb,فعل,9,1,2
ندیده‌بودم,Verb,فعل,10,1,2
ندیده‌بودند,Verb,فعل,11,1,2
ندیده‌بودی,Verb,فعل,10,1,2
ندیده‌بودید,Verb,فعل,11,1,2
ندیده‌بودیم,Verb,فعل,11,1,2
نرسیده‌است,Verb,فعل,10,1,2
نرسیده‌ام,Verb,فعل,9,1,2
نرسیده‌اند,Verb,فعل,10,1,2
نرسیده‌ای,Verb,فعل,9,1,2
نرسیده‌اید,Verb,فعل,10,1,2
نرسیده‌ایم,Verb,فعل,10,1,2
نرسیده‌بود,Verb,فعل,10,1,2
نرسیده‌بودم,Verb,فعل,11,1,2
نرسیده‌بودند,Verb,فعل,12,1,2
نرسیده‌بودی,Verb,فعل,11,1,2
نرسیده‌بودید,Verb,فعل,12,1,2
نرسیده‌بودیم,Verb,فعل,12,1,2
نرفته‌است,Verb,فعل,9,1,2
نرفته‌ام,Verb,فعل,8,1,2
نرفته‌اند,Verb,فعل,9,1,2
نرفته‌ای,Verb,فعل,8,1,2
نرفته‌اید,Verb,فعل,9,1,2
نرفته‌ایم,Verb,فعل,9,1,2
نرفته‌بود,Verb,فعل,9,1,2
نرفته‌بودم,Verb,فعل,10,1,2
نرفته‌بودند,Verb,فعل,11,1,2
نرفته‌بودی,Verb,فعل,10,1,2
نرفته‌بودید,Verb,فعل,11,1,2
نرفته‌بودیم,Verb,فعل,11,1,2
نساخته‌است,Verb,فعل,10,1,2
نساخته‌ام,Verb,فعل,9,1,2
نساخته‌اند,Verb,فعل,10,1,2
نساخته‌ای,Verb,فعل,9,1,2
نساخته‌اید,Verb,فعل,10,1,2
نساخته‌ایم,Verb,فعل,10,1,2
نساخته‌بود,Verb,فعل,10,1,2
نساخته‌بودم,Verb,فعل,11,1,2
نساخته‌بودند,Verb,فعل,12,1,2
نساخته‌بودی,Verb,فعل,11,1,2
نساخته‌بودید,Verb,فعل,12,1,2
نساخته‌بودیم,Verb,فعل,12,1,2
نسوخته‌است,Verb,فعل,10,1,2
نسوخته‌ام,Verb,فعل,9,1,2
نسوخته‌اند,Verb,فعل,10,1,2
نسوخته‌ای,Verb,فعل,9,1,2
نسوخته‌اید,Verb,فعل,10,1,2
نسوخته‌ایم,Verb,فعل,10,1,2
نسوخته‌بود,Verb,فعل,10,1,2
نسوخته‌بودم,Verb,فعل,11,1,2
نسوخته‌بودند,Verb,فعل,12,1,2
نسوخته‌بودی,Verb,فعل,11,1,2
نسوخته‌بودید,Verb,فعل,12,1,2
نسوخته‌بودیم,Verb,فعل,12,1,2
نشسته‌است,Verb,فعل,9,1,2
نشسته‌ام,Verb,فعل,8,1,2
نشسته‌اند,Verb,فعل,9,1,2
نشسته‌ای,Verb,فعل,8,1,2
نشسته‌اید,Verb,فعل,9,1,2
نشسته‌ایم,Verb,فعل,9,1,2
نشسته‌بود,Verb,فعل,9,1,2
نشسته‌بودم,Verb,فعل,10,1,2
نشسته‌بودند,Verb,فعل,11,1,2
نشسته‌بودی,Verb,فعل,10,1,2
نشسته‌بودید,Verb,فعل,11,1,2
نشسته‌بودیم,Verb,فعل,11,1,2
نشنیده‌است,Verb,فعل,10,1,2
نشنیده‌ام,Verb,فعل,9,1,2
نشنیده‌اند,Verb,فعل,10,1,2
نشنیده‌ای,Verb,فعل,9,1,2
نشنیده‌اید,Verb,فعل,10,1,2
نشنیده‌ایم,Verb,فعل,10,1,2
نشنیده‌بود,Verb,فعل,10,1,2
نشنیده‌بودم,Verb,فعل,11,1,2
نشنیده‌بودند,Verb,فعل,12,1,2
نشنیده‌بودی,Verb,فعل,11,1,2
نشنیده‌بودید,Verb,فعل,12,1,2
نشنیده‌بودیم,Verb,فعل,12,1,2
نفروخته‌است,Verb,فعل,11,1,2
نفروخته‌ام,Verb,فعل,10,1,2
نفروخته‌اند,Verb,فعل,11,1,2
نفروخته‌ای,Verb,فعل,10,1,2
نفروخته‌اید,Verb,فعل,11,1,2
نفروخته‌ایم,Verb,فعل,11,1,2
نفروخته‌بود,Verb,فعل,11,1,2
نفروخته‌بودم,Verb,فعل,12,1,2
نفروخته‌بودند,Verb,فعل,13,1,2
نفروخته‌بودی,Verb,فعل,12,1,2
نفروخته‌بودید,Verb,فعل,13,1,2
نفروخته‌بودیم,Verb,فعل,13,1,2
نفهمیده‌است,Verb,فعل,11,1,2
نفهمیده‌ام,Verb,فعل,10,1,2
نفهمیده‌اند,Verb,فعل,11,1,2
نفهمیده‌ای,Verb,فعل,10,1,2
نفهمیده‌اید,Verb,فعل,11,1,2
نفهمیده‌ایم,Verb,فعل,11,1,2
نفهمیده‌بود,Verb,فعل,11,1,2
نفهمیده‌بودم,Verb,فعل,12,1,2
نفهمیده‌بودند,Verb,فعل,13,1,2
نفهمیده‌بودی,Verb,فعل,12,1,2
نفهمیده‌بودید,Verb,فعل,13,1,2
نفهمیده‌بودیم,Verb,فعل,13,1,2
نمانده‌است,Verb,فعل,10,1,2
نمانده‌ام,Verb,فعل,9,1,2
نمانده‌اند,Verb,فعل,10,1,2
نمانده‌ای,Verb,فعل,9,1,2
نمانده‌اید,Verb,فعل,10,1,2
نمانده‌ایم,Verb,فعل,10,1,2
نمانده‌بود,Verb,فعل,10,1,2
نمانده‌بودم,Verb,فعل,11,1,2
نمانده‌بودند,Verb,فعل,12,1,2
نمانده‌بودی,Verb,فعل,11,1,2
نمانده‌بودید,Verb,فعل,12,1,2
نمانده‌بودیم,Verb,فعل,12,1,2
نمرده‌است,Verb,فعل,9,1,2
نمرده‌ام,Verb,فعل,8,1,2
نمرده‌اند,Verb,فعل,9,1,2
نمرده‌ای,Verb,فعل,8,1,2
نمرده‌اید,Verb,فعل,9,1,2
نمرده‌ایم,Verb,فعل,9,1,2
نمرده‌بود,Verb,فعل,9,1,2
نمرده‌بودم,Verb,فعل,10,1,2
نمرده‌بودند,Verb,فعل,11,1,2
نمرده‌بودی,Verb,فعل,10,1,2
نمرده‌بودید,Verb,فعل,11,1,2
نمرده‌بودیم,Verb,فعل,11,1,2
ننشسته‌است,Verb,فعل,10,1,2
ننشسته‌ام,Verb,فعل,9,1,2
ننشسته‌اند,Verb,فعل,10,1,2
ننشسته‌ای,Verb,فعل,9,1,2
ننشسته‌اید,Verb,فعل,10,1,2
ننشسته‌ایم,Verb,فعل,10,1,2
ننشسته‌بود,Verb,فعل,10,1,2
ننشسته‌بودم,Verb,فعل,11,1,2
ننشسته‌بودند,Verb,فعل,12,1,2
ننشسته‌بودی,Verb,فعل,11,1,2
ننشسته‌بودید,Verb,فعل,12,1,2
ننشسته‌بودیم,Verb,فعل,12,1,2
ننوشته‌است,Verb,فعل,10,1,2
ننوشته‌ام,Verb,فعل,9,1,2
ننوشته‌اند,Verb,فعل,10,1,2
ننوشته‌ای,Verb,فعل,9,1,2
ننوشته‌اید,Verb,فعل,10,1,2
ننوشته‌ایم,Verb,فعل,10,1,2
ننوشته‌بود,Verb,فعل,10,1,2
ننوشته‌بودم,Verb,فعل,11,1,2
ننوشته‌بودند,Verb,فعل,12,1,2
ننوشته‌بودی,Verb,فعل,11,1,2
ننوشته‌بودید,Verb,فعل,12,1,2
ننوشته‌بودیم,Verb,فعل,12,1,2
نوشته‌است,Verb,فعل,9,1,2
نوشته‌ام,Verb,فعل,8,1,2
نوشته‌اند,Verb,فعل,9,1,2
نوشته‌ای,Verb,فعل,8,1,2
نوشته‌اید,Verb,فعل,9,1,2
نوشته‌ایم,Verb,فعل,9,1,2
نوشته‌بود,Verb,فعل,9,1,2
نوشته‌بودم,Verb,فعل,10,1,2
نوشته‌بودند,Verb,فعل,11,1,2
نوشته‌بودی,Verb,فعل,10,1,2
نوشته‌بودید,Verb,فعل,11,1,2
نوشته‌بودیم,Verb,فعل,11,1,2
نپرسیده‌است,Verb,فعل,11,1,2
نپرسیده‌ام,Verb,فعل,10,1,2
نپرسیده‌اند,Verb,فعل,11,1,2
نپرسیده‌ای,Verb,فعل,10,1,2
نپرسیده‌اید,Verb,فعل,11,1,2
نپرسیده‌ایم,Verb,فعل,11,1,2
نپرسیده‌بود,Verb,فعل,11,1,2
نپرسیده‌بودم,Verb,فعل,12,1,2
نپرسیده‌بودند,Verb,فعل,13,1,2
نپرسیده‌بودی,Verb,فعل,12,1,2
نپرسیده‌بودید,Verb,فعل,13,1,2
نپرسیده‌بودیم,Verb,فعل,13,1,2
نپوشیده‌است,Verb,فعل,11,1,2
نپوشیده‌ام,Verb,فعل,10,1,2
نپوشیده‌اند,Verb,فعل,11,1,2
نپوشیده‌ای,Verb,فعل,10,1,2
نپوشیده‌اید,Verb,فعل,11,1,2
نپوشیده‌ایم,Verb,فعل,11,1,2
نپوشیده‌بود,Verb,فعل,11,1,2
نپوشیده‌بودم,Verb,فعل,12,1,2
نپوشیده‌بودند,Verb,فعل,13,1,2
نپوشیده‌بودی,Verb,فعل,12,1,2
نپوشیده‌بودید,Verb,فعل,13,1,2
نپوشیده‌بودیم,Verb,فعل,13,1,2
نگذاشته‌است,Verb,فعل,11,1,2
نگذاشته‌ام,Verb,فعل,10,1,2
نگذاشته‌اند,Verb,فعل,11,1,2
نگذاشته‌ای,Verb,فعل,10,1,2
نگذاشته‌اید,Verb,فعل,11,1,2
نگذاشته‌ایم,Verb,فعل,11,1,2
نگذاشته‌بود,Verb,فعل,11,1,2
نگذاشته‌بودم,Verb,فعل,12,1,2
نگذاشته‌بودند,Verb,فعل,13,1,2
نگذاشته‌بودی,Verb,فعل,12,1,2
نگذاشته‌بودید,Verb,فعل,13,1,2
نگذاشته‌بودیم,Verb,فعل,13,1,2
نگرفته‌است,Verb,فعل,10,1,2
نگرفته‌ام,Verb,فعل,9,1,2
نگرفته‌اند,Verb,فعل,10,1,2
نگرفته‌ای,Verb,فعل,9,1,2
نگرفته‌اید,Verb,فعل,10,1,2
نگرفته‌ایم,Verb,فعل,10,1,2
نگرفته‌بود,Verb,فعل,10,1,2
نگرفته‌بودم,Verb,فعل,11,1,2
نگرفته‌بودند,Verb,فعل,12,1,2
نگرفته‌بودی,Verb,فعل,11,1,2
نگرفته‌بودید,Verb,فعل,12,1,2
نگرفته‌بودیم,Verb,فعل,12,1,2
نگفته‌است,Verb,فعل,9,1,2
نگفته‌ام,Verb,فعل,8,1,2
نگفته‌اند,Verb,فعل,9,1,2
نگفته‌ای,Verb,فعل,8,1,2
نگفته‌اید,Verb,فعل,9,1,2
نگفته‌ایم,Verb,فعل,9,1,2
نگفته‌بود,Verb,فعل,9,1,2
نگفته‌بودم,Verb,فعل,10,1,2
نگفته‌بودند,Verb,فعل,11,1,2
نگفته‌بودی,Verb,فعل,10,1,2
نگفته‌بودید,Verb,فعل,11,1,2
نگفته‌بودیم,Verb,فعل,11,1,2
پرسیده‌است,Verb,فعل,10,1,2
پرسیده‌ام,Verb,فعل,9,1,2
پرسیده‌اند,Verb,فعل,10,1,2
پرسیده‌ای,Verb,فعل,9,1,2
پرسیده‌اید,Verb,فعل,10,1,2
پرسیده‌ایم,Verb,فعل,10,1,2
پرسیده‌بود,Verb,فعل,10,1,2
پرسیده‌بودم,Verb,فعل,11,1,2
پرسیده‌بودند,Verb,فعل,12,1,2
پرسیده‌بودی,Verb,فعل,11,1,2
پرسیده‌بودید,Verb,فعل,12,1,2
پرسیده‌بودیم,Verb,فعل,12,1,2
پوشیده‌است,Verb,فعل,10,1,2
پوشیده‌ام,Verb,فعل,9,1,2
پوشیده‌اند,Verb,فعل,10,1,2
پوشیده‌ای,Verb,فعل,9,1,2
پوشیده‌اید,Verb,فعل,10,1,2
پوشیده‌ایم,Verb,فعل,10,1,2
پوشیده‌بود,Verb,فعل,10,1,2
پوشیده‌بودم,Verb,فعل,11,1,2
پوشیده‌بودند,Verb,فعل,12,1,2
پوشیده‌بودی,Verb,فعل,11,1,2
پوشیده‌بودید,Verb,فعل,12,1,2
پوشیده‌بودیم,Verb,فعل,12,1,2
گذاشته‌است,Verb,فعل,10,1,2
گذاشته‌ام,Verb,فعل,9,1,2
گذاشته‌اند,Verb,فعل,10,1,2
گذاشته‌ای,Verb,فعل,9,1,2
گذاشته‌اید,Verb,فعل,10,1,2
گذاشته‌ایم,Verb,فعل,10,1,2
گذاشته‌بود,Verb,فعل,10,1,2
گذاشته‌بودم,Verb,فعل,11,1,2
گذاشته‌بودند,Verb,فعل,12,1,2
گذاشته‌بودی,Verb,فعل,11,1,2
گذاشته‌بودید,Verb,فعل,12,1,2
گذاشته‌بودیم,Verb,فعل,12,1,2
گرفته‌است,Verb,فعل,9,1,2
گرفته‌ام,Verb,فعل,8,1,2
گرفته‌اند,Verb,فعل,9,1,2
گرفته‌ای,Verb,فعل,8,1,2
گرفته‌اید,Verb,فعل,9,1,2
گرفته‌ایم,Verb,فعل,9,1,2
گرفته‌بود,Verb,فعل,9,1,2
گرفته‌بودم,Verb,فعل,10,1,2
گرفته‌بودند,Verb,فعل,11,1,2
گرفته‌بودی,Verb,فعل,10,1,2
گرفته‌بودید,Verb,فعل,11,1,2
گرفته‌بودیم,Verb,فعل,11,1,2
گفته‌است,Verb,فعل,8,1,2
گفته‌ام,Verb,فعل,7,1,2
گفته‌اند,Verb,فعل,8,1,2
گفته‌ای,Verb,فعل,7,1,2
گفته‌اید,Verb,فعل,8,1,2
گفته‌ایم,Verb,فعل,8,1,2
گفته‌بود,Verb,فعل,8,1,2
گفته‌بودم,Verb,فعل,9,1,2
گفته‌بودند,Verb,فعل,10,1,2
گفته‌بودی,Verb,فعل,9,1,2
گفته‌بودید,Verb,فعل,10,1,2
گفته‌بودیم,Verb,فعل,10,1,2
